step,t_hours,phase,isDay,sunDirX,sunDirY,sunDirZ,sunElevDeg,sunAzimDeg,moonDirX,moonDirY,moonDirZ,moonElevDeg,moonAzimDeg,sunCacheX,sunCacheY,sunCacheZ,moonCacheX,moonCacheY,moonCacheZ,sunLocX,sunLocY,sunLocZ,moonLocX,moonLocY,moonLocZ,sunDrawScale,moonDrawScale,sunScale,moonScale,sunModA,sunModB,sunModC,moonModA,moonModB,moonModC,moonR,moonG,moonB,moonHex,slopeSunAngle,azimuth,dramaticDiffuse
0,0.000000,3,0,1.000000,0.000000,0.000000,0.000,0.000,-1.000000,-0.000000,-0.000000,-0.000,-180.000,1.000000,0.000000,0.000000,-1.000000,-0.000000,-0.000000,-121.797,264339.156,24439.020,473.203,264339.156,24439.020,16.000000,4.500000,0.000000,4.500000,1.570796,3.141593,0.000000,-1.570796,3.141593,0.000000,255,180,151,#FFB497,30.000000,180.000000,0.000000
1,0.083624,3,0,0.999042,-0.021881,0.037910,2.173,-1.255,-0.999048,0.021805,-0.037778,-2.165,178.750,0.999894,-0.007270,0.012597,-0.999048,0.021805,-0.037778,-25.279,264437.875,24531.623,569.450,264430.000,24545.287,16.000000,4.458333,0.000000,4.458188,1.585392,3.141593,0.000000,-1.527011,3.141593,0.000000,255,177,145,#FFB191,30.000000,180.000000,0.000000
2,0.167247,3,0,0.996168,-0.043720,0.075747,4.344,-2.513,-0.996195,0.043568,-0.075485,-4.329,177.496,0.999577,-0.014539,0.025190,-0.996195,0.043568,-0.075485,-25.168,264440.438,24527.215,568.751,264424.656,24554.525,16.000000,4.416667,0.000000,4.416376,1.599987,3.141593,0.000000,-1.483226,3.141593,0.000000,255,174,140,#FFAE8C,30.000000,180.000000,0.000000
3,0.250871,3,0,0.991385,-0.065475,0.113439,6.514,-3.779,-0.991445,0.065249,-0.113047,-6.491,176.235,0.999048,-0.021805,0.037778,-0.991445,0.065249,-0.113047,-24.983,264442.969,24522.809,567.588,264419.344,24563.729,16.000000,4.375000,0.000000,4.374565,1.614582,3.141593,0.000000,-1.439441,3.141593,0.000000,255,171,134,#FFAB86,30.000000,180.000000,0.000000
4,0.334495,3,0,0.984702,-0.087104,0.150914,8.680,-5.055,-0.984808,0.086805,-0.150395,-8.650,174.963,0.998308,-0.029066,0.050359,-0.984808,0.086805,-0.150395,-24.724,264445.531,24518.406,565.961,264414.062,24572.879,16.000000,4.333333,0.000000,4.332753,1.629177,3.141593,0.000000,-1.395655,3.141593,0.000000,255,169,129,#FFA981,30.000000,180.000000,0.000000
5,0.418118,3,0,0.976131,-0.108567,0.188099,10.842,-6.346,-0.976296,0.108196,-0.187456,-10.804,173.676,0.997357,-0.036321,0.062928,-0.976296,0.108196,-0.187456,-24.391,264448.062,24514.006,563.876,264408.844,24581.957,16.000000,4.291667,0.000000,4.290941,1.643772,3.141593,0.000000,-1.351870,3.141593,0.000000,255,166,123,#FFA67B,30.000000,180.000000,0.000000
6,0.501742,3,0,0.965689,-0.129821,0.224923,12.998,-7.657,-0.965926,0.129381,-0.224160,-12.954,172.371,0.996195,-0.043568,0.075485,-0.965926,0.129381,-0.224160,-23.985,264450.594,24509.611,561.335,264403.656,24590.951,16.000000,4.250000,0.000000,4.249129,1.658367,3.141593,0.000000,-1.308085,3.141593,0.000000,255,163,118,#FFA376,30.000000,180.000000,0.000000
7,0.585366,3,0,0.953396,-0.150827,0.261317,15.148,-8.990,-0.953717,0.150320,-0.260438,-15.096,171.043,0.994822,-0.050806,0.088025,-0.953717,0.150320,-0.260438,-23.504,264453.125,24505.223,558.344,264398.500,24599.838,16.000000,4.208333,0.000000,4.207317,1.672962,3.141593,0.000000,-1.264300,3.141593,0.000000,255,160,112,#FFA070,30.000000,180.000000,0.000000
8,0.668990,3,0,0.939276,-0.171543,0.297210,17.290,-10.350,-0.939693,0.170972,-0.296220,-17.231,169.688,0.993238,-0.058033,0.100547,-0.939693,0.170972,-0.296220,-22.950,264455.656,24500.840,554.908,264393.469,24608.605,16.000000,4.166667,0.000000,4.165505,1.687557,3.141593,0.000000,-1.220514,3.141593,0.000000,255,158,107,#FF9E6B,30.000000,180.000000,0.000000
9,0.752613,3,0,0.923355,-0.191931,0.332533,19.423,-11.742,-0.923880,0.191299,-0.331438,-19.356,168.302,0.991445,-0.065249,0.113048,-0.923880,0.191299,-0.331438,-22.322,264458.188,24496.465,551.034,264388.469,24617.234,16.000000,4.125000,0.000000,4.123693,1.702152,3.141593,0.000000,-1.176729,3.141593,0.000000,255,155,102,#FF9B66,30.000000,180.000000,0.000000
10,0.836237,3,0,0.905664,-0.211951,0.367218,21.544,-13.172,-0.906308,0.211262,-0.366025,-21.471,166.879,0.989442,-0.072450,0.125524,-0.906308,0.211262,-0.366025,-21.621,264460.688,24492.098,546.729,264383.594,24625.707,16.000000,4.083333,0.000000,4.081882,1.716747,3.141593,0.000000,-1.132944,3.141593,0.000000,255,152,96,#FF9860,30.000000,180.000000,0.000000
11,0.919861,3,0,0.886237,-0.231564,0.401200,23.653,-14.643,-0.887011,0.230823,-0.399915,-23.573,165.414,0.987229,-0.079636,0.137974,-0.887011,0.230823,-0.399915,-20.847,264463.219,24487.740,542.001,264378.781,24634.010,16.000000,4.041667,0.000000,4.040070,1.731342,3.141593,0.000000,-1.089159,3.141593,0.000000,255,150,91,#FF965B,30.000000,180.000000,0.000000
12,1.003484,3,0,0.865112,-0.250734,0.434412,25.748,-16.163,-0.866025,0.249945,-0.433045,-25.661,163.901,0.000000,-0.499889,0.866089,-0.866025,0.249945,-0.433045,324.684,264610.312,24232.900,536.860,264374.094,24642.127,16.000000,4.000000,0.000000,3.998258,-3.141593,3.141593,0.000000,-1.045373,3.141593,0.000000,255,147,85,#FF9355,30.000000,180.000000,0.000000
13,1.087108,3,0,0.842328,-0.269423,0.466792,27.826,-17.737,-0.843391,0.268590,-0.465349,-27.733,162.335,0.000000,-0.499889,0.866089,-0.843391,0.268590,-0.465349,324.684,264610.312,24232.900,531.315,264369.531,24650.041,16.000000,3.958333,0.000000,3.956446,-3.141593,3.141593,0.000000,-1.001588,3.141593,0.000000,255,144,80,#FF9050,30.000000,180.000000,0.000000
14,1.170732,3,0,0.817930,-0.287596,0.498277,29.886,-19.372,-0.819152,0.286725,-0.496768,-29.786,160.709,0.000000,-0.499889,0.866089,-0.819152,0.286725,-0.496768,324.684,264610.312,24232.900,525.376,264365.094,24657.740,16.000000,3.916667,0.000000,3.914634,-3.141593,3.141593,0.000000,-0.957803,3.141593,0.000000,255,141,74,#FF8D4A,30.000000,180.000000,0.000000
15,1.254355,3,0,0.791963,-0.305217,0.528807,31.925,-21.076,-0.793353,0.304313,-0.527242,-31.819,159.014,0.000000,-0.499889,0.866089,-0.793353,0.304313,-0.527242,324.684,264610.312,24232.900,519.055,264360.781,24665.205,16.000000,3.875000,0.000000,3.872822,-3.141593,3.141593,0.000000,-0.914017,3.141593,0.000000,255,139,69,#FF8B45,30.000000,180.000000,0.000000
16,1.337979,3,0,0.764479,-0.322253,0.558324,33.940,-22.857,-0.766044,0.321323,-0.556711,-33.829,157.244,0.000000,-0.499889,0.866089,-0.766044,0.321323,-0.556711,324.684,264610.312,24232.900,512.365,264356.625,24672.426,16.000000,3.833333,0.000000,3.831010,-3.141593,3.141593,0.000000,-0.870232,3.141593,0.000000,255,136,64,#FF8840,30.000000,180.000000,0.000000
17,1.421603,3,0,0.735529,-0.338672,0.586770,35.928,-24.724,-0.737277,0.337720,-0.585122,-35.812,155.389,0.000000,-0.499889,0.866089,-0.737277,0.337720,-0.585122,324.684,264610.312,24232.900,505.317,264352.594,24679.387,16.000000,3.791667,0.000000,3.789199,-3.141593,3.141593,0.000000,-0.826447,3.141593,0.000000,255,133,58,#FF853A,30.000000,180.000000,0.000000
18,1.505227,3,0,0.705169,-0.354441,0.614091,37.886,-26.686,-0.707107,0.353475,-0.612418,-37.765,153.440,0.000000,-0.499889,0.866089,-0.707107,0.353475,-0.612418,324.684,264610.312,24232.900,497.925,264348.750,24686.074,16.000000,3.750000,0.000000,3.747387,-3.141593,3.141593,0.000000,-0.782662,3.141593,0.000000,255,131,53,#FF8335,30.000000,180.000000,0.000000
19,1.588850,3,0,0.673458,-0.369531,0.640236,39.809,-28.754,-0.675590,0.368557,-0.638548,-39.684,151.386,0.000000,-0.499889,0.866089,-0.675590,0.368557,-0.638548,324.684,264610.312,24232.900,490.203,264345.062,24692.475,16.000000,3.708333,0.000000,3.705575,-3.141593,3.141593,0.000000,-0.738876,3.141593,0.000000,255,128,47,#FF802F,30.000000,180.000000,0.000000
20,1.672474,3,0,0.640455,-0.383913,0.665153,41.694,-30.940,-0.642788,0.382937,-0.663463,-41.565,149.216,0.000000,-0.499889,0.866089,-0.642788,0.382937,-0.663463,324.684,264610.312,24232.900,482.167,264341.531,24698.580,16.000000,3.666667,0.000000,3.663763,-3.141593,3.141593,0.000000,-0.695091,3.141593,0.000000,255,125,42,#FF7D2A,30.000000,180.000000,0.000000
21,1.756098,3,0,0.606225,-0.397558,0.688795,43.535,-33.257,-0.608761,0.396589,-0.687115,-43.402,146.917,0.000000,-0.499889,0.866089,-0.608761,0.396589,-0.687115,324.684,264610.312,24232.900,473.830,264338.188,24704.375,16.000000,3.625000,0.000000,3.621951,-3.141593,3.141593,0.000000,-0.651306,3.141593,0.000000,255,122,36,#FF7A24,30.000000,180.000000,0.000000
22,1.839721,3,0,0.570833,-0.410442,0.711116,45.326,-35.717,-0.573577,0.409485,-0.709459,-45.191,144.476,0.000000,-0.499889,0.866089,-0.573577,0.409485,-0.709459,324.684,264610.312,24232.900,465.210,264335.031,24709.850,16.000000,3.583333,0.000000,3.580139,-3.141593,3.141593,0.000000,-0.607521,3.141593,0.000000,255,120,31,#FF781F,30.000000,180.000000,0.000000
23,1.923345,3,0,0.534347,-0.422539,0.732075,47.061,-38.335,-0.537300,0.421602,-0.730452,-46.924,141.880,0.000000,-0.499889,0.866089,-0.537300,0.421602,-0.730452,324.684,264610.312,24232.900,456.322,264332.062,24714.992,16.000000,3.541667,0.000000,3.538327,-3.141593,3.141593,0.000000,-0.563735,3.141593,0.000000,255,117,25,#FF7519,30.000000,180.000000,0.000000
24,2.006968,3,0,0.496837,-0.433826,0.751630,48.732,-41.127,-0.500000,0.432917,-0.750055,-48.595,139.113,0.000000,-0.499889,0.866089,-0.500000,0.432917,-0.750055,324.684,264610.312,24232.900,447.184,264329.281,24719.795,16.000000,3.500000,0.000000,3.493032,-3.141593,3.141593,0.000000,-0.519950,3.141593,0.000000,255,115,21,#FF7315,30.000000,180.000000,0.000000
25,2.090592,3,0,0.458374,-0.444281,0.769745,50.331,-44.106,-0.461749,0.443407,-0.768231,-50.195,136.161,0.000000,-0.499889,0.866089,-0.461749,0.443407,-0.768231,324.684,264610.312,24232.900,437.812,264326.719,24724.248,16.000000,3.416667,0.000000,3.409408,-3.141593,3.141593,0.000000,-0.476165,3.141593,0.000000,255,115,21,#FF7315,30.000000,180.000000,0.000000
26,2.174216,3,0,0.419033,-0.453885,0.786384,51.849,-47.286,-0.422618,0.453054,-0.784943,-51.715,133.009,0.000000,-0.499889,0.866089,-0.422618,0.453054,-0.784943,324.684,264610.312,24232.900,428.225,264324.344,24728.342,16.000000,3.333333,0.000000,3.325784,-3.141593,3.141593,0.000000,-0.432379,3.141593,0.000000,255,115,21,#FF7315,30.000000,180.000000,0.000000
27,2.257840,3,0,0.378888,-0.462619,0.801516,53.275,-50.682,-0.382684,0.461837,-0.800162,-53.146,129.646,0.000000,-0.499889,0.866089,-0.382684,0.461837,-0.800162,228.203,264514.125,24135.889,321.960,264226.000,24635.059,16.000000,3.250000,0.000000,3.242160,-3.141593,3.141593,0.000000,-0.388594,3.141593,0.000000,255,115,21,#FF7315,30.000000,180.000000,0.000000
28,2.341463,3,0,0.338017,-0.470466,0.815111,54.598,-54.304,-0.342020,0.469742,-0.813858,-54.475,126.058,0.000000,-0.499889,0.866089,-0.342020,0.469742,-0.813858,324.684,264610.312,24232.900,408.479,264320.250,24735.426,16.000000,3.166667,0.000000,3.158537,-3.141593,3.141593,0.000000,-0.344809,3.141593,0.000000,255,115,21,#FF7315,30.000000,180.000000,0.000000
29,2.425087,3,0,0.296498,-0.477411,0.827144,55.806,-58.157,-0.300706,0.476753,-0.826004,-55.690,122.241,0.000000,-0.499889,0.866089,-0.300706,0.476753,-0.826004,324.684,264610.312,24232.900,398.357,264318.531,24738.402,16.000000,3.083333,0.000000,3.074913,-3.141593,3.141593,0.000000,-0.301024,3.141593,0.000000,255,115,21,#FF7315,30.000000,180.000000,0.000000
30,2.508711,3,0,0.254411,-0.483441,0.837592,56.887,-62.244,-0.258819,0.482856,-0.836578,-56.781,118.192,0.000000,-0.499889,0.866089,-0.258819,0.482856,-0.836578,324.684,264610.312,24232.900,388.094,264317.031,24740.992,16.000000,3.000000,0.000000,2.991289,-3.141593,3.141593,0.000000,-0.257238,3.141593,0.000000,255,115,21,#FF7315,30.000000,180.000000,0.000000
31,2.592335,3,0,0.211836,-0.488544,0.846434,57.826,-66.558,-0.216440,0.488040,-0.845560,-57.732,113.917,0.000000,-0.499889,0.866089,-0.216440,0.488040,-0.845560,324.684,264610.312,24232.900,377.711,264315.781,24743.193,16.000000,2.916667,0.000000,2.907665,-3.141593,3.141593,0.000000,-0.213453,3.141593,0.000000,255,115,21,#FF7315,30.000000,180.000000,0.000000
32,2.675958,3,0,0.168855,-0.492711,0.853653,58.611,-71.083,-0.173648,0.492295,-0.852931,-58.532,109.429,0.000000,-0.499889,0.866089,-0.173648,0.492295,-0.852931,324.684,264610.312,24232.900,367.227,264314.719,24745.000,16.000000,2.833333,0.000000,2.824042,-3.141593,3.141593,0.000000,-0.169668,3.141593,0.000000,255,115,21,#FF7315,30.000000,180.000000,0.000000
33,2.759582,3,0,0.125550,-0.495934,0.859236,59.231,-75.793,-0.130526,0.495613,-0.858680,-59.169,104.755,0.000000,-0.499889,0.866089,-0.130526,0.495613,-0.858680,324.684,264610.312,24232.900,356.663,264313.906,24746.408,16.000000,2.750000,0.000000,2.740418,-3.141593,3.141593,0.000000,-0.125883,3.141593,0.000000,255,115,21,#FF7315,30.000000,180.000000,0.000000
34,2.843205,3,0,0.082005,-0.498206,0.863172,59.675,-80.653,-0.087156,0.497987,-0.862794,-59.632,99.927,0.000000,-0.499889,0.866089,-0.087156,0.497987,-0.862794,324.684,264610.312,24232.900,346.037,264313.344,24747.416,16.000000,2.666667,0.000000,2.656795,-3.141593,3.141593,0.000000,-0.082097,3.141593,0.000000,255,115,21,#FF7315,30.000000,180.000000,0.000000
35,2.926829,3,0,0.038303,-0.499522,0.865454,59.935,-85.615,-0.043619,0.499414,-0.865265,-59.913,94.992,0.000000,-0.499889,0.866089,-0.043619,0.499414,-0.865265,324.684,264610.312,24232.900,335.370,264313.000,24748.021,16.000000,2.583333,0.000000,2.573171,-3.141593,3.141593,0.000000,-0.038312,3.141593,0.000000,255,115,21,#FF7315,30.000000,180.000000,0.000000
36,3.010453,3,0,-0.005473,-0.499882,0.866076,60.006,-90.627,-0.000000,0.499889,-0.866089,-60.007,90.000,0.000000,-0.499889,0.866089,-0.000000,0.499889,-0.866089,324.684,264610.312,24232.900,324.684,264312.875,24748.223,16.000000,2.500000,0.000000,2.500000,-3.141593,3.141593,0.000000,0.005473,3.141593,0.000000,254,115,21,#FE7315,30.000000,180.000000,0.000000
37,3.094077,3,0,-0.049239,-0.499283,0.865039,59.887,-95.632,0.043619,0.499414,-0.865265,-59.913,85.008,0.000000,-0.499889,0.866089,0.043619,0.499414,-0.865265,324.684,264610.312,24232.900,313.997,264313.000,24748.021,16.000000,2.500000,0.000000,2.500000,-3.141593,3.141593,0.000000,0.049258,3.141593,0.000000,250,119,25,#FA7719,30.000000,180.000000,0.000000
38,3.177700,3,0,-0.092909,-0.497727,0.862343,59.581,-100.574,0.087156,0.497987,-0.862794,-59.632,80.073,0.000000,-0.499889,0.866089,0.087156,0.497987,-0.862794,324.684,264610.312,24232.900,303.330,264313.344,24747.416,16.000000,2.500000,0.000000,2.500000,-3.141593,3.141593,0.000000,0.093044,3.141593,0.000000,246,122,29,#F67A1D,30.000000,180.000000,0.000000
39,3.261324,3,0,-0.136402,-0.495217,0.857994,59.092,-105.400,0.130526,0.495613,-0.858680,-59.169,75.245,0.000000,-0.499889,0.866089,0.130526,0.495613,-0.858680,324.684,264610.312,24232.900,292.705,264313.906,24746.408,16.000000,2.500000,0.000000,2.500000,-3.141593,3.141593,0.000000,0.136829,3.141593,0.000000,241,126,34,#F17E22,30.000000,180.000000,0.000000
40,3.344948,3,0,-0.179634,-0.491758,0.852001,58.430,-110.067,0.173648,0.492295,-0.852931,-58.532,70.571,0.000000,-0.499889,0.866089,0.173648,0.492295,-0.852931,324.684,264610.312,24232.900,282.140,264314.719,24745.000,16.000000,2.500000,0.000000,2.500000,-3.141593,3.141593,0.000000,0.180614,3.141593,0.000000,237,129,38,#ED8126,30.000000,180.000000,0.000000
41,3.428572,3,0,-0.222521,-0.487356,0.844375,57.605,-114.541,0.216440,0.488040,-0.845559,-57.732,66.083,0.000000,-0.499889,0.866089,0.216440,0.488040,-0.845559,324.684,264610.312,24232.900,271.656,264315.781,24743.193,16.000000,2.500000,0.000000,2.500000,-3.141593,3.141593,0.000000,0.224400,3.141593,0.000000,233,133,42,#E9852A,30.000000,180.000000,0.000000
42,3.512195,3,0,-0.264982,-0.482020,0.835130,56.629,-118.799,0.258819,0.482856,-0.836578,-56.781,61.808,0.000000,-0.499889,0.866089,0.258819,0.482856,-0.836578,324.684,264610.312,24232.900,261.273,264317.031,24740.992,16.000000,2.500000,0.000000,2.500000,-3.141593,3.141593,0.000000,0.268185,3.141593,0.000000,229,137,46,#E5892E,30.000000,180.000000,0.000000
43,3.595819,3,0,-0.306934,-0.475760,0.824284,55.516,-122.828,0.300706,0.476753,-0.826004,-55.690,57.759,0.000000,-0.499889,0.866089,0.300706,0.476753,-0.826004,324.684,264610.312,24232.900,251.011,264318.531,24738.402,16.000000,2.500000,0.000000,2.500000,-3.141593,3.141593,0.000000,0.311970,3.141593,0.000000,225,140,50,#E18C32,30.000000,180.000000,0.000000
44,3.679442,3,0,-0.348298,-0.468588,0.811858,54.278,-126.623,0.342020,0.469742,-0.813858,-54.475,53.942,0.000000,-0.499889,0.866089,0.342020,0.469742,-0.813858,324.684,264610.312,24232.900,240.889,264320.250,24735.426,16.000000,2.500000,0.000000,2.500000,-3.141593,3.141593,0.000000,0.355755,3.141593,0.000000,221,144,54,#DD9036,30.000000,180.000000,0.000000
45,3.763066,3,0,-0.388995,-0.460518,0.797876,52.928,-130.187,0.382684,0.461838,-0.800162,-53.146,50.354,0.000000,-0.499889,0.866089,0.382684,0.461838,-0.800162,324.684,264610.312,24232.900,230.926,264322.188,24732.070,16.000000,2.500000,0.000000,2.500000,-3.141593,3.141593,0.000000,0.399541,3.141593,0.000000,216,147,59,#D8933B,30.000000,180.000000,0.000000
46,3.846690,3,0,-0.428946,-0.451565,0.782365,51.478,-133.528,0.422618,0.453054,-0.784943,-51.715,46.991,0.000000,-0.499889,0.866089,0.422618,0.453054,-0.784943,324.684,264610.312,24232.900,221.142,264324.344,24728.342,16.000000,2.500000,0.000000,2.500000,-3.141593,3.141593,0.000000,0.443326,3.141593,0.000000,212,151,63,#D4973F,30.000000,180.000000,0.000000
47,3.930314,3,0,-0.468075,-0.441747,0.765354,49.938,-136.658,0.461749,0.443407,-0.768231,-50.195,43.839,0.000000,-0.499889,0.866089,0.461749,0.443407,-0.768231,324.684,264610.312,24232.900,211.555,264326.719,24724.248,16.000000,2.500000,0.000000,2.500000,-3.141593,3.141593,0.000000,0.487111,3.141593,0.000000,208,155,67,#D09B43,30.000000,180.000000,0.000000
48,4.013937,3,0,-0.506306,-0.431081,0.746875,48.320,-139.588,0.500000,0.432917,-0.750055,-48.595,40.887,0.000000,-0.499889,0.866089,0.500000,0.432917,-0.750055,324.684,264610.312,24232.900,202.184,264329.281,24719.795,16.000000,2.500000,0.000000,2.503484,-3.141593,3.141593,0.000000,0.530896,3.141593,0.000000,204,157,70,#CC9D46,30.000000,180.000000,0.000000
49,4.097561,3,0,-0.543568,-0.419590,0.726965,46.633,-142.335,0.537300,0.421602,-0.730452,-46.924,38.120,0.000000,-0.499889,0.866089,0.537300,0.421602,-0.730452,324.684,264610.312,24232.900,193.045,264332.062,24714.992,16.000000,2.520833,0.000000,2.524390,-3.141593,3.141593,0.000000,0.574682,3.141593,0.000000,202,153,67,#CA9943,30.000000,180.000000,0.000000
50,4.181185,3,0,-0.579787,-0.407294,0.705662,44.883,-144.912,0.573577,0.409485,-0.709459,-45.191,35.524,0.000000,-0.499889,0.866089,0.573577,0.409485,-0.709459,228.203,264514.125,24135.889,87.677,264238.844,24612.838,16.000000,2.541667,0.000000,2.545296,-3.141593,3.141593,0.000000,0.618467,3.141593,0.000000,201,149,64,#C99540,30.000000,180.000000,0.000000
51,4.264809,3,0,-0.614895,-0.394217,0.683006,43.079,-147.336,0.608761,0.396589,-0.687115,-43.402,33.083,0.000000,-0.499889,0.866089,0.608761,0.396589,-0.687115,324.684,264610.312,24232.900,175.537,264338.188,24704.375,16.000000,2.562500,0.000000,2.566202,-3.141593,3.141593,0.000000,0.662252,3.141593,0.000000,199,145,61,#C7913D,30.000000,180.000000,0.000000
52,4.348432,3,0,-0.648824,-0.380385,0.659041,41.227,-149.618,0.642788,0.382937,-0.663463,-41.564,30.784,0.000000,-0.499889,0.866089,0.642788,0.382937,-0.663463,324.684,264610.312,24232.900,167.201,264341.531,24698.580,16.000000,2.583333,0.000000,2.587108,-3.141593,3.141593,0.000000,0.706037,3.141593,0.000000,197,141,58,#C58D3A,30.000000,180.000000,0.000000
53,4.432055,3,0,-0.681509,-0.365824,0.633813,39.332,-151.774,0.675590,0.368557,-0.638548,-39.684,28.614,0.000000,-0.499889,0.866089,0.675590,0.368557,-0.638548,324.684,264610.312,24232.900,159.164,264345.062,24692.475,16.000000,2.604167,0.000000,2.608014,-3.141593,3.141593,0.000000,0.749822,3.141593,0.000000,195,137,55,#C38937,30.000000,180.000000,0.000000
54,4.515679,3,0,-0.712888,-0.350561,0.607369,37.400,-153.814,0.707107,0.353475,-0.612418,-37.765,26.560,0.000000,-0.499889,0.866089,0.707107,0.353475,-0.612418,324.684,264610.312,24232.900,151.442,264348.750,24686.074,16.000000,2.625000,0.000000,2.628920,-3.141593,3.141593,0.000000,0.793608,3.141593,0.000000,193,134,52,#C18634,30.000000,180.000000,0.000000
55,4.599303,3,0,-0.742901,-0.334627,0.579762,35.434,-155.752,0.737277,0.337720,-0.585121,-35.812,24.611,0.000000,-0.499889,0.866089,0.737277,0.337720,-0.585121,324.684,264610.312,24232.900,144.051,264352.594,24679.387,16.000000,2.645833,0.000000,2.649826,-3.141593,3.141593,0.000000,0.837393,3.141593,0.000000,192,130,49,#C08231,30.000000,180.000000,0.000000
56,4.682927,3,0,-0.771489,-0.318051,0.551043,33.439,-157.596,0.766044,0.321323,-0.556711,-33.829,22.756,0.000000,-0.499889,0.866089,0.766044,0.321323,-0.556711,324.684,264610.312,24232.900,137.003,264356.625,24672.426,16.000000,2.666667,0.000000,2.670732,-3.141593,3.141593,0.000000,0.881178,3.141593,0.000000,190,126,46,#BE7E2E,30.000000,180.000000,0.000000
57,4.766551,3,0,-0.798599,-0.300865,0.521267,31.417,-159.357,0.793353,0.304313,-0.527242,-31.819,20.986,0.000000,-0.499889,0.866089,0.793353,0.304313,-0.527242,324.684,264610.312,24232.900,130.312,264360.781,24665.205,16.000000,2.687500,0.000000,2.691638,-3.141593,3.141593,0.000000,0.924964,3.141593,0.000000,188,122,43,#BC7A2B,30.000000,180.000000,0.000000
58,4.850174,3,0,-0.824178,-0.283103,0.490493,29.373,-161.043,0.824126,0.283140,-0.490558,-29.377,18.961,0.000000,-0.499889,0.866089,0.824126,0.283140,-0.490558,324.684,264610.312,24232.900,122.773,264365.969,24656.219,16.000000,2.712500,0.000000,2.712543,-3.141593,3.141593,0.000000,0.968749,3.141593,0.000000,186,118,40,#BA7628,30.000000,180.000000,0.000000
59,4.933798,3,0,-0.848177,-0.264798,0.458779,27.308,-162.662,0.848048,0.264901,-0.458957,-27.320,17.347,0.000000,-0.499889,0.866089,0.848048,0.264901,-0.458957,324.684,264610.312,24232.900,116.912,264370.438,24648.477,16.000000,2.733333,0.000000,2.733449,-3.141593,3.141593,0.000000,1.012534,3.141593,0.000000,184,114,37,#B87225,30.000000,180.000000,0.000000
60,5.017422,3,0,-0.870550,-0.245985,0.426185,25.226,-164.222,0.870356,0.246157,-0.426483,-25.245,15.792,-0.985309,-0.085373,0.147913,0.870356,0.246157,-0.426483,573.061,264369.031,24387.250,14.966,264278.844,24543.508,16.000000,2.754167,0.000000,2.754355,-1.742289,3.141593,0.000000,1.056320,3.141593,0.000000,183,110,34,#B76E22,30.000000,180.000000,0.000000
61,5.101045,3,0,-0.891255,-0.226701,0.392774,23.127,-165.729,0.891007,0.226945,-0.393196,-23.154,14.290,-0.987688,-0.078200,0.135486,0.891007,0.226945,-0.393196,670.375,264462.719,24488.611,106.387,264379.750,24632.365,16.000000,2.775000,0.000000,2.775261,-1.727694,3.141593,0.000000,1.100105,3.141593,0.000000,181,106,31,#B56A1F,30.000000,180.000000,0.000000
62,5.184669,3,0,-0.910251,-0.206983,0.358610,21.015,-167.189,0.909961,0.207301,-0.359161,-21.049,12.834,-0.989859,-0.071011,0.123031,0.909961,0.207301,-0.359161,671.134,264460.188,24492.971,101.743,264384.562,24624.025,16.000000,2.795833,0.000000,2.796167,-1.713099,3.141593,0.000000,1.143890,3.141593,0.000000,179,102,28,#B3661C,30.000000,180.000000,0.000000
63,5.268292,3,0,-0.927502,-0.186867,0.323759,18.890,-168.609,0.927184,0.187262,-0.324443,-18.932,11.418,-0.991820,-0.063807,0.110549,0.927184,0.187262,-0.324443,671.821,264457.688,24497.340,97.524,264389.469,24615.520,16.000000,2.816667,0.000000,2.817073,-1.698503,3.141593,0.000000,1.187675,3.141593,0.000000,177,99,25,#B16319,30.000000,180.000000,0.000000
64,5.351916,3,0,-0.942976,-0.166394,0.288287,16.755,-169.993,0.942641,0.166867,-0.289106,-16.804,10.039,-0.993572,-0.056589,0.098044,0.942641,0.166867,-0.289106,672.434,264455.156,24501.715,93.736,264394.469,24606.863,16.000000,2.837500,0.000000,2.837979,-1.683908,3.141593,0.000000,1.231460,3.141593,0.000000,175,95,23,#AF5F17,30.000000,180.000000,0.000000
65,5.435540,3,0,-0.956642,-0.145601,0.252263,14.611,-171.346,0.956305,0.146154,-0.253220,-14.668,8.689,-0.995113,-0.049360,0.085518,0.956305,0.146154,-0.253220,672.973,264452.625,24506.100,90.389,264399.531,24598.070,16.000000,2.858333,0.000000,2.858885,-1.669313,3.141593,0.000000,1.275246,3.141593,0.000000,174,91,20,#AE5B14,30.000000,180.000000,0.000000
66,5.519164,3,0,-0.968474,-0.124529,0.215755,12.460,-172.673,0.968148,0.125162,-0.216851,-12.524,7.366,-0.996444,-0.042120,0.072974,0.968148,0.125162,-0.216851,673.439,264450.094,24510.490,87.487,264404.688,24589.160,16.000000,2.879167,0.000000,2.879791,-1.654718,3.141593,0.000000,1.319031,3.141593,0.000000,172,87,17,#AC5711,30.000000,180.000000,0.000000
67,5.602787,3,0,-0.978450,-0.103219,0.178833,10.302,-173.978,0.978148,0.103933,-0.180070,-10.374,6.065,-0.997564,-0.034871,0.060415,0.978148,0.103933,-0.180070,673.831,264447.562,24514.887,85.037,264409.875,24580.148,16.000000,2.900000,0.000000,2.900697,-1.640123,3.141593,0.000000,1.362816,3.141593,0.000000,170,83,14,#AA530E,30.000000,180.000000,0.000000
68,5.686411,3,0,-0.986550,-0.081711,0.141569,8.139,-175.265,0.986286,0.082506,-0.142946,-8.218,4.782,-0.998473,-0.027614,0.047843,0.986286,0.082506,-0.142946,674.149,264445.000,24519.285,83.044,264415.125,24571.053,16.000000,2.920833,0.000000,2.921603,-1.625528,3.141593,0.000000,1.406602,3.141593,0.000000,168,79,11,#A84F0B,30.000000,180.000000,0.000000
69,5.770035,3,0,-0.992760,-0.060046,0.104033,5.971,-176.539,0.992546,0.060921,-0.105549,-6.059,3.512,-0.999171,-0.020352,0.035261,0.992546,0.060921,-0.105549,674.393,264442.469,24523.689,81.510,264420.406,24561.891,16.000000,2.941667,0.000000,2.942509,-1.610933,3.141593,0.000000,1.450387,3.141593,0.000000,166,75,8,#A64B08,30.000000,180.000000,0.000000
70,5.853659,3,0,-0.997066,-0.038266,0.066298,3.801,-177.802,0.996917,0.039221,-0.067953,-3.896,2.253,-0.999657,-0.013086,0.022672,0.996917,0.039221,-0.067953,674.564,264439.938,24528.096,80.439,264425.750,24552.680,16.000000,2.962500,0.000000,2.963415,-1.596338,3.141593,0.000000,1.494172,3.141593,0.000000,165,71,5,#A54705,30.000000,180.000000,0.000000
71,5.937282,3,0,-0.999461,-0.016413,0.028436,1.630,-179.059,0.999391,0.017446,-0.030226,-1.732,1.000,-0.999932,-0.005816,0.010077,0.999391,0.017446,-0.030226,674.660,264437.375,24532.504,79.833,264431.062,24543.438,16.000000,2.983333,0.000000,2.984321,-1.581743,3.141593,0.000000,1.537957,3.141593,0.000000,163,67,2,#A34302,30.000000,180.000000,0.000000
72,6.020906,0,1,0.999993,-0.001824,0.003160,0.181,-0.105,0.999962,-0.004362,0.007558,0.433,-0.250,-0.999996,0.001454,-0.002519,0.999962,-0.004362,0.007558,674.682,264434.844,24536.912,79.693,264436.406,24534.180,15.899999,4.500000,1.984320,0.000000,-1.567147,3.141593,0.000000,1.581743,3.141593,0.000000,0,0,0,#000000,30.000000,180.000000,0.000000
73,6.104529,0,1,0.999834,-0.009119,0.015800,0.905,-0.523,0.998629,-0.026162,0.045328,2.598,-1.501,-0.999848,0.008724,-0.015115,0.998629,-0.026162,0.045328,674.630,264432.281,24541.322,80.019,264441.750,24524.926,15.400001,4.500000,1.921603,0.000000,-1.552553,3.141593,0.000000,1.625528,3.141593,0.000000,0,0,0,#000000,30.000000,180.000000,0.000000
74,6.188153,0,1,0.999461,-0.016413,0.028436,1.630,-0.941,0.995396,-0.047912,0.083011,4.762,-2.756,-0.999488,0.015992,-0.027708,0.995396,-0.047912,0.083011,674.504,264429.750,24545.729,80.812,264447.094,24515.693,14.900000,4.500000,1.858885,0.000000,-1.537957,3.141593,0.000000,1.669313,3.141593,0.000000,0,0,0,#000000,30.000000,180.000000,0.000000
75,6.271777,0,1,0.998875,-0.023703,0.041067,2.354,-1.359,0.990268,-0.069571,0.120537,6.923,-4.019,-0.998917,0.023257,-0.040295,0.990268,-0.069571,0.120537,674.305,264427.219,24550.135,82.068,264452.375,24506.500,14.399999,4.500000,1.796167,0.000000,-1.523362,3.141593,0.000000,1.713099,3.141593,0.000000,0,0,0,#000000,30.000000,180.000000,0.000000
76,6.355401,0,1,0.998077,-0.030988,0.053688,3.078,-1.778,0.983255,-0.091097,0.157832,9.081,-5.293,-0.998135,0.030517,-0.052874,0.983255,-0.091097,0.157832,674.031,264424.656,24554.537,83.786,264457.656,24497.363,13.900001,4.500000,1.733450,0.000000,-1.508767,3.141593,0.000000,1.756884,3.141593,0.000000,0,0,0,#000000,30.000000,180.000000,0.000000
77,6.439025,0,1,0.997066,-0.038266,0.066299,3.801,-2.198,0.974370,-0.112451,0.194828,11.235,-6.583,-0.997141,0.037771,-0.065441,0.974370,-0.112451,0.194828,673.683,264422.125,24558.936,85.963,264462.906,24488.299,13.400000,4.500000,1.670731,0.000000,-1.494172,3.141593,0.000000,1.800669,3.141593,0.000000,0,0,0,#000000,30.000000,180.000000,0.000000
78,6.522648,0,1,0.995843,-0.045536,0.078895,4.525,-2.618,0.963630,-0.133590,0.231452,13.383,-7.893,-0.995937,0.045017,-0.077994,0.963630,-0.133590,0.231452,673.262,264419.594,24563.330,88.594,264468.062,24479.326,12.899999,4.500000,1.608014,0.000000,-1.479577,3.141593,0.000000,1.844454,3.141593,0.000000,0,0,0,#000000,30.000000,180.000000,0.000000
79,6.606272,0,1,0.994407,-0.052797,0.091474,5.248,-3.039,0.951056,-0.154474,0.267636,15.524,-9.226,-0.994522,0.052253,-0.090531,0.951056,-0.154474,0.267636,672.766,264417.062,24567.717,91.675,264473.188,24470.461,12.400001,4.500000,1.545296,0.000000,-1.464982,3.141593,0.000000,1.888240,3.141593,0.000000,0,0,0,#000000,30.000000,180.000000,0.000000
80,6.689896,0,1,0.992760,-0.060046,0.104034,5.971,-3.461,0.936672,-0.175065,0.303311,17.657,-10.586,-0.992896,0.059478,-0.103049,0.936672,-0.175065,0.303311,672.197,264414.531,24572.098,95.199,264478.250,24461.721,11.900000,4.500000,1.482578,0.000000,-1.450387,3.141593,0.000000,1.932025,3.141593,0.000000,0,0,0,#000000,30.000000,180.000000,0.000000
81,6.773519,0,1,0.990901,-0.067282,0.116571,6.694,-3.884,0.920505,-0.195322,0.338408,19.780,-11.980,-0.991061,0.066690,-0.115545,0.920505,-0.195322,0.338408,671.555,264412.000,24576.473,99.160,264483.188,24453.121,11.399999,4.500000,1.419861,0.000000,-1.435792,3.141593,0.000000,1.975810,3.141593,0.000000,0,0,0,#000000,30.000000,180.000000,0.000000
82,6.857143,0,1,0.988831,-0.074505,0.129084,7.417,-4.309,0.902585,-0.215208,0.372861,21.892,-13.411,-0.989016,0.073888,-0.128016,0.902585,-0.215208,0.372861,670.839,264409.469,24580.836,103.550,264488.062,24444.680,10.900001,4.500000,1.357142,0.000000,-1.421197,3.141593,0.000000,2.019596,3.141593,0.000000,0,0,0,#000000,30.000000,180.000000,0.000000
83,6.940766,0,1,0.986550,-0.081711,0.141569,8.139,-4.735,0.882947,-0.234684,0.406605,23.992,-14.885,-0.986761,0.081071,-0.140461,0.882947,-0.234684,0.406605,670.050,264406.969,24585.193,108.361,264492.844,24436.414,10.400000,4.500000,1.294425,0.000000,-1.406602,3.141593,0.000000,2.063381,3.141593,0.000000,0,0,0,#000000,30.000000,180.000000,0.000000
84,7.024390,0,1,0.984060,-0.088900,0.154024,8.860,-5.162,0.000000,-0.499889,0.866089,60.007,-90.000,-0.984298,0.088236,-0.152875,0.000000,-0.499889,0.866089,669.188,264404.469,24589.537,324.684,264557.812,24323.840,9.899999,4.500000,1.231707,0.000000,-1.392007,3.141593,0.000000,-3.141593,3.141593,0.000000,0,0,0,#000000,30.000000,180.000000,0.000000
85,7.108014,0,1,0.981359,-0.096070,0.166447,9.581,-5.591,0.000000,-0.499889,0.866089,60.007,-90.000,-0.981627,0.095383,-0.165258,0.000000,-0.499889,0.866089,668.253,264401.969,24593.871,324.684,264557.812,24323.840,9.400001,4.500000,1.168989,0.000000,-1.377411,3.141593,0.000000,-3.141593,3.141593,0.000000,0,0,0,#000000,30.000000,180.000000,0.000000
86,7.191638,0,1,0.978450,-0.103219,0.178833,10.302,-6.022,0.000000,-0.499889,0.866089,60.007,-90.000,-0.978748,0.102510,-0.177605,0.000000,-0.499889,0.866089,667.245,264399.469,24598.193,324.684,264557.812,24323.840,8.900000,4.500000,1.106272,0.000000,-1.362816,3.141593,0.000000,-3.141593,3.141593,0.000000,0,0,0,#000000,30.000000,180.000000,0.000000
87,7.275262,0,1,0.975332,-0.110346,0.191182,11.022,-6.455,0.000000,-0.499889,0.866089,60.007,-90.000,-0.975662,0.109615,-0.189915,0.000000,-0.499889,0.866089,666.165,264396.969,24602.502,324.684,264557.812,24323.840,8.399999,4.500000,1.043554,0.000000,-1.348221,3.141593,0.000000,-3.141593,3.141593,0.000000,0,0,0,#000000,30.000000,180.000000,0.000000
88,7.358885,0,1,0.972007,-0.117450,0.203490,11.741,-6.890,0.000000,-0.499889,0.866089,60.007,-90.000,-0.972370,0.116697,-0.202185,0.000000,-0.499889,0.866089,665.013,264394.500,24606.795,324.684,264557.812,24323.840,7.900001,4.500000,0.980836,0.000000,-1.333626,3.141593,0.000000,-3.141593,3.141593,0.000000,0,0,0,#000000,30.000000,180.000000,0.000000
89,7.442509,0,1,0.968474,-0.124529,0.215755,12.460,-7.327,0.000000,-0.499889,0.866089,60.007,-90.000,-0.968872,0.123754,-0.214411,0.000000,-0.499889,0.866089,663.789,264392.031,24611.076,324.684,264557.812,24323.840,7.400000,4.500000,0.918118,0.000000,-1.319031,3.141593,0.000000,-3.141593,3.141593,0.000000,0,0,0,#000000,30.000000,180.000000,0.000000
90,7.526133,0,1,0.964735,-0.131582,0.227974,13.178,-7.767,0.000000,-0.499889,0.866089,60.007,-90.000,-0.965169,0.130785,-0.226593,0.000000,-0.499889,0.866089,662.493,264389.562,24615.338,324.684,264557.812,24323.840,6.899999,4.500000,0.855401,0.000000,-1.304436,3.141593,0.000000,-3.141593,3.141593,0.000000,0,0,0,#000000,30.000000,180.000000,0.000000
91,7.609756,0,1,0.960791,-0.138606,0.240144,13.895,-8.209,0.000000,-0.499889,0.866089,60.007,-90.000,-0.961262,0.137788,-0.238727,0.000000,-0.499889,0.866089,661.125,264387.125,24619.586,324.684,264557.812,24323.840,6.400001,4.500000,0.792683,0.000000,-1.289841,3.141593,0.000000,-3.141593,3.141593,0.000000,0,0,0,#000000,30.000000,180.000000,0.000000
92,7.693380,0,1,0.956642,-0.145601,0.252263,14.611,-8.654,0.000000,-0.499889,0.866089,60.007,-90.000,-0.957151,0.144762,-0.250810,0.000000,-0.499889,0.866089,659.687,264384.688,24623.814,324.684,264557.812,24323.840,5.900000,4.500000,0.729965,0.000000,-1.275246,3.141593,0.000000,-3.141593,3.141593,0.000000,0,0,0,#000000,30.000000,180.000000,0.000000
93,7.777003,0,1,0.952289,-0.152565,0.264328,15.327,-9.102,0.000000,-0.499889,0.866089,60.007,-90.000,-0.952838,0.151706,-0.262840,0.000000,-0.499889,0.866089,658.177,264382.250,24628.025,324.684,264557.812,24323.840,5.399999,4.500000,0.667248,0.000000,-1.260651,3.141593,0.000000,-3.141593,3.141593,0.000000,0,0,0,#000000,30.000000,180.000000,0.000000
94,7.860627,0,1,0.947734,-0.159496,0.276337,16.042,-9.553,0.000000,-0.499889,0.866089,60.007,-90.000,-0.948324,0.158617,-0.274814,0.000000,-0.499889,0.866089,656.597,264379.812,24632.217,324.684,264557.812,24323.840,4.900001,4.500000,0.604530,0.000000,-1.246056,3.141593,0.000000,-3.141593,3.141593,0.000000,0,0,0,#000000,30.000000,180.000000,0.000000
95,7.944251,0,1,0.942976,-0.166393,0.288287,16.755,-10.007,0.000000,-0.499889,0.866089,60.007,-90.000,-0.943608,0.165495,-0.286731,0.000000,-0.499889,0.866089,654.947,264377.406,24636.387,324.684,264557.812,24323.840,4.400000,4.500000,0.541812,0.000000,-1.231461,3.141593,0.000000,-3.141593,3.141593,0.000000,0,0,0,#000000,30.000000,180.000000,0.000000
96,8.027874,1,1,0.938018,-0.173255,0.300176,17.468,-10.465,0.000000,-0.499889,0.866089,60.007,-90.000,-0.938694,0.172338,-0.298586,0.000000,-0.499889,0.866089,653.226,264375.031,24640.537,324.684,264557.812,24323.840,3.994286,4.500000,0.498805,0.000000,-1.216866,3.141593,0.000000,-3.141593,3.141593,0.000000,0,0,0,#000000,30.000000,180.000000,0.000000
97,8.111499,1,1,0.932859,-0.180080,0.312001,18.180,-10.926,0.000000,-0.499889,0.866089,60.007,-90.000,-0.933580,0.179144,-0.310379,0.000000,-0.499889,0.866089,651.437,264372.656,24644.664,324.684,264557.812,24323.840,3.965714,4.500000,0.495221,0.000000,-1.202270,3.141593,0.000000,-3.141593,3.141593,0.000000,0,0,0,#000000,30.000000,180.000000,0.000000
98,8.195122,1,1,0.927503,-0.186867,0.323759,18.890,-11.391,0.000000,-0.499889,0.866089,60.007,-90.000,-0.928270,0.185913,-0.322105,0.000000,-0.499889,0.866089,649.578,264370.281,24648.768,324.684,264557.812,24323.840,3.937143,4.500000,0.491638,0.000000,-1.187675,3.141593,0.000000,-3.141593,3.141593,0.000000,0,0,0,#000000,30.000000,180.000000,0.000000
99,8.278746,1,1,0.921948,-0.193614,0.335448,19.600,-11.860,0.000000,-0.499889,0.866089,60.007,-90.000,-0.922762,0.192642,-0.333764,0.000000,-0.499889,0.866089,647.650,264367.906,24652.850,324.684,264557.812,24323.840,3.908571,4.500000,0.488054,0.000000,-1.173080,3.141593,0.000000,-3.141593,3.141593,0.000000,0,0,0,#000000,30.000000,180.000000,0.000000
100,8.362370,1,1,0.916197,-0.200320,0.347066,20.308,-12.333,0.000000,-0.499889,0.866089,60.007,-90.000,-0.917060,0.199330,-0.345352,0.000000,-0.499889,0.866089,645.655,264365.594,24656.904,324.684,264557.812,24323.840,3.880000,4.500000,0.484470,0.000000,-1.158485,3.141593,0.000000,-3.141593,3.141593,0.000000,0,0,0,#000000,30.000000,180.000000,0.000000
101,8.445993,1,1,0.910251,-0.206983,0.358610,21.015,-12.811,0.000000,-0.499889,0.866089,60.007,-90.000,-0.911164,0.205977,-0.356867,0.000000,-0.499889,0.866089,643.591,264363.250,24660.936,324.684,264557.812,24323.840,3.851429,4.500000,0.480886,0.000000,-1.143890,3.141593,0.000000,-3.141593,3.141593,0.000000,0,0,0,#000000,30.000000,180.000000,0.000000
102,8.529617,1,1,0.904111,-0.213601,0.370078,21.720,-13.293,0.000000,-0.499889,0.866089,60.007,-90.000,-0.905075,0.212579,-0.368307,0.000000,-0.499889,0.866089,641.460,264360.938,24664.939,324.684,264557.812,24323.840,3.822857,4.500000,0.477302,0.000000,-1.129295,3.141593,0.000000,-3.141593,3.141593,0.000000,0,0,0,#000000,30.000000,180.000000,0.000000
103,8.613240,1,1,0.897779,-0.220175,0.381466,22.425,-13.779,0.000000,-0.499889,0.866089,60.007,-90.000,-0.898794,0.219137,-0.379669,0.000000,-0.499889,0.866089,639.261,264358.656,24668.916,324.684,264557.812,24323.840,3.794286,4.500000,0.473718,0.000000,-1.114700,3.141593,0.000000,-3.141593,3.141593,0.000000,0,0,0,#000000,30.000000,180.000000,0.000000
104,8.696864,1,1,0.891255,-0.226701,0.392774,23.127,-14.271,0.000000,-0.499889,0.866089,60.007,-90.000,-0.892323,0.225648,-0.390950,0.000000,-0.499889,0.866089,636.997,264356.375,24672.863,324.684,264557.812,24323.840,3.765714,4.500000,0.470134,0.000000,-1.100105,3.141593,0.000000,-3.141593,3.141593,0.000000,0,0,0,#000000,30.000000,180.000000,0.000000
105,8.780488,1,1,0.884541,-0.233179,0.403998,23.828,-14.768,0.000000,-0.499889,0.866089,60.007,-90.000,-0.885664,0.232112,-0.402148,0.000000,-0.499889,0.866089,634.666,264354.094,24676.783,324.684,264557.812,24323.840,3.737143,4.500000,0.466550,0.000000,-1.085510,3.141593,0.000000,-3.141593,3.141593,0.000000,0,0,0,#000000,30.000000,180.000000,0.000000
106,8.864111,1,1,0.877639,-0.239608,0.415135,24.528,-15.270,0.000000,-0.499889,0.866089,60.007,-90.000,-0.878817,0.238527,-0.413262,0.000000,-0.499889,0.866089,632.270,264351.875,24680.674,324.684,264557.812,24323.840,3.708571,4.500000,0.462967,0.000000,-1.070915,3.141593,0.000000,-3.141593,3.141593,0.000000,0,0,0,#000000,30.000000,180.000000,0.000000
107,8.947736,1,1,0.870550,-0.245985,0.426185,25.226,-15.778,0.000000,-0.499889,0.866089,60.007,-90.000,-0.871784,0.244891,-0.424288,0.000000,-0.499889,0.866089,533.327,264253.438,24587.520,228.203,264461.625,24226.828,3.680000,4.500000,0.459383,0.000000,-1.056319,3.141593,0.000000,-3.141593,3.141593,0.000000,0,0,0,#000000,30.000000,180.000000,0.000000
108,9.031359,1,1,0.863276,-0.252310,0.437143,25.922,-16.292,0.000000,-0.499889,0.866089,60.007,-90.000,-0.864567,0.251203,-0.435225,0.000000,-0.499889,0.866089,627.282,264347.438,24688.359,324.684,264557.812,24323.840,3.651429,4.500000,0.455799,0.000000,-1.041724,3.141593,0.000000,-3.141593,3.141593,0.000000,0,0,0,#000000,30.000000,180.000000,0.000000
109,9.114983,1,1,0.855818,-0.258582,0.448009,26.616,-16.812,0.000000,-0.499889,0.866089,60.007,-90.000,-0.857167,0.257462,-0.446069,0.000000,-0.499889,0.866089,624.692,264345.219,24692.156,324.684,264557.812,24323.840,3.622857,4.500000,0.452215,0.000000,-1.027129,3.141593,0.000000,-3.141593,3.141593,0.000000,0,0,0,#000000,30.000000,180.000000,0.000000
110,9.198606,1,1,0.848177,-0.264798,0.458779,27.308,-17.338,0.000000,-0.499889,0.866089,60.007,-90.000,-0.849586,0.263667,-0.456819,0.000000,-0.499889,0.866089,622.039,264343.062,24695.918,324.684,264557.812,24323.840,3.594286,4.500000,0.448631,0.000000,-1.012534,3.141593,0.000000,-3.141593,3.141593,0.000000,0,0,0,#000000,30.000000,180.000000,0.000000
111,9.282230,1,1,0.840356,-0.270958,0.469451,27.999,-17.871,0.000000,-0.499889,0.866089,60.007,-90.000,-0.841825,0.269816,-0.467472,0.000000,-0.499889,0.866089,619.322,264340.906,24699.646,324.684,264557.812,24323.840,3.565714,4.500000,0.445047,0.000000,-0.997939,3.141593,0.000000,-3.141593,3.141593,0.000000,0,0,0,#000000,30.000000,180.000000,0.000000
112,9.365853,1,1,0.832356,-0.277060,0.480023,28.687,-18.411,0.000000,-0.499889,0.866089,60.007,-90.000,-0.833886,0.275907,-0.478027,0.000000,-0.499889,0.866089,616.544,264338.781,24703.340,324.684,264557.812,24323.840,3.537143,4.500000,0.441463,0.000000,-0.983344,3.141593,0.000000,-3.141593,3.141593,0.000000,0,0,0,#000000,30.000000,180.000000,0.000000
113,9.449477,1,1,0.824178,-0.283103,0.490493,29.373,-18.957,0.000000,-0.499889,0.866089,60.007,-90.000,-0.825770,0.281941,-0.488480,0.000000,-0.499889,0.866089,613.703,264336.656,24707.000,324.684,264557.812,24323.840,3.508571,4.500000,0.437880,0.000000,-0.968749,3.141593,0.000000,-3.141593,3.141593,0.000000,0,0,0,#000000,30.000000,180.000000,0.000000
114,9.533101,1,1,0.815825,-0.289086,0.500859,30.057,-19.512,0.000000,-0.499889,0.866089,60.007,-90.000,-0.817480,0.287915,-0.498830,0.000000,-0.499889,0.866089,514.321,264238.375,24613.609,228.203,264461.625,24226.828,3.480000,4.500000,0.434296,0.000000,-0.954154,3.141593,0.000000,-3.141593,3.141593,0.000000,0,0,0,#000000,30.000000,180.000000,0.000000
115,9.616725,1,1,0.807298,-0.295007,0.511118,30.738,-20.074,0.000000,-0.499889,0.866089,60.007,-90.000,-0.807304,0.295003,-0.511111,0.000000,-0.499889,0.866089,607.240,264332.094,24714.920,324.684,264557.812,24323.840,3.445714,4.500000,0.430712,0.000000,-0.939559,3.141593,0.000000,-3.141593,3.141593,0.000000,0,0,0,#000000,30.000000,180.000000,0.000000
116,9.700348,1,1,0.798599,-0.300865,0.521268,31.417,-20.643,0.000000,-0.499889,0.866089,60.007,-90.000,-0.798636,0.300841,-0.521226,0.000000,-0.499889,0.866089,604.206,264330.062,24718.461,324.684,264557.812,24323.840,3.417143,4.500000,0.427128,0.000000,-0.924964,3.141593,0.000000,-3.141593,3.141593,0.000000,0,0,0,#000000,30.000000,180.000000,0.000000
117,9.783972,1,1,0.789730,-0.306659,0.531307,32.094,-21.222,0.000000,-0.499889,0.866089,60.007,-90.000,-0.789798,0.306615,-0.531230,0.000000,-0.499889,0.866089,601.113,264328.031,24721.961,324.684,264557.812,24323.840,3.388571,4.500000,0.423544,0.000000,-0.910369,3.141593,0.000000,-3.141593,3.141593,0.000000,0,0,0,#000000,30.000000,180.000000,0.000000
118,9.867596,1,1,0.780693,-0.312388,0.541232,32.768,-21.808,0.000000,-0.499889,0.866089,60.007,-90.000,-0.780794,0.312325,-0.541123,0.000000,-0.499889,0.866089,597.961,264326.031,24725.424,324.684,264557.812,24323.840,3.360000,4.500000,0.419960,0.000000,-0.895774,3.141593,0.000000,-3.141593,3.141593,0.000000,0,0,0,#000000,30.000000,180.000000,0.000000
119,9.951220,1,1,0.771489,-0.318051,0.551043,33.439,-22.404,0.000000,-0.499889,0.866089,60.007,-90.000,-0.771625,0.317969,-0.550901,0.000000,-0.499889,0.866089,498.271,264227.875,24631.834,228.203,264461.625,24226.828,3.331429,4.500000,0.416376,0.000000,-0.881178,3.141593,0.000000,-3.141593,3.141593,0.000000,0,0,0,#000000,30.000000,180.000000,0.000000
120,10.034843,1,1,0.762121,-0.323645,0.560736,34.107,-23.009,0.000000,-0.499889,0.866089,60.007,-90.000,-0.762292,0.323545,-0.560562,0.000000,-0.499889,0.866089,591.486,264322.094,24732.229,324.684,264557.812,24323.840,3.302857,4.500000,0.412792,0.000000,-0.866583,3.141593,0.000000,-3.141593,3.141593,0.000000,0,0,0,#000000,30.000000,180.000000,0.000000
121,10.118467,1,1,0.752591,-0.329171,0.570310,34.772,-23.624,0.000000,-0.499889,0.866089,60.007,-90.000,-0.752798,0.329053,-0.570105,0.000000,-0.499889,0.866089,588.163,264320.188,24735.568,324.684,264557.812,24323.840,3.274286,4.500000,0.409209,0.000000,-0.851988,3.141593,0.000000,-3.141593,3.141593,0.000000,0,0,0,#000000,30.000000,180.000000,0.000000
122,10.202090,1,1,0.742901,-0.334627,0.579762,35.434,-24.248,0.000000,-0.499889,0.866089,60.007,-90.000,-0.743145,0.334491,-0.579527,0.000000,-0.499889,0.866089,584.784,264318.281,24738.865,324.684,264557.812,24323.840,3.245714,4.500000,0.405625,0.000000,-0.837393,3.141593,0.000000,-3.141593,3.141593,0.000000,0,0,0,#000000,30.000000,180.000000,0.000000
123,10.285714,1,1,0.733052,-0.340011,0.589090,36.092,-24.883,0.000000,-0.499889,0.866089,60.007,-90.000,-0.733334,0.339859,-0.588826,0.000000,-0.499889,0.866089,581.351,264316.406,24742.121,324.684,264557.812,24323.840,3.217143,4.500000,0.402041,0.000000,-0.822798,3.141593,0.000000,-3.141593,3.141593,0.000000,0,0,0,#000000,30.000000,180.000000,0.000000
124,10.369338,1,1,0.723047,-0.345323,0.598294,36.748,-25.529,0.000000,-0.499889,0.866089,60.007,-90.000,-0.723369,0.345154,-0.598001,0.000000,-0.499889,0.866089,577.863,264314.531,24745.332,324.684,264557.812,24323.840,3.188571,4.500000,0.398457,0.000000,-0.808203,3.141593,0.000000,-3.141593,3.141593,0.000000,0,0,0,#000000,30.000000,180.000000,0.000000
125,10.452962,1,1,0.712888,-0.350561,0.607369,37.400,-26.186,0.000000,-0.499889,0.866089,60.007,-90.000,-0.713250,0.350377,-0.607050,0.000000,-0.499889,0.866089,574.321,264312.719,24748.498,324.684,264557.812,24323.840,3.160000,4.500000,0.394873,0.000000,-0.793608,3.141593,0.000000,-3.141593,3.141593,0.000000,0,0,0,#000000,30.000000,180.000000,0.000000
126,10.536585,1,1,0.702577,-0.355725,0.616316,38.048,-26.854,0.000000,-0.499889,0.866089,60.007,-90.000,-0.702981,0.355526,-0.615970,0.000000,-0.499889,0.866089,570.727,264310.906,24751.621,324.684,264557.812,24323.840,3.131428,4.500000,0.391289,0.000000,-0.779013,3.141593,0.000000,-3.141593,3.141593,0.000000,0,0,0,#000000,30.000000,180.000000,0.000000
127,10.620209,1,1,0.692117,-0.360813,0.625131,38.692,-27.534,0.000000,-0.499889,0.866089,60.007,-90.000,-0.692563,0.360599,-0.624760,0.000000,-0.499889,0.866089,567.081,264309.125,24754.697,324.684,264557.812,24323.840,3.102857,4.500000,0.387705,0.000000,-0.764418,3.141593,0.000000,-3.141593,3.141593,0.000000,0,0,0,#000000,30.000000,180.000000,0.000000
128,10.703833,1,1,0.681509,-0.365824,0.633813,39.332,-28.226,0.000000,-0.499889,0.866089,60.007,-90.000,-0.681998,0.365596,-0.633418,0.000000,-0.499889,0.866089,563.383,264307.375,24757.727,324.684,264557.812,24323.840,3.074286,4.500000,0.384121,0.000000,-0.749823,3.141593,0.000000,-3.141593,3.141593,0.000000,0,0,0,#000000,30.000000,180.000000,0.000000
129,10.787457,1,1,0.670756,-0.370757,0.642360,39.968,-28.931,0.000000,-0.499889,0.866089,60.007,-90.000,-0.671289,0.370516,-0.641941,0.000000,-0.499889,0.866089,559.635,264305.656,24760.711,324.684,264557.812,24323.840,3.045714,4.500000,0.380538,0.000000,-0.735228,3.141593,0.000000,-3.141593,3.141593,0.000000,0,0,0,#000000,30.000000,180.000000,0.000000
130,10.871080,1,1,0.659860,-0.375611,0.650770,40.600,-29.650,0.000000,-0.499889,0.866089,60.007,-90.000,-0.660439,0.375357,-0.650329,0.000000,-0.499889,0.866089,555.837,264303.969,24763.646,324.684,264557.812,24323.840,3.017143,4.500000,0.376954,0.000000,-0.720632,3.141593,0.000000,-3.141593,3.141593,0.000000,0,0,0,#000000,30.000000,180.000000,0.000000
131,10.954704,1,1,0.648824,-0.380385,0.659041,41.227,-30.382,0.000000,-0.499889,0.866089,60.007,-90.000,-0.649448,0.380119,-0.658579,0.000000,-0.499889,0.866089,551.990,264302.312,24766.533,324.684,264557.812,24323.840,2.988572,4.500000,0.373370,0.000000,-0.706037,3.141593,0.000000,-3.141593,3.141593,0.000000,0,0,0,#000000,30.000000,180.000000,0.000000
132,11.038327,1,1,0.637649,-0.385078,0.667172,41.849,-31.128,0.000000,-0.499889,0.866089,60.007,-90.000,-0.638320,0.384800,-0.666691,0.000000,-0.499889,0.866089,548.096,264300.656,24769.373,324.684,264557.812,24323.840,2.960000,4.500000,0.369786,0.000000,-0.691442,3.141593,0.000000,-3.141593,3.141593,0.000000,0,0,0,#000000,30.000000,180.000000,0.000000
133,11.121951,1,1,0.626338,-0.389689,0.675161,42.467,-31.889,0.000000,-0.499889,0.866089,60.007,-90.000,-0.627057,0.389400,-0.674661,0.000000,-0.499889,0.866089,544.154,264299.062,24772.162,324.684,264557.812,24323.840,2.931428,4.500000,0.366202,0.000000,-0.676847,3.141593,0.000000,-3.141593,3.141593,0.000000,0,0,0,#000000,30.000000,180.000000,0.000000
134,11.205575,1,1,0.614894,-0.394217,0.683006,43.079,-32.664,0.000000,-0.499889,0.866089,60.007,-90.000,-0.615662,0.393918,-0.682488,0.000000,-0.499889,0.866089,540.165,264297.469,24774.902,324.684,264557.812,24323.840,2.902857,4.500000,0.362618,0.000000,-0.662252,3.141593,0.000000,-3.141593,3.141593,0.000000,0,0,0,#000000,30.000000,180.000000,0.000000
135,11.289199,1,1,0.603320,-0.398661,0.690706,43.686,-33.456,0.000000,-0.499889,0.866089,60.007,-90.000,-0.604136,0.398352,-0.690171,0.000000,-0.499889,0.866089,536.131,264295.906,24777.592,324.684,264557.812,24323.840,2.874285,4.500000,0.359034,0.000000,-0.647657,3.141593,0.000000,-3.141593,3.141593,0.000000,0,0,0,#000000,30.000000,180.000000,0.000000
136,11.372822,1,1,0.591616,-0.403021,0.698258,44.287,-34.263,0.000000,-0.499889,0.866089,60.007,-90.000,-0.592482,0.402703,-0.697708,0.000000,-0.499889,0.866089,532.052,264294.406,24780.229,324.684,264557.812,24323.840,2.845714,4.500000,0.355450,0.000000,-0.633062,3.141593,0.000000,-3.141593,3.141593,0.000000,0,0,0,#000000,30.000000,180.000000,0.000000
137,11.456446,1,1,0.579787,-0.407294,0.705662,44.883,-35.088,0.000000,-0.499889,0.866089,60.007,-90.000,-0.580703,0.406968,-0.705097,0.000000,-0.499889,0.866089,527.930,264292.906,24782.814,324.684,264557.812,24323.840,2.817143,4.500000,0.351867,0.000000,-0.618467,3.141593,0.000000,-3.141593,3.141593,0.000000,0,0,0,#000000,30.000000,180.000000,0.000000
138,11.540070,1,1,0.567834,-0.411481,0.712916,45.473,-35.929,0.000000,-0.499889,0.866089,60.007,-90.000,-0.568801,0.411146,-0.712337,0.000000,-0.499889,0.866089,523.764,264291.438,24785.350,324.684,264557.812,24323.840,2.788571,4.500000,0.348283,0.000000,-0.603872,3.141593,0.000000,-3.141593,3.141593,0.000000,0,0,0,#000000,30.000000,180.000000,0.000000
139,11.623693,1,1,0.555760,-0.415579,0.720017,46.056,-36.788,0.000000,-0.499889,0.866089,60.007,-90.000,-0.556779,0.415238,-0.719426,0.000000,-0.499889,0.866089,519.556,264290.000,24787.830,324.684,264557.812,24323.840,2.760000,4.500000,0.344699,0.000000,-0.589277,3.141593,0.000000,-3.141593,3.141593,0.000000,0,0,0,#000000,30.000000,180.000000,0.000000
140,11.707317,1,1,0.543568,-0.419590,0.726965,46.633,-37.665,0.000000,-0.499889,0.866089,60.007,-90.000,-0.544639,0.419242,-0.726364,0.000000,-0.499889,0.866089,515.307,264288.594,24790.258,324.684,264557.812,24323.840,2.731429,4.500000,0.341115,0.000000,-0.574682,3.141593,0.000000,-3.141593,3.141593,0.000000,0,0,0,#000000,30.000000,180.000000,0.000000
141,11.790941,1,1,0.531259,-0.423511,0.733759,47.202,-38.561,0.000000,-0.499889,0.866089,60.007,-90.000,-0.532384,0.423158,-0.733147,0.000000,-0.499889,0.866089,511.018,264287.250,24792.633,324.684,264557.812,24323.840,2.702857,4.500000,0.337531,0.000000,-0.560086,3.141593,0.000000,-3.141593,3.141593,0.000000,0,0,0,#000000,30.000000,180.000000,0.000000
142,11.874564,1,1,0.518838,-0.427342,0.740396,47.765,-39.477,0.000000,-0.499889,0.866089,60.007,-90.000,-0.520016,0.426984,-0.739776,0.000000,-0.499889,0.866089,506.689,264285.906,24794.953,324.684,264557.812,24323.840,2.674286,4.500000,0.333947,0.000000,-0.545491,3.141593,0.000000,-3.141593,3.141593,0.000000,0,0,0,#000000,30.000000,180.000000,0.000000
143,11.958188,1,1,0.506307,-0.431081,0.746875,48.320,-40.412,0.000000,-0.499889,0.866089,60.007,-90.000,-0.507538,0.430719,-0.746248,0.000000,-0.499889,0.866089,502.322,264284.594,24797.219,324.684,264557.812,24323.840,2.645714,4.500000,0.330363,0.000000,-0.530896,3.141593,0.000000,-3.141593,3.141593,0.000000,0,0,0,#000000,30.000000,180.000000,0.000000
144,12.041813,1,1,0.493667,-0.434729,0.753196,48.868,-41.368,0.000000,-0.499889,0.866089,60.007,-90.000,-0.494953,0.434364,-0.752562,0.000000,-0.499889,0.866089,497.917,264283.312,24799.428,324.684,264557.812,24323.840,2.617143,4.500000,0.326779,0.000000,-0.516301,3.141593,0.000000,-3.141593,3.141593,0.000000,0,0,0,#000000,30.000000,180.000000,0.000000
145,12.125436,1,1,0.480922,-0.438285,0.759355,49.407,-42.344,0.000000,-0.499889,0.866089,60.007,-90.000,-0.482263,0.437916,-0.758717,0.000000,-0.499889,0.866089,493.476,264282.062,24801.582,324.684,264557.812,24323.840,2.588571,4.500000,0.323196,0.000000,-0.501706,3.141593,0.000000,-3.141593,3.141593,0.000000,0,0,0,#000000,30.000000,180.000000,0.000000
146,12.209059,1,1,0.468075,-0.441747,0.765354,49.938,-43.342,0.000000,-0.499889,0.866089,60.007,-90.000,-0.469472,0.441376,-0.764711,0.000000,-0.499889,0.866089,488.999,264280.875,24803.680,324.684,264557.812,24323.840,2.560000,4.500000,0.319612,0.000000,-0.487111,3.141593,0.000000,-3.141593,3.141593,0.000000,0,0,0,#000000,30.000000,180.000000,0.000000
147,12.292683,1,1,0.455128,-0.445114,0.771189,50.461,-44.363,0.000000,-0.499889,0.866089,60.007,-90.000,-0.456580,0.444743,-0.770544,0.000000,-0.499889,0.866089,484.487,264279.688,24805.723,324.684,264557.812,24323.840,2.531428,4.500000,0.316028,0.000000,-0.472516,3.141593,0.000000,-3.141593,3.141593,0.000000,0,0,0,#000000,30.000000,180.000000,0.000000
148,12.376307,1,1,0.442084,-0.448388,0.776859,50.974,-45.406,0.000000,-0.499889,0.866089,60.007,-90.000,-0.443593,0.448015,-0.776214,0.000000,-0.499889,0.866089,479.941,264278.531,24807.707,324.684,264557.812,24323.840,2.502857,4.500000,0.312444,0.000000,-0.457921,3.141593,0.000000,-3.141593,3.141593,0.000000,0,0,0,#000000,30.000000,180.000000,0.000000
149,12.459930,1,1,0.428946,-0.451565,0.782365,51.478,-46.472,0.000000,-0.499889,0.866089,60.007,-90.000,-0.430511,0.451193,-0.781720,0.000000,-0.499889,0.866089,475.362,264277.438,24809.633,324.684,264557.812,24323.840,2.474286,4.500000,0.308860,0.000000,-0.443326,3.141593,0.000000,-3.141593,3.141593,0.000000,0,0,0,#000000,30.000000,180.000000,0.000000
150,12.543554,1,1,0.415717,-0.454646,0.787703,51.971,-47.561,0.000000,-0.499889,0.866089,60.007,-90.000,-0.417338,0.454275,-0.787060,0.000000,-0.499889,0.866089,470.752,264276.344,24811.502,324.684,264557.812,24323.840,2.445714,4.500000,0.305276,0.000000,-0.428731,3.141593,0.000000,-3.141593,3.141593,0.000000,0,0,0,#000000,30.000000,180.000000,0.000000
151,12.627178,1,1,0.402399,-0.457631,0.792874,52.455,-48.675,0.000000,-0.499889,0.866089,60.007,-90.000,-0.404078,0.457261,-0.792233,0.000000,-0.499889,0.866089,466.111,264275.312,24813.312,324.684,264557.812,24323.840,2.417143,4.500000,0.301692,0.000000,-0.414135,3.141593,0.000000,-3.141593,3.141593,0.000000,0,0,0,#000000,30.000000,180.000000,0.000000
152,12.710801,1,1,0.388995,-0.460518,0.797876,52.928,-49.813,0.000000,-0.499889,0.866089,60.007,-90.000,-0.390731,0.460150,-0.797239,0.000000,-0.499889,0.866089,461.439,264274.281,24815.064,324.684,264557.812,24323.840,2.388571,4.500000,0.298109,0.000000,-0.399541,3.141593,0.000000,-3.141593,3.141593,0.000000,0,0,0,#000000,30.000000,180.000000,0.000000
153,12.794424,1,1,0.375509,-0.463307,0.802708,53.389,-50.975,0.000000,-0.499889,0.866089,60.007,-90.000,-0.377302,0.462943,-0.802077,0.000000,-0.499889,0.866089,456.739,264273.312,24816.758,324.684,264557.812,24323.840,2.360000,4.500000,0.294525,0.000000,-0.384946,3.141593,0.000000,-3.141593,3.141593,0.000000,0,0,0,#000000,30.000000,180.000000,0.000000
154,12.878050,1,1,0.361942,-0.465997,0.807369,53.840,-52.163,0.000000,-0.499889,0.866089,60.007,-90.000,-0.363793,0.465637,-0.806745,0.000000,-0.499889,0.866089,452.011,264272.375,24818.393,324.684,264557.812,24323.840,2.331429,4.500000,0.290941,0.000000,-0.370350,3.141593,0.000000,-3.141593,3.141593,0.000000,0,0,0,#000000,30.000000,180.000000,0.000000
155,12.961673,1,1,0.348298,-0.468588,0.811858,54.278,-53.377,0.000000,-0.499889,0.866089,60.007,-90.000,-0.350207,0.468232,-0.811242,0.000000,-0.499889,0.866089,447.256,264271.469,24819.967,324.684,264557.812,24323.840,2.302857,4.500000,0.287357,0.000000,-0.355755,3.141593,0.000000,-3.141593,3.141593,0.000000,0,0,0,#000000,30.000000,180.000000,0.000000
156,13.045296,1,1,0.334581,-0.471079,0.816174,54.704,-54.616,0.000000,-0.499889,0.866089,60.007,-90.000,-0.336547,0.470729,-0.815567,0.000000,-0.499889,0.866089,442.475,264270.594,24821.480,324.684,264557.812,24323.840,2.274286,4.500000,0.283773,0.000000,-0.341160,3.141593,0.000000,-3.141593,3.141593,0.000000,0,0,0,#000000,30.000000,180.000000,0.000000
157,13.128920,1,1,0.320792,-0.473470,0.820316,55.116,-55.881,0.000000,-0.499889,0.866089,60.007,-90.000,-0.322816,0.473126,-0.819720,0.000000,-0.499889,0.866089,437.669,264269.750,24822.934,324.684,264557.812,24323.840,2.245714,4.500000,0.280189,0.000000,-0.326565,3.141593,0.000000,-3.141593,3.141593,0.000000,0,0,0,#000000,30.000000,180.000000,0.000000
158,13.212543,1,1,0.306934,-0.475760,0.824284,55.516,-57.172,0.000000,-0.499889,0.866089,60.007,-90.000,-0.309017,0.475423,-0.823700,0.000000,-0.499889,0.866089,432.840,264268.938,24824.326,324.684,264557.812,24323.840,2.217143,4.500000,0.276605,0.000000,-0.311970,3.141593,0.000000,-3.141593,3.141593,0.000000,0,0,0,#000000,30.000000,180.000000,0.000000
159,13.296167,1,1,0.293011,-0.477949,0.828076,55.902,-58.489,0.000000,-0.499889,0.866089,60.007,-90.000,-0.295152,0.477619,-0.827505,0.000000,-0.499889,0.866089,427.987,264268.188,24825.658,324.684,264557.812,24323.840,2.188571,4.500000,0.273021,0.000000,-0.297375,3.141593,0.000000,-3.141593,3.141593,0.000000,0,0,0,#000000,30.000000,180.000000,0.000000
160,13.379791,1,1,0.279026,-0.480035,0.831691,56.273,-59.832,0.000000,-0.499889,0.866089,60.007,-90.000,-0.281225,0.479715,-0.831136,0.000000,-0.499889,0.866089,423.112,264267.438,24826.928,324.684,264557.812,24323.840,2.160000,4.500000,0.269437,0.000000,-0.282780,3.141593,0.000000,-3.141593,3.141593,0.000000,0,0,0,#000000,30.000000,180.000000,0.000000
161,13.463415,1,1,0.264981,-0.482020,0.835130,56.629,-61.201,0.000000,-0.499889,0.866089,60.007,-90.000,-0.267238,0.481709,-0.834590,0.000000,-0.499889,0.866089,418.217,264266.750,24828.139,324.684,264557.812,24323.840,2.131428,4.500000,0.265854,0.000000,-0.268185,3.141593,0.000000,-3.141593,3.141593,0.000000,0,0,0,#000000,30.000000,180.000000,0.000000
162,13.547038,1,1,0.250880,-0.483902,0.838390,56.971,-62.595,0.000000,-0.499889,0.866089,60.007,-90.000,-0.253195,0.483601,-0.837868,0.000000,-0.499889,0.866089,413.302,264266.094,24829.285,324.684,264557.812,24323.840,2.102857,4.500000,0.262270,0.000000,-0.253590,3.141593,0.000000,-3.141593,3.141593,0.000000,0,0,0,#000000,30.000000,180.000000,0.000000
163,13.630661,1,1,0.236726,-0.485681,0.841472,57.296,-64.015,0.000000,-0.499889,0.866089,60.007,-90.000,-0.239098,0.485390,-0.840969,0.000000,-0.499889,0.866089,408.368,264265.469,24830.371,324.684,264557.812,24323.840,2.074286,4.500000,0.258686,0.000000,-0.238995,3.141593,0.000000,-3.141593,3.141593,0.000000,0,0,0,#000000,30.000000,180.000000,0.000000
164,13.714287,1,1,0.222521,-0.487356,0.844375,57.605,-65.459,0.000000,-0.499889,0.866089,60.007,-90.000,-0.224951,0.487077,-0.843892,0.000000,-0.499889,0.866089,403.416,264264.875,24831.393,324.684,264557.812,24323.840,2.045714,4.500000,0.255102,0.000000,-0.224399,3.141593,0.000000,-3.141593,3.141593,0.000000,0,0,0,#000000,30.000000,180.000000,0.000000
165,13.797910,1,1,0.208269,-0.488928,0.847098,57.897,-66.927,0.000000,-0.499889,0.866089,60.007,-90.000,-0.210756,0.488661,-0.846636,0.000000,-0.499889,0.866089,398.448,264264.312,24832.354,324.684,264557.812,24323.840,2.017143,4.500000,0.251518,0.000000,-0.209804,3.141593,0.000000,-3.141593,3.141593,0.000000,0,0,0,#000000,30.000000,180.000000,0.000000
166,13.881533,1,1,0.193972,-0.490395,0.849640,58.173,-68.419,0.000000,-0.499889,0.866089,60.007,-90.000,-0.196517,0.490142,-0.849201,0.000000,-0.499889,0.866089,393.464,264263.781,24833.252,324.684,264557.812,24323.840,1.988571,4.500000,0.247934,0.000000,-0.195209,3.141593,0.000000,-3.141593,3.141593,0.000000,0,0,0,#000000,30.000000,180.000000,0.000000
167,13.965157,1,1,0.179634,-0.491758,0.852001,58.430,-69.933,0.000000,-0.499889,0.866089,60.007,-90.000,-0.182236,0.491519,-0.851587,0.000000,-0.499889,0.866089,388.466,264263.312,24834.086,324.684,264557.812,24323.840,1.960000,4.500000,0.244350,0.000000,-0.180614,3.141593,0.000000,-3.141593,3.141593,0.000000,0,0,0,#000000,30.000000,180.000000,0.000000
168,14.048780,1,1,0.165257,-0.493016,0.854181,58.669,-71.469,0.000000,-0.499889,0.866089,60.007,-90.000,-0.167916,0.492792,-0.853792,0.000000,-0.499889,0.866089,383.454,264262.875,24834.859,324.684,264557.812,24323.840,1.931428,4.500000,0.240767,0.000000,-0.166019,3.141593,0.000000,-3.141593,3.141593,0.000000,0,0,0,#000000,30.000000,180.000000,0.000000
169,14.132404,1,1,0.150846,-0.494169,0.856179,58.890,-73.025,0.000000,-0.499889,0.866089,60.007,-90.000,-0.153561,0.493960,-0.855817,0.000000,-0.499889,0.866089,378.430,264262.469,24835.566,324.684,264557.812,24323.840,1.902857,4.500000,0.237183,0.000000,-0.151424,3.141593,0.000000,-3.141593,3.141593,0.000000,0,0,0,#000000,30.000000,180.000000,0.000000
170,14.216028,1,1,0.136402,-0.495217,0.857994,59.092,-74.600,0.000000,-0.499889,0.866089,60.007,-90.000,-0.139173,0.495024,-0.857661,0.000000,-0.499889,0.866089,373.394,264262.094,24836.213,324.684,264557.812,24323.840,1.874286,4.500000,0.233599,0.000000,-0.136829,3.141593,0.000000,-3.141593,3.141593,0.000000,0,0,0,#000000,30.000000,180.000000,0.000000
171,14.299652,1,1,0.121930,-0.496159,0.859627,59.275,-76.193,0.000000,-0.499889,0.866089,60.007,-90.000,-0.124756,0.495984,-0.859323,0.000000,-0.499889,0.866089,368.348,264261.750,24836.795,324.684,264557.812,24323.840,1.845714,4.500000,0.230015,0.000000,-0.122234,3.141593,0.000000,-3.141593,3.141593,0.000000,0,0,0,#000000,30.000000,180.000000,0.000000
172,14.383275,1,1,0.107431,-0.496996,0.861077,59.438,-77.803,0.000000,-0.499889,0.866089,60.007,-90.000,-0.110312,0.496838,-0.860804,0.000000,-0.499889,0.866089,363.293,264261.438,24837.312,324.684,264557.812,24323.840,1.817143,4.500000,0.226431,0.000000,-0.107639,3.141593,0.000000,-3.141593,3.141593,0.000000,0,0,0,#000000,30.000000,180.000000,0.000000
173,14.466898,1,1,0.092910,-0.497727,0.862343,59.581,-79.426,0.000000,-0.499889,0.866089,60.007,-90.000,-0.092950,0.497725,-0.862340,0.000000,-0.499889,0.866089,357.216,264261.125,24837.850,324.684,264557.812,24323.840,1.782857,4.500000,0.222847,0.000000,-0.093044,3.141593,0.000000,-3.141593,3.141593,0.000000,0,0,0,#000000,30.000000,180.000000,0.000000
174,14.550524,1,1,0.078368,-0.498352,0.863426,59.703,-81.063,0.000000,-0.499889,0.866089,60.007,-90.000,-0.078459,0.498348,-0.863419,0.000000,-0.499889,0.866089,255.663,264164.719,24741.217,228.203,264461.625,24226.828,1.754286,4.500000,0.219263,0.000000,-0.078448,3.141593,0.000000,-3.141593,3.141593,0.000000,0,0,0,#000000,30.000000,180.000000,0.000000
175,14.634147,1,1,0.063810,-0.498871,0.864324,59.806,-82.711,0.000000,-0.499889,0.866089,60.007,-90.000,-0.063952,0.498866,-0.864316,0.000000,-0.499889,0.866089,347.067,264260.750,24838.543,324.684,264557.812,24323.840,1.725714,4.500000,0.215679,0.000000,-0.063853,3.141593,0.000000,-3.141593,3.141593,0.000000,0,0,0,#000000,30.000000,180.000000,0.000000
176,14.717770,1,1,0.049239,-0.499283,0.865039,59.887,-84.368,0.000000,-0.499889,0.866089,60.007,-90.000,-0.049431,0.499278,-0.865031,0.000000,-0.499889,0.866089,341.984,264260.594,24838.791,324.684,264557.812,24323.840,1.697143,4.500000,0.212096,0.000000,-0.049258,3.141593,0.000000,-3.141593,3.141593,0.000000,0,0,0,#000000,30.000000,180.000000,0.000000
177,14.801394,1,1,0.034656,-0.499589,0.865569,59.948,-86.032,0.000000,-0.499889,0.866089,60.007,-90.000,-0.034899,0.499585,-0.865562,0.000000,-0.499889,0.866089,240.418,264164.312,24741.967,228.203,264461.625,24226.828,1.668571,4.500000,0.208512,0.000000,-0.034663,3.141593,0.000000,-3.141593,3.141593,0.000000,0,0,0,#000000,30.000000,180.000000,0.000000
178,14.885017,1,1,0.020067,-0.499789,0.865915,59.987,-87.701,0.000000,-0.499889,0.866089,60.007,-90.000,-0.020361,0.499786,-0.865910,0.000000,-0.499889,0.866089,331.810,264260.406,24839.100,324.684,264557.812,24323.840,1.640000,4.500000,0.204928,0.000000,-0.020068,3.141593,0.000000,-3.141593,3.141593,0.000000,0,0,0,#000000,30.000000,180.000000,0.000000
179,14.968641,1,1,0.005473,-0.499882,0.866076,60.006,-89.373,0.000000,-0.499889,0.866089,60.007,-90.000,-0.005818,0.499881,-0.866075,0.000000,-0.499889,0.866089,326.720,264260.375,24839.158,324.684,264557.812,24323.840,1.611428,4.500000,0.201344,0.000000,-0.005473,3.141593,0.000000,-3.141593,3.141593,0.000000,0,0,0,#000000,30.000000,180.000000,0.000000
180,15.052265,1,1,-0.009122,-0.499869,0.866053,60.003,-91.045,0.000000,-0.499889,0.866089,60.007,-90.000,0.008727,0.499870,-0.866056,0.000000,-0.499889,0.866089,321.629,264260.375,24839.150,324.684,264557.812,24323.840,1.600000,4.500000,0.200000,0.000000,0.009122,3.141593,0.000000,-3.141593,3.141593,0.000000,0,0,0,#000000,30.000000,180.000000,0.000000
181,15.135889,1,1,-0.023715,-0.499749,0.865846,59.979,-92.717,0.000000,-0.499889,0.866089,60.007,-90.000,0.023269,0.499754,-0.865855,0.000000,-0.499889,0.866089,316.539,264260.438,24839.080,324.684,264557.812,24323.840,1.600000,4.500000,0.200000,0.000000,0.023717,3.141593,0.000000,-3.141593,3.141593,0.000000,0,0,0,#000000,30.000000,180.000000,0.000000
182,15.219512,1,1,-0.038303,-0.499522,0.865454,59.935,-94.385,0.000000,-0.499889,0.866089,60.007,-90.000,0.037806,0.499532,-0.865470,0.000000,-0.499889,0.866089,311.451,264260.500,24838.945,324.684,264557.812,24323.840,1.600000,4.500000,0.200000,0.000000,0.038312,3.141593,0.000000,-3.141593,3.141593,0.000000,0,0,0,#000000,30.000000,180.000000,0.000000
183,15.303135,1,1,-0.052882,-0.499190,0.864878,59.869,-96.047,0.000000,-0.499889,0.866089,60.007,-90.000,0.052336,0.499204,-0.864902,0.000000,-0.499889,0.866089,306.366,264260.625,24838.746,324.684,264557.812,24323.840,1.600000,4.500000,0.200000,0.000000,0.052907,3.141593,0.000000,-3.141593,3.141593,0.000000,0,0,0,#000000,30.000000,180.000000,0.000000
184,15.386761,1,1,-0.067451,-0.498751,0.864117,59.782,-97.702,0.000000,-0.499889,0.866089,60.007,-90.000,0.066854,0.498771,-0.864152,0.000000,-0.499889,0.866089,301.285,264260.781,24838.484,324.684,264557.812,24323.840,1.600000,4.500000,0.200000,0.000000,0.067502,3.141593,0.000000,-3.141593,3.141593,0.000000,0,0,0,#000000,30.000000,180.000000,0.000000
185,15.470384,1,1,-0.082005,-0.498206,0.863172,59.675,-99.347,0.000000,-0.499889,0.866089,60.007,-90.000,0.081359,0.498232,-0.863218,0.000000,-0.499889,0.866089,296.208,264260.969,24838.158,324.684,264557.812,24323.840,1.600000,4.500000,0.200000,0.000000,0.082098,3.141593,0.000000,-3.141593,3.141593,0.000000,0,0,0,#000000,30.000000,180.000000,0.000000
186,15.554007,1,1,-0.096542,-0.497554,0.862044,59.547,-100.981,0.000000,-0.499889,0.866089,60.007,-90.000,0.095846,0.497588,-0.862102,0.000000,-0.499889,0.866089,291.138,264261.188,24837.768,324.684,264557.812,24323.840,1.600000,4.500000,0.200000,0.000000,0.096692,3.141593,0.000000,-3.141593,3.141593,0.000000,0,0,0,#000000,30.000000,180.000000,0.000000
187,15.637630,1,1,-0.111058,-0.496797,0.860732,59.399,-102.601,0.000000,-0.499889,0.866089,60.007,-90.000,0.110313,0.496838,-0.860803,0.000000,-0.499889,0.866089,286.074,264261.438,24837.312,324.684,264557.812,24323.840,1.600000,4.500000,0.200000,0.000000,0.111288,3.141593,0.000000,-3.141593,3.141593,0.000000,0,0,0,#000000,30.000000,180.000000,0.000000
188,15.721254,1,1,-0.125550,-0.495934,0.859236,59.231,-104.206,0.000000,-0.499889,0.866089,60.007,-90.000,0.124756,0.495984,-0.859323,0.000000,-0.499889,0.866089,184.538,264165.562,24739.783,228.203,264461.625,24226.828,1.600000,4.500000,0.200000,0.000000,0.125883,3.141593,0.000000,-3.141593,3.141593,0.000000,0,0,0,#000000,30.000000,180.000000,0.000000
189,15.804878,1,1,-0.140016,-0.494965,0.857558,59.043,-105.795,0.000000,-0.499889,0.866089,60.007,-90.000,0.139173,0.495024,-0.857661,0.000000,-0.499889,0.866089,275.973,264262.094,24836.213,324.684,264557.812,24323.840,1.600000,4.500000,0.200000,0.000000,0.140478,3.141593,0.000000,-3.141593,3.141593,0.000000,0,0,0,#000000,30.000000,180.000000,0.000000
190,15.888502,1,1,-0.154452,-0.493891,0.855696,58.837,-107.366,0.000000,-0.499889,0.866089,60.007,-90.000,0.153561,0.493960,-0.855817,0.000000,-0.499889,0.866089,270.937,264262.469,24835.566,324.684,264557.812,24323.840,1.600000,4.500000,0.200000,0.000000,0.155073,3.141593,0.000000,-3.141593,3.141593,0.000000,0,0,0,#000000,30.000000,180.000000,0.000000
191,15.972126,1,1,-0.168855,-0.492711,0.853653,58.611,-108.917,0.000000,-0.499889,0.866089,60.007,-90.000,0.167916,0.492792,-0.853792,0.000000,-0.499889,0.866089,265.913,264262.875,24834.859,324.684,264557.812,24323.840,1.600000,4.500000,0.200000,0.000000,0.169668,3.141593,0.000000,-3.141593,3.141593,0.000000,0,0,0,#000000,30.000000,180.000000,0.000000
192,16.055748,1,1,-0.183222,-0.491427,0.851428,58.367,-110.447,0.000000,-0.499889,0.866089,60.007,-90.000,0.182235,0.491519,-0.851587,0.000000,-0.499889,0.866089,260.901,264263.312,24834.086,324.684,264557.812,24323.840,1.600000,4.500000,0.200000,0.000000,0.184263,3.141593,0.000000,-3.141593,3.141593,0.000000,0,0,0,#000000,30.000000,180.000000,0.000000
193,16.139372,1,1,-0.197550,-0.490038,0.849021,58.105,-111.956,0.000000,-0.499889,0.866089,60.007,-90.000,0.196517,0.490142,-0.849201,0.000000,-0.499889,0.866089,255.903,264263.781,24833.252,324.684,264557.812,24323.840,1.600000,4.500000,0.200000,0.000000,0.198858,3.141593,0.000000,-3.141593,3.141593,0.000000,0,0,0,#000000,30.000000,180.000000,0.000000
194,16.222998,1,1,-0.211836,-0.488544,0.846434,57.826,-113.442,0.000000,-0.499889,0.866089,60.007,-90.000,0.210756,0.488661,-0.846636,0.000000,-0.499889,0.866089,250.919,264264.312,24832.354,324.684,264557.812,24323.840,1.600000,4.500000,0.200000,0.000000,0.213453,3.141593,0.000000,-3.141593,3.141593,0.000000,0,0,0,#000000,30.000000,180.000000,0.000000
195,16.306622,1,1,-0.226077,-0.486947,0.843666,57.529,-114.904,0.000000,-0.499889,0.866089,60.007,-90.000,0.224951,0.487077,-0.843892,0.000000,-0.499889,0.866089,245.951,264264.875,24831.393,324.684,264557.812,24323.840,1.600000,4.500000,0.200000,0.000000,0.228049,3.141593,0.000000,-3.141593,3.141593,0.000000,0,0,0,#000000,30.000000,180.000000,0.000000
196,16.390244,1,1,-0.240269,-0.485246,0.840718,57.216,-116.342,0.000000,-0.499889,0.866089,60.007,-90.000,0.239098,0.485390,-0.840969,0.000000,-0.499889,0.866089,240.999,264265.469,24830.371,324.684,264557.812,24323.840,1.600000,4.500000,0.200000,0.000000,0.242643,3.141593,0.000000,-3.141593,3.141593,0.000000,0,0,0,#000000,30.000000,180.000000,0.000000
197,16.473867,1,1,-0.254411,-0.483441,0.837592,56.887,-117.756,0.000000,-0.499889,0.866089,60.007,-90.000,0.253195,0.483600,-0.837868,0.000000,-0.499889,0.866089,236.065,264266.094,24829.285,324.684,264557.812,24323.840,1.600000,4.500000,0.200000,0.000000,0.257239,3.141593,0.000000,-3.141593,3.141593,0.000000,0,0,0,#000000,30.000000,180.000000,0.000000
198,16.557491,1,1,-0.268498,-0.481534,0.834287,56.542,-119.144,0.000000,-0.499889,0.866089,60.007,-90.000,0.267238,0.481709,-0.834590,0.000000,-0.499889,0.866089,134.669,264170.562,24731.127,228.203,264461.625,24226.828,1.600000,4.500000,0.200000,0.000000,0.271834,3.141593,0.000000,-3.141593,3.141593,0.000000,0,0,0,#000000,30.000000,180.000000,0.000000
199,16.641115,1,1,-0.282528,-0.479523,0.830804,56.181,-120.506,0.000000,-0.499889,0.866089,60.007,-90.000,0.281225,0.479715,-0.831136,0.000000,-0.499889,0.866089,226.255,264267.438,24826.928,324.684,264557.812,24323.840,1.600000,4.500000,0.200000,0.000000,0.286429,3.141593,0.000000,-3.141593,3.141593,0.000000,0,0,0,#000000,30.000000,180.000000,0.000000
200,16.724739,1,1,-0.296498,-0.477411,0.827144,55.806,-121.843,0.000000,-0.499889,0.866089,60.007,-90.000,0.295152,0.477619,-0.827505,0.000000,-0.499889,0.866089,221.380,264268.188,24825.658,324.684,264557.812,24323.840,1.600000,4.500000,0.200000,0.000000,0.301024,3.141593,0.000000,-3.141593,3.141593,0.000000,0,0,0,#000000,30.000000,180.000000,0.000000
201,16.808363,1,1,-0.310405,-0.475197,0.823308,55.417,-123.153,0.000000,-0.499889,0.866089,60.007,-90.000,0.309017,0.475423,-0.823700,0.000000,-0.499889,0.866089,216.528,264268.938,24824.326,324.684,264557.812,24323.840,1.600000,4.500000,0.200000,0.000000,0.315619,3.141593,0.000000,-3.141593,3.141593,0.000000,0,0,0,#000000,30.000000,180.000000,0.000000
202,16.891987,1,1,-0.324245,-0.472882,0.819297,55.014,-124.438,0.000000,-0.499889,0.866089,60.007,-90.000,0.322816,0.473126,-0.819720,0.000000,-0.499889,0.866089,211.698,264269.750,24822.934,324.684,264557.812,24323.840,1.600000,4.500000,0.200000,0.000000,0.330214,3.141593,0.000000,-3.141593,3.141593,0.000000,0,0,0,#000000,30.000000,180.000000,0.000000
203,16.975609,1,1,-0.338017,-0.470466,0.815111,54.598,-125.696,0.000000,-0.499889,0.866089,60.007,-90.000,0.336548,0.470729,-0.815567,0.000000,-0.499889,0.866089,206.892,264270.594,24821.480,324.684,264557.812,24323.840,1.600000,4.500000,0.200000,0.000000,0.344809,3.141593,0.000000,-3.141593,3.141593,0.000000,0,0,0,#000000,30.000000,180.000000,0.000000
204,17.059235,1,1,-0.351717,-0.467950,0.810752,54.169,-126.929,0.000000,-0.499889,0.866089,60.007,-90.000,0.350207,0.468232,-0.811242,0.000000,-0.499889,0.866089,202.111,264271.469,24819.967,324.684,264557.812,24323.840,1.600000,4.500000,0.200000,0.000000,0.359404,3.141593,0.000000,-3.141593,3.141593,0.000000,0,0,0,#000000,30.000000,180.000000,0.000000
205,17.142857,1,1,-0.365341,-0.465334,0.806220,53.728,-128.136,0.000000,-0.499889,0.866089,60.007,-90.000,0.363793,0.465637,-0.806745,0.000000,-0.499889,0.866089,197.356,264272.375,24818.393,324.684,264557.812,24323.840,1.600000,4.500000,0.200000,0.000000,0.373999,3.141593,0.000000,-3.141593,3.141593,0.000000,0,0,0,#000000,30.000000,180.000000,0.000000
206,17.226480,1,1,-0.378888,-0.462619,0.801516,53.275,-129.318,0.000000,-0.499889,0.866089,60.007,-90.000,0.377302,0.462943,-0.802077,0.000000,-0.499889,0.866089,192.628,264273.312,24816.758,324.684,264557.812,24323.840,1.600000,4.500000,0.200000,0.000000,0.388594,3.141593,0.000000,-3.141593,3.141593,0.000000,0,0,0,#000000,30.000000,180.000000,0.000000
207,17.310104,1,1,-0.392354,-0.459805,0.796641,52.811,-130.474,0.000000,-0.499889,0.866089,60.007,-90.000,0.390731,0.460151,-0.797239,0.000000,-0.499889,0.866089,187.928,264274.281,24815.064,324.684,264557.812,24323.840,1.600000,4.500000,0.200000,0.000000,0.403189,3.141593,0.000000,-3.141593,3.141593,0.000000,0,0,0,#000000,30.000000,180.000000,0.000000
208,17.393728,1,1,-0.405736,-0.456894,0.791597,52.335,-131.606,0.000000,-0.499889,0.866089,60.007,-90.000,0.404078,0.457261,-0.792233,0.000000,-0.499889,0.866089,183.256,264275.312,24813.312,324.684,264557.812,24323.840,1.600000,4.500000,0.200000,0.000000,0.417784,3.141593,0.000000,-3.141593,3.141593,0.000000,0,0,0,#000000,30.000000,180.000000,0.000000
209,17.477352,1,1,-0.419033,-0.453885,0.786384,51.849,-132.714,0.000000,-0.499889,0.866089,60.007,-90.000,0.417339,0.454275,-0.787060,0.000000,-0.499889,0.866089,178.615,264276.344,24811.502,324.684,264557.812,24323.840,1.600000,4.500000,0.200000,0.000000,0.432380,3.141593,0.000000,-3.141593,3.141593,0.000000,0,0,0,#000000,30.000000,180.000000,0.000000
210,17.560976,1,1,-0.432239,-0.450780,0.781004,51.353,-133.797,0.000000,-0.499889,0.866089,60.007,-90.000,0.430511,0.451193,-0.781719,0.000000,-0.499889,0.866089,174.005,264277.438,24809.633,324.684,264557.812,24323.840,1.600000,4.500000,0.200000,0.000000,0.446975,3.141593,0.000000,-3.141593,3.141593,0.000000,0,0,0,#000000,30.000000,180.000000,0.000000
211,17.644600,1,1,-0.445354,-0.447578,0.775457,50.846,-134.857,0.000000,-0.499889,0.866089,60.007,-90.000,0.443593,0.448015,-0.776214,0.000000,-0.499889,0.866089,169.426,264278.531,24807.707,324.684,264557.812,24323.840,1.600000,4.500000,0.200000,0.000000,0.461570,3.141593,0.000000,-3.141593,3.141593,0.000000,0,0,0,#000000,30.000000,180.000000,0.000000
212,17.728222,1,1,-0.458374,-0.444281,0.769745,50.331,-135.894,0.000000,-0.499889,0.866089,60.007,-90.000,0.456581,0.444743,-0.770544,0.000000,-0.499889,0.866089,164.880,264279.688,24805.723,324.684,264557.812,24323.840,1.600000,4.500000,0.200000,0.000000,0.476165,3.141593,0.000000,-3.141593,3.141593,0.000000,0,0,0,#000000,30.000000,180.000000,0.000000
213,17.811846,1,1,-0.471296,-0.440890,0.763869,49.806,-136.909,0.000000,-0.499889,0.866089,60.007,-90.000,0.469472,0.441376,-0.764711,0.000000,-0.499889,0.866089,160.369,264280.875,24803.680,324.684,264557.812,24323.840,1.600000,4.500000,0.200000,0.000000,0.490760,3.141593,0.000000,-3.141593,3.141593,0.000000,0,0,0,#000000,30.000000,180.000000,0.000000
214,17.895472,1,1,-0.484118,-0.437404,0.757830,49.273,-137.902,0.000000,-0.499889,0.866089,60.007,-90.000,0.482263,0.437916,-0.758717,0.000000,-0.499889,0.866089,155.891,264282.062,24801.582,324.684,264557.812,24323.840,1.600000,4.500000,0.200000,0.000000,0.505355,3.141593,0.000000,-3.141593,3.141593,0.000000,0,0,0,#000000,30.000000,180.000000,0.000000
215,17.979095,1,1,-0.496837,-0.433826,0.751630,48.732,-138.873,0.000000,-0.499889,0.866089,60.007,-90.000,0.494953,0.434364,-0.752562,0.000000,-0.499889,0.866089,151.450,264283.312,24799.428,324.684,264557.812,24323.840,1.600000,4.500000,0.200000,0.000000,0.519950,3.141593,0.000000,-3.141593,3.141593,0.000000,0,0,0,#000000,30.000000,180.000000,0.000000
216,18.062717,1,1,-0.509450,-0.430155,0.745270,48.182,-139.824,0.000000,-0.499889,0.866089,60.007,-90.000,0.507538,0.430719,-0.746248,0.000000,-0.499889,0.866089,147.045,264284.594,24797.219,324.684,264557.812,24323.840,1.600000,4.500000,0.200000,0.000000,0.534545,3.141593,0.000000,-3.141593,3.141593,0.000000,0,0,0,#000000,30.000000,180.000000,0.000000
217,18.146341,1,1,-0.521954,-0.426392,0.738751,47.625,-140.754,0.000000,-0.499889,0.866089,60.007,-90.000,0.520016,0.426984,-0.739776,0.000000,-0.499889,0.866089,142.678,264285.906,24794.953,324.684,264557.812,24323.840,1.600000,4.500000,0.200000,0.000000,0.549140,3.141593,0.000000,-3.141593,3.141593,0.000000,0,0,0,#000000,30.000000,180.000000,0.000000
218,18.229965,1,1,-0.534347,-0.422539,0.732075,47.061,-141.665,0.000000,-0.499889,0.866089,60.007,-90.000,0.532384,0.423158,-0.733147,0.000000,-0.499889,0.866089,138.349,264287.250,24792.633,324.684,264557.812,24323.840,1.600000,4.500000,0.200000,0.000000,0.563735,3.141593,0.000000,-3.141593,3.141593,0.000000,0,0,0,#000000,30.000000,180.000000,0.000000
219,18.313587,1,1,-0.546626,-0.418596,0.725243,46.489,-142.556,0.000000,-0.499889,0.866089,60.007,-90.000,0.544639,0.419243,-0.726364,0.000000,-0.499889,0.866089,134.060,264288.594,24790.258,324.684,264557.812,24323.840,1.600000,4.500000,0.200000,0.000000,0.578330,3.141593,0.000000,-3.141593,3.141593,0.000000,0,0,0,#000000,30.000000,180.000000,0.000000
220,18.397213,1,1,-0.558790,-0.414563,0.718256,45.911,-143.428,0.000000,-0.499889,0.866089,60.007,-90.000,0.556779,0.415238,-0.719426,0.000000,-0.499889,0.866089,129.811,264290.000,24787.830,324.684,264557.812,24323.840,1.600000,4.500000,0.200000,0.000000,0.592926,3.141593,0.000000,-3.141593,3.141593,0.000000,0,0,0,#000000,30.000000,180.000000,0.000000
221,18.480837,1,1,-0.570834,-0.410442,0.711116,45.326,-144.283,0.000000,-0.499889,0.866089,60.007,-90.000,0.568801,0.411146,-0.712337,0.000000,-0.499889,0.866089,125.603,264291.438,24785.350,324.684,264557.812,24323.840,1.600000,4.500000,0.200000,0.000000,0.607521,3.141593,0.000000,-3.141593,3.141593,0.000000,0,0,0,#000000,30.000000,180.000000,0.000000
222,18.564461,1,1,-0.582756,-0.406234,0.703825,44.735,-145.120,0.000000,-0.499889,0.866089,60.007,-90.000,0.580703,0.406968,-0.705097,0.000000,-0.499889,0.866089,121.438,264292.906,24782.814,324.684,264557.812,24323.840,1.600000,4.500000,0.200000,0.000000,0.622116,3.141593,0.000000,-3.141593,3.141593,0.000000,0,0,0,#000000,30.000000,180.000000,0.000000
223,18.648083,1,1,-0.594554,-0.401939,0.696384,44.138,-145.940,0.000000,-0.499889,0.866089,60.007,-90.000,0.592482,0.402703,-0.697707,0.000000,-0.499889,0.866089,117.315,264294.406,24780.229,324.684,264557.812,24323.840,1.600000,4.500000,0.200000,0.000000,0.636711,3.141593,0.000000,-3.141593,3.141593,0.000000,0,0,0,#000000,30.000000,180.000000,0.000000
224,18.731707,1,1,-0.606225,-0.397558,0.688795,43.535,-146.743,0.000000,-0.499889,0.866089,60.007,-90.000,0.604136,0.398353,-0.690170,0.000000,-0.499889,0.866089,113.236,264295.906,24777.592,324.684,264557.812,24323.840,1.600000,4.500000,0.200000,0.000000,0.651306,3.141593,0.000000,-3.141593,3.141593,0.000000,0,0,0,#000000,30.000000,180.000000,0.000000
225,18.815331,1,1,-0.617768,-0.393093,0.681059,42.926,-147.531,0.000000,-0.499889,0.866089,60.007,-90.000,0.615661,0.393918,-0.682488,0.000000,-0.499889,0.866089,109.202,264297.469,24774.902,324.684,264557.812,24323.840,1.600000,4.500000,0.200000,0.000000,0.665901,3.141593,0.000000,-3.141593,3.141593,0.000000,0,0,0,#000000,30.000000,180.000000,0.000000
226,18.898954,1,1,-0.629179,-0.388544,0.673177,42.313,-148.303,0.000000,-0.499889,0.866089,60.007,-90.000,0.627057,0.389400,-0.674660,0.000000,-0.499889,0.866089,105.214,264299.062,24772.162,324.684,264557.812,24323.840,1.600000,4.500000,0.200000,0.000000,0.680496,3.141593,0.000000,-3.141593,3.141593,0.000000,0,0,0,#000000,30.000000,180.000000,0.000000
227,18.982578,1,1,-0.640455,-0.383913,0.665153,41.694,-149.060,0.000000,-0.499889,0.866089,60.007,-90.000,0.638320,0.384800,-0.666690,0.000000,-0.499889,0.866089,101.272,264300.656,24769.373,324.684,264557.812,24323.840,1.600000,4.500000,0.200000,0.000000,0.695091,3.141593,0.000000,-3.141593,3.141593,0.000000,0,0,0,#000000,30.000000,180.000000,0.000000
228,19.066202,1,1,-0.651596,-0.379199,0.656986,41.070,-149.803,0.000000,-0.499889,0.866089,60.007,-90.000,0.649448,0.380119,-0.658579,0.000000,-0.499889,0.866089,97.377,264302.312,24766.533,324.684,264557.812,24323.840,1.600000,4.500000,0.200000,0.000000,0.709686,3.141593,0.000000,-3.141593,3.141593,0.000000,0,0,0,#000000,30.000000,180.000000,0.000000
229,19.149826,1,1,-0.662597,-0.374405,0.648680,40.442,-150.531,0.000000,-0.499889,0.866089,60.007,-90.000,0.660439,0.375357,-0.650329,0.000000,-0.499889,0.866089,93.530,264303.969,24763.646,324.684,264557.812,24323.840,1.600000,4.500000,0.200000,0.000000,0.724281,3.141593,0.000000,-3.141593,3.141593,0.000000,0,0,0,#000000,30.000000,180.000000,0.000000
230,19.233450,1,1,-0.673458,-0.369531,0.640235,39.809,-151.246,0.000000,-0.499889,0.866089,60.007,-90.000,0.673443,0.369538,-0.640247,0.000000,-0.499889,0.866089,88.979,264306.000,24760.117,324.684,264557.812,24323.840,1.600000,4.500000,0.200000,0.000000,0.738876,3.141593,0.000000,-3.141593,3.141593,0.000000,0,0,0,#000000,30.000000,180.000000,0.000000
231,19.317074,1,1,-0.684175,-0.364578,0.631655,39.172,-151.948,0.000000,-0.499889,0.866089,60.007,-90.000,0.684123,0.364603,-0.631697,0.000000,-0.499889,0.866089,85.241,264307.719,24757.125,324.684,264557.812,24323.840,1.600000,4.500000,0.200000,0.000000,0.753471,3.141593,0.000000,-3.141593,3.141593,0.000000,0,0,0,#000000,30.000000,180.000000,0.000000
232,19.400696,1,1,-0.694746,-0.359548,0.622939,38.531,-152.637,0.000000,-0.499889,0.866089,60.007,-90.000,0.694658,0.359590,-0.623012,0.000000,-0.499889,0.866089,81.553,264309.500,24754.086,324.684,264557.812,24323.840,1.600000,4.500000,0.200000,0.000000,0.768066,3.141593,0.000000,-3.141593,3.141593,0.000000,0,0,0,#000000,30.000000,180.000000,0.000000
233,19.484320,1,1,-0.705169,-0.354441,0.614091,37.886,-153.314,0.000000,-0.499889,0.866089,60.007,-90.000,0.705047,0.354502,-0.614196,0.000000,-0.499889,0.866089,77.917,264311.281,24751.000,324.684,264557.812,24323.840,1.600000,4.500000,0.200000,0.000000,0.782662,3.141593,0.000000,-3.141593,3.141593,0.000000,0,0,0,#000000,30.000000,180.000000,0.000000
234,19.567944,1,1,-0.715442,-0.349259,0.605112,37.237,-153.980,0.000000,-0.499889,0.866089,60.007,-90.000,0.715286,0.349338,-0.605250,0.000000,-0.499889,0.866089,74.333,264313.062,24747.869,324.684,264557.812,24323.840,1.600000,4.500000,0.200000,0.000000,0.797257,3.141593,0.000000,-3.141593,3.141593,0.000000,0,0,0,#000000,30.000000,180.000000,0.000000
235,19.651569,1,1,-0.725563,-0.344002,0.596004,36.584,-154.634,0.000000,-0.499889,0.866089,60.007,-90.000,0.725374,0.344101,-0.596176,0.000000,-0.499889,0.866089,70.803,264314.906,24744.693,324.684,264557.812,24323.840,1.600000,4.500000,0.200000,0.000000,0.811852,3.141593,0.000000,-3.141593,3.141593,0.000000,0,0,0,#000000,30.000000,180.000000,0.000000
236,19.735191,1,1,-0.735529,-0.338672,0.586770,35.928,-155.276,0.000000,-0.499889,0.866089,60.007,-90.000,0.735309,0.338791,-0.586976,0.000000,-0.499889,0.866089,67.325,264316.781,24741.473,324.684,264557.812,24323.840,1.600000,4.500000,0.200000,0.000000,0.826447,3.141593,0.000000,-3.141593,3.141593,0.000000,0,0,0,#000000,30.000000,180.000000,0.000000
237,19.818815,1,1,-0.745338,-0.333270,0.577410,35.269,-155.909,0.000000,-0.499889,0.866089,60.007,-90.000,0.745088,0.333409,-0.577652,0.000000,-0.499889,0.866089,63.903,264318.656,24738.209,324.684,264557.812,24323.840,1.600000,4.500000,0.200000,0.000000,0.841042,3.141593,0.000000,-3.141593,3.141593,0.000000,0,0,0,#000000,30.000000,180.000000,0.000000
238,19.902439,1,1,-0.754989,-0.327796,0.567927,34.606,-156.531,0.000000,-0.499889,0.866089,60.007,-90.000,0.754710,0.327957,-0.568206,0.000000,-0.499889,0.866089,60.535,264320.562,24734.902,324.684,264557.812,24323.840,1.600000,4.500000,0.200000,0.000000,0.855637,3.141593,0.000000,-3.141593,3.141593,0.000000,0,0,0,#000000,30.000000,180.000000,0.000000
239,19.986061,1,1,-0.764479,-0.322253,0.558324,33.940,-157.143,0.000000,-0.499889,0.866089,60.007,-90.000,0.764171,0.322435,-0.558639,0.000000,-0.499889,0.866089,57.224,264322.500,24731.555,324.684,264557.812,24323.840,1.600000,4.500000,0.200000,0.000000,0.870232,3.141593,0.000000,-3.141593,3.141593,0.000000,0,0,0,#000000,30.000000,180.000000,0.000000
240,20.069687,1,1,-0.773806,-0.316641,0.548601,33.271,-157.746,0.000000,-0.499889,0.866089,60.007,-90.000,0.773472,0.316845,-0.548954,0.000000,-0.499889,0.866089,53.969,264324.438,24728.166,324.684,264557.812,24323.840,1.840003,4.500000,0.231359,0.000000,0.884827,3.141593,0.000000,-3.141593,3.141593,0.000000,0,0,0,#000000,30.000000,180.000000,0.000000
241,20.153311,1,1,-0.782968,-0.310962,0.538761,32.599,-158.339,0.000000,-0.499889,0.866089,60.007,-90.000,0.782608,0.311188,-0.539153,0.000000,-0.499889,0.866089,50.771,264326.438,24724.734,324.684,264557.812,24323.840,2.139999,4.500000,0.268990,0.000000,0.899423,3.141593,0.000000,-3.141593,3.141593,0.000000,0,0,0,#000000,30.000000,180.000000,0.000000
242,20.236935,1,1,-0.791963,-0.305217,0.528807,31.925,-158.924,0.000000,-0.499889,0.866089,60.007,-90.000,0.791579,0.305466,-0.529238,0.000000,-0.499889,0.866089,47.631,264328.438,24721.264,324.684,264557.812,24323.840,2.440001,4.500000,0.306621,0.000000,0.914018,3.141593,0.000000,-3.141593,3.141593,0.000000,0,0,0,#000000,30.000000,180.000000,0.000000
243,20.320557,1,1,-0.800790,-0.299407,0.518741,31.248,-159.500,0.000000,-0.499889,0.866089,60.007,-90.000,0.800383,0.299678,-0.519211,0.000000,-0.499889,0.866089,44.550,264330.469,24717.756,324.684,264557.812,24323.840,2.740003,4.500000,0.344251,0.000000,0.928612,3.141593,0.000000,-3.141593,3.141593,0.000000,0,0,0,#000000,30.000000,180.000000,0.000000
244,20.404181,1,1,-0.809446,-0.293532,0.508563,30.568,-160.068,0.000000,-0.499889,0.866089,60.007,-90.000,0.809017,0.293828,-0.509074,0.000000,-0.499889,0.866089,41.528,264332.500,24714.207,324.684,264557.812,24323.840,3.039999,4.500000,0.381881,0.000000,0.943208,3.141593,0.000000,-3.141593,3.141593,0.000000,0,0,0,#000000,30.000000,180.000000,0.000000
245,20.487804,1,1,-0.817929,-0.287596,0.498277,29.886,-160.628,0.000000,-0.499889,0.866089,60.007,-90.000,0.817480,0.287915,-0.498830,0.000000,-0.499889,0.866089,38.566,264334.562,24710.621,324.684,264557.812,24323.840,3.340001,4.500000,0.419512,0.000000,0.957803,3.141593,0.000000,-3.141593,3.141593,0.000000,0,0,0,#000000,30.000000,180.000000,0.000000
246,20.571428,1,1,-0.826239,-0.281598,0.487885,29.202,-161.180,0.000000,-0.499889,0.866089,60.007,-90.000,0.825770,0.281941,-0.488480,0.000000,-0.499889,0.866089,35.664,264336.656,24707.000,324.684,264557.812,24323.840,3.640003,4.500000,0.457143,0.000000,0.972398,3.141593,0.000000,-3.141593,3.141593,0.000000,0,0,0,#000000,30.000000,180.000000,0.000000
247,20.655052,1,1,-0.834372,-0.275540,0.477390,28.515,-161.725,0.000000,-0.499889,0.866089,60.007,-90.000,0.833886,0.275907,-0.478027,0.000000,-0.499889,0.866089,32.824,264338.781,24703.340,324.684,264557.812,24323.840,3.939999,4.500000,0.494774,0.000000,0.986993,3.141593,0.000000,-3.141593,3.141593,0.000000,0,0,0,#000000,30.000000,180.000000,0.000000
248,20.738676,1,1,-0.842328,-0.269423,0.466792,27.826,-162.263,0.000000,-0.499889,0.866089,60.007,-90.000,0.841825,0.269816,-0.467472,0.000000,-0.499889,0.866089,30.045,264340.906,24699.646,324.684,264557.812,24323.840,4.240001,4.500000,0.532404,0.000000,1.001588,3.141593,0.000000,-3.141593,3.141593,0.000000,0,0,0,#000000,30.000000,180.000000,0.000000
249,20.822300,1,1,-0.850104,-0.263249,0.456095,27.135,-162.794,0.000000,-0.499889,0.866089,60.007,-90.000,0.849586,0.263667,-0.456819,0.000000,-0.499889,0.866089,27.328,264343.062,24695.918,324.684,264557.812,24323.840,4.540003,4.500000,0.570035,0.000000,1.016183,3.141593,0.000000,-3.141593,3.141593,0.000000,0,0,0,#000000,30.000000,180.000000,0.000000
250,20.905924,1,1,-0.857699,-0.257019,0.445301,26.443,-163.319,0.000000,-0.499889,0.866089,60.007,-90.000,0.857167,0.257462,-0.446069,0.000000,-0.499889,0.866089,24.675,264345.219,24692.156,324.684,264557.812,24323.840,4.839999,4.500000,0.607666,0.000000,1.030778,3.141593,0.000000,-3.141593,3.141593,0.000000,0,0,0,#000000,30.000000,180.000000,0.000000
251,20.989548,1,1,-0.865112,-0.250734,0.434412,25.748,-163.837,0.000000,-0.499889,0.866089,60.007,-90.000,0.864567,0.251203,-0.435225,0.000000,-0.499889,0.866089,22.085,264347.438,24688.359,324.684,264557.812,24323.840,5.140001,4.500000,0.645296,0.000000,1.045373,3.141593,0.000000,-3.141593,3.141593,0.000000,0,0,0,#000000,30.000000,180.000000,0.000000
252,21.073170,1,1,-0.872340,-0.244396,0.423431,25.051,-164.349,0.000000,-0.499889,0.866089,60.007,-90.000,0.871785,0.244891,-0.424288,0.000000,-0.499889,0.866089,19.559,264349.625,24684.531,324.684,264557.812,24323.840,5.440003,4.500000,0.682926,0.000000,1.059968,3.141593,0.000000,-3.141593,3.141593,0.000000,0,0,0,#000000,30.000000,180.000000,0.000000
253,21.156794,1,1,-0.879382,-0.238005,0.412359,24.353,-164.856,0.000000,-0.499889,0.866089,60.007,-90.000,0.878817,0.238527,-0.413262,0.000000,-0.499889,0.866089,17.098,264351.875,24680.674,324.684,264557.812,24323.840,5.739998,4.500000,0.720557,0.000000,1.074563,3.141593,0.000000,-3.141593,3.141593,0.000000,0,0,0,#000000,30.000000,180.000000,0.000000
254,21.240417,1,1,-0.886237,-0.231564,0.401200,23.653,-165.357,0.000000,-0.499889,0.866089,60.007,-90.000,0.885664,0.232112,-0.402148,0.000000,-0.499889,0.866089,14.701,264354.094,24676.783,324.684,264557.812,24323.840,6.040001,4.500000,0.758188,0.000000,1.089158,3.141593,0.000000,-3.141593,3.141593,0.000000,0,0,0,#000000,30.000000,180.000000,0.000000
255,21.324043,1,1,-0.892904,-0.225074,0.389954,22.952,-165.852,0.000000,-0.499889,0.866089,60.007,-90.000,0.892323,0.225648,-0.390950,0.000000,-0.499889,0.866089,12.370,264356.375,24672.863,324.684,264557.812,24323.840,6.340003,4.500000,0.795819,0.000000,1.103754,3.141593,0.000000,-3.141593,3.141593,0.000000,0,0,0,#000000,30.000000,180.000000,0.000000
256,21.407665,1,1,-0.899380,-0.218536,0.378627,22.249,-166.343,0.000000,-0.499889,0.866089,60.007,-90.000,0.898794,0.219137,-0.379668,0.000000,-0.499889,0.866089,10.106,264358.656,24668.916,324.684,264557.812,24323.840,6.639998,4.500000,0.833449,0.000000,1.118349,3.141593,0.000000,-3.141593,3.141593,0.000000,0,0,0,#000000,30.000000,180.000000,0.000000
257,21.491289,1,1,-0.905664,-0.211951,0.367218,21.544,-166.828,0.000000,-0.499889,0.866089,60.007,-90.000,0.905075,0.212579,-0.368307,0.000000,-0.499889,0.866089,7.907,264360.938,24664.939,324.684,264557.812,24323.840,6.940001,4.500000,0.871080,0.000000,1.132944,3.141593,0.000000,-3.141593,3.141593,0.000000,0,0,0,#000000,30.000000,180.000000,0.000000
258,21.574913,1,1,-0.911756,-0.205321,0.355731,20.838,-167.309,0.000000,-0.499889,0.866089,60.007,-90.000,0.911164,0.205977,-0.356867,0.000000,-0.499889,0.866089,5.776,264363.250,24660.936,324.684,264557.812,24323.840,7.240003,4.500000,0.908711,0.000000,1.147539,3.141593,0.000000,-3.141593,3.141593,0.000000,0,0,0,#000000,30.000000,180.000000,0.000000
259,21.658535,1,1,-0.917653,-0.198647,0.344169,20.131,-167.785,0.000000,-0.499889,0.866089,60.007,-90.000,0.917060,0.199330,-0.345352,0.000000,-0.499889,0.866089,-92.768,264269.375,24559.893,228.203,264461.625,24226.828,7.539999,4.500000,0.946341,0.000000,1.162134,3.141593,0.000000,-3.141593,3.141593,0.000000,0,0,0,#000000,30.000000,180.000000,0.000000
260,21.742161,1,1,-0.923355,-0.191931,0.332532,19.423,-168.258,0.000000,-0.499889,0.866089,60.007,-90.000,0.922762,0.192642,-0.333764,0.000000,-0.499889,0.866089,1.717,264367.906,24652.850,324.684,264557.812,24323.840,7.840001,4.500000,0.983972,0.000000,1.176729,3.141593,0.000000,-3.141593,3.141593,0.000000,0,0,0,#000000,30.000000,180.000000,0.000000
261,21.825785,1,1,-0.928860,-0.185174,0.320825,18.713,-168.726,0.000000,-0.499889,0.866089,60.007,-90.000,0.928270,0.185913,-0.322105,0.000000,-0.499889,0.866089,-0.211,264370.281,24648.768,324.684,264557.812,24323.840,8.140003,4.500000,1.021603,0.000000,1.191324,3.141593,0.000000,-3.141593,3.141593,0.000000,0,0,0,#000000,30.000000,180.000000,0.000000
262,21.909409,1,1,-0.934168,-0.178378,0.309050,18.002,-169.190,0.000000,-0.499889,0.866089,60.007,-90.000,0.933580,0.179144,-0.310379,0.000000,-0.499889,0.866089,-2.070,264372.656,24644.664,324.684,264557.812,24323.840,8.439999,4.500000,1.059234,0.000000,1.205919,3.141593,0.000000,-3.141593,3.141593,0.000000,0,0,0,#000000,30.000000,180.000000,0.000000
263,21.993031,1,1,-0.939276,-0.171543,0.297210,17.290,-169.650,0.000000,-0.499889,0.866089,60.007,-90.000,0.938694,0.172338,-0.298586,0.000000,-0.499889,0.866089,-3.859,264375.031,24640.537,324.684,264557.812,24323.840,8.740001,4.500000,1.096864,0.000000,1.220514,3.141593,0.000000,-3.141593,3.141593,0.000000,0,0,0,#000000,30.000000,180.000000,0.000000
264,22.076654,2,1,-0.944184,-0.164673,0.285305,16.577,-170.107,0.000000,-0.499889,0.866089,60.007,-90.000,0.943609,0.165495,-0.286730,0.000000,-0.499889,0.866089,-5.579,264377.406,24636.387,324.684,264557.812,24323.840,9.040003,4.500000,1.134495,0.000000,1.235109,3.141593,0.000000,-3.141593,3.141593,0.000000,0,0,0,#000000,30.000000,180.000000,0.000000
265,22.160278,2,1,-0.948891,-0.157767,0.273340,15.863,-170.560,0.000000,-0.499889,0.866089,60.007,-90.000,0.948324,0.158617,-0.274814,0.000000,-0.499889,0.866089,-7.230,264379.812,24632.217,324.684,264557.812,24323.840,9.339998,4.500000,1.172125,0.000000,1.249704,3.141593,0.000000,-3.141593,3.141593,0.000000,0,0,0,#000000,30.000000,180.000000,0.000000
266,22.243902,2,1,-0.953396,-0.150827,0.261317,15.148,-171.010,0.000000,-0.499889,0.866089,60.007,-90.000,0.952838,0.151706,-0.262840,0.000000,-0.499889,0.866089,-105.291,264286.062,24531.014,228.203,264461.625,24226.828,9.640001,4.500000,1.209756,0.000000,1.264300,3.141593,0.000000,-3.141593,3.141593,0.000000,0,0,0,#000000,30.000000,180.000000,0.000000
267,22.327526,2,1,-0.957698,-0.143855,0.249238,14.432,-171.458,0.000000,-0.499889,0.866089,60.007,-90.000,0.957151,0.144762,-0.250809,0.000000,-0.499889,0.866089,-10.319,264384.688,24623.814,324.684,264557.812,24323.840,9.940003,4.500000,1.247387,0.000000,1.278895,3.141593,0.000000,-3.141593,3.141593,0.000000,0,0,0,#000000,30.000000,180.000000,0.000000
268,22.411150,2,1,-0.961796,-0.136853,0.237106,13.716,-171.902,0.000000,-0.499889,0.866089,60.007,-90.000,0.961262,0.137788,-0.238727,0.000000,-0.499889,0.866089,-11.758,264387.125,24619.586,324.684,264557.812,24323.840,10.239999,4.500000,1.285017,0.000000,1.293490,3.141593,0.000000,-3.141593,3.141593,0.000000,0,0,0,#000000,30.000000,180.000000,0.000000
269,22.494774,2,1,-0.965689,-0.129821,0.224923,12.998,-172.343,0.000000,-0.499889,0.866089,60.007,-90.000,0.965169,0.130785,-0.226593,0.000000,-0.499889,0.866089,-13.126,264389.562,24615.338,324.684,264557.812,24323.840,10.540001,4.500000,1.322648,0.000000,1.308085,3.141593,0.000000,-3.141593,3.141593,0.000000,0,0,0,#000000,30.000000,180.000000,0.000000
270,22.578398,2,1,-0.969377,-0.122762,0.212693,12.280,-172.782,0.000000,-0.499889,0.866089,60.007,-90.000,0.968872,0.123754,-0.214411,0.000000,-0.499889,0.866089,-14.422,264392.031,24611.074,324.684,264557.812,24323.840,10.840003,4.500000,1.360279,0.000000,1.322680,3.141593,0.000000,-3.141593,3.141593,0.000000,0,0,0,#000000,30.000000,180.000000,0.000000
271,22.662022,2,1,-0.972858,-0.115677,0.200417,11.561,-173.219,0.000000,-0.499889,0.866089,60.007,-90.000,0.972370,0.116697,-0.202185,0.000000,-0.499889,0.866089,-15.646,264394.500,24606.795,324.684,264557.812,24323.840,11.139998,4.500000,1.397910,0.000000,1.337275,3.141593,0.000000,-3.141593,3.141593,0.000000,0,0,0,#000000,30.000000,180.000000,0.000000
272,22.745644,2,1,-0.976131,-0.108567,0.188099,10.842,-173.654,0.000000,-0.499889,0.866089,60.007,-90.000,0.975662,0.109615,-0.189915,0.000000,-0.499889,0.866089,-16.798,264396.969,24602.502,324.684,264557.812,24323.840,11.440001,4.500000,1.435540,0.000000,1.351870,3.141593,0.000000,-3.141593,3.141593,0.000000,0,0,0,#000000,30.000000,180.000000,0.000000
273,22.829268,2,1,-0.979197,-0.101434,0.175740,10.122,-174.086,0.000000,-0.499889,0.866089,60.007,-90.000,0.978748,0.102510,-0.177605,0.000000,-0.499889,0.866089,-17.878,264399.469,24598.193,324.684,264557.812,24323.840,11.740004,4.500000,1.473170,0.000000,1.366465,3.141593,0.000000,-3.141593,3.141593,0.000000,0,0,0,#000000,30.000000,180.000000,0.000000
274,22.912891,2,1,-0.982054,-0.094279,0.163344,9.401,-174.516,0.000000,-0.499889,0.866089,60.007,-90.000,0.981627,0.095383,-0.165258,0.000000,-0.499889,0.866089,-18.886,264401.969,24593.871,324.684,264557.812,24323.840,12.039999,4.500000,1.510801,0.000000,1.381060,3.141593,0.000000,-3.141593,3.141593,0.000000,0,0,0,#000000,30.000000,180.000000,0.000000
275,22.996517,2,1,-0.984702,-0.087104,0.150913,8.680,-174.945,0.000000,-0.499889,0.866089,60.007,-90.000,0.984299,0.088236,-0.152875,0.000000,-0.499889,0.866089,-19.821,264404.469,24589.537,324.684,264557.812,24323.840,12.340001,4.500000,1.548433,0.000000,1.395656,3.141593,0.000000,-3.141593,3.141593,0.000000,0,0,0,#000000,30.000000,180.000000,0.000000
276,23.080139,2,1,-0.987140,-0.079911,0.138450,7.958,-175.372,-0.882948,-0.234683,0.406603,23.992,-165.115,0.986762,0.081071,-0.140460,-0.882948,-0.234683,0.406603,-20.683,264406.969,24585.191,541.006,264492.844,24436.414,12.640003,4.500000,1.586063,0.000000,1.410251,3.141593,0.000000,10.513937,3.141593,0.000000,0,0,0,#000000,30.000000,180.000000,0.000000
277,23.163763,2,1,-0.989368,-0.072701,0.125958,7.236,-175.797,-0.902586,-0.215208,0.372860,21.892,-166.589,0.989016,0.073888,-0.128016,-0.902586,-0.215208,0.372860,-21.472,264409.469,24580.836,545.817,264488.062,24444.680,12.939999,4.500000,1.623693,0.000000,1.424846,3.141593,0.000000,10.557722,3.141593,0.000000,0,0,0,#000000,30.000000,180.000000,0.000000
278,23.247387,2,1,-0.991385,-0.065475,0.113439,6.514,-176.221,-0.920505,-0.195322,0.338407,19.780,-168.020,0.991061,0.066690,-0.115544,-0.920505,-0.195322,0.338407,-22.188,264412.000,24576.473,550.207,264483.188,24453.121,13.240001,4.500000,1.661324,0.000000,1.439441,3.141593,0.000000,10.601507,3.141593,0.000000,0,0,0,#000000,30.000000,180.000000,0.000000
279,23.331009,2,1,-0.993191,-0.058235,0.100896,5.791,-176.644,-0.936673,-0.175064,0.303310,17.657,-169.414,0.992897,0.059478,-0.103048,-0.936673,-0.175064,0.303310,-22.830,264414.531,24572.098,554.168,264478.250,24461.721,13.540003,4.500000,1.698954,0.000000,1.454035,3.141593,0.000000,10.645292,3.141593,0.000000,0,0,0,#000000,30.000000,180.000000,0.000000
280,23.414635,2,1,-0.994786,-0.050983,0.088330,5.068,-177.066,-0.951057,-0.154474,0.267636,15.524,-170.774,0.994522,0.052253,-0.090531,-0.951057,-0.154474,0.267636,-23.399,264417.062,24567.717,557.693,264473.188,24470.461,13.839998,4.500000,1.736586,0.000000,1.468631,3.141593,0.000000,10.689078,3.141593,0.000000,0,0,0,#000000,30.000000,180.000000,0.000000
281,23.498259,2,1,-0.996168,-0.043720,0.075747,4.344,-177.487,-0.963631,-0.133589,0.231452,13.383,-172.107,0.995937,0.045017,-0.077994,-0.963631,-0.133589,0.231452,-23.894,264419.594,24563.328,560.773,264468.062,24479.326,14.140001,4.500000,1.774216,0.000000,1.483226,3.141593,0.000000,10.732863,3.141593,0.000000,0,0,0,#000000,30.000000,180.000000,0.000000
282,23.581882,2,1,-0.997338,-0.036447,0.063147,3.620,-177.907,-0.974370,-0.112450,0.194827,11.235,-173.417,0.997141,0.037771,-0.065440,-0.974370,-0.112450,0.194827,-24.316,264422.125,24558.936,563.404,264462.906,24488.299,14.440003,4.500000,1.811847,0.000000,1.497821,3.141593,0.000000,10.776649,3.141593,0.000000,0,0,0,#000000,30.000000,180.000000,0.000000
283,23.665504,2,1,-0.998296,-0.029167,0.050534,2.897,-178.326,-0.983255,-0.091098,0.157832,9.081,-174.707,0.998135,0.030518,-0.052873,-0.983255,-0.091098,0.157832,-24.664,264424.656,24554.537,565.581,264457.656,24497.363,14.739999,4.500000,1.849477,0.000000,1.512416,3.141593,0.000000,10.820434,3.141593,0.000000,0,0,0,#000000,30.000000,180.000000,0.000000
284,23.749128,2,1,-0.999042,-0.021881,0.037910,2.173,-178.745,-0.990268,-0.069571,0.120536,6.923,-175.981,0.998917,0.023257,-0.040295,-0.990268,-0.069571,0.120536,-121.418,264331.031,24453.123,470.818,264356.188,24409.488,15.040001,4.500000,1.887108,0.000000,1.527011,3.141593,0.000000,10.864219,3.141593,0.000000,0,0,0,#000000,30.000000,180.000000,0.000000
285,23.832752,2,1,-0.999574,-0.014590,0.025278,1.448,-179.164,-0.995396,-0.047912,0.083010,4.762,-177.244,0.999488,0.015993,-0.027708,-0.995396,-0.047912,0.083010,-25.137,264429.750,24545.729,568.556,264447.094,24515.693,15.340003,4.500000,1.924739,0.000000,1.541606,3.141593,0.000000,10.908004,3.141593,0.000000,0,0,0,#000000,30.000000,180.000000,0.000000
286,23.916376,2,1,-0.999893,-0.007296,0.012640,0.724,-179.582,-0.998629,-0.026162,0.045328,2.598,-178.499,0.999848,0.008724,-0.015115,-0.998629,-0.026162,0.045328,-25.263,264432.281,24541.322,569.348,264441.750,24524.926,15.639998,4.500000,1.962369,0.000000,1.556201,3.141593,0.000000,10.951790,3.141593,0.000000,0,0,0,#000000,30.000000,180.000000,0.000000
288,24.000000,3,0,1.000000,0.000000,0.000000,0.000,0.000,-1.000000,-0.000000,-0.000000,-0.000,-180.000,1.000000,0.000000,0.000000,-1.000000,-0.000000,-0.000000,-121.797,264339.156,24439.020,473.203,264339.156,24439.020,16.000000,4.500000,0.000000,4.500000,1.570796,3.141593,0.000000,-1.570796,3.141593,0.000000,255,180,151,#FFB497,30.000000,180.000000,0.000000
