# умение -> визуальный эффект. LineageSkillEffect.u, клиент High Five rev.268 (EN)
# skill_id: поле SkillID класса l2_<id>_skill, оно же skill_visual_effect из skillgrp.dat.
#   у 98 классов поле в дефолтах не задано - там id взят из имени класса.
# phase: массив, в котором лежит запись. attach_on: 0 None 1 Location 2 RH 3 LH 4 RA 5 LA
#   6 Wing 7 BoneSpecified 8 AliasSpecified 9 Trail 10 Agathion; пусто = не задан (дефолт 0).
# пустой effect_class = у записи нет EffectClass (30 таких на весь пакет).
skill_id	phase	effect_class	attach_on	bone	spawn_delay	scale	on_target
1	CastingAction	LineageEffect.at_fatal_strike_ca	9			1	
1	CastingAction	LineageEffect.s_u010_b	2				
1	CastingAction	LineageEffect.s_u010_b	3				
2	CastingAction	LineageEffect.m_u018_a	9			1	
2	CastingAction	LineageEffect.m_u018_a	9			1	
2	CastingAction	LineageEffect.m_u018_a	9			0.8	
2	CastingAction	LineageEffect.m_u018_a	9			0.6	
2	ShotAction	LineageEffect.m_u018_b	9				
2	ShotAction	LineageEffect.m_u018_b	9				
2	ShotAction	LineageEffect.d_purplebubble_fl				0.4	
2	ShotAction	LineageEffect.m_u018_b	9				
2	ExplosionAction	LineageEffect.m_u018_b	9				
2	ExplosionAction	LineageEffect.at_fatal_strike_ta	9			0.8	
2	ExplosionAction	LineageEffect.at_fatal_strike_ta	9			1.2	
3	CastingAction	LineageEffect.s_u002_a	2				
3	ShotAction	LineageEffect.p_u002_a	9				
4	CastingAction	LineageEffect.mo_dash_ca	9				
4	CastingAction	LineageEffect.z_common_short_ca	9			1	
4	CastingAction	LineageEffect.mo_dash_ta	9				
4	CastingAction	LineageEffect.mo_dash_ca	9				
4	CastingAction	LineageEffect.mo_dash_ca	9				
4	CastingAction	LineageEffect.mo_dash_ca	9				
4	ShotAction	LineageEffect.mo_dash_ta	9				
4	ShotAction	LineageEffect.mo_dash_ta	9				
4	ShotAction	LineageEffect.mo_dash_ta	9				
4	ShotAction	LineageEffect.mo_dash_ta	9				
5	CastingAction	LineageEffect.at_fatal_strike_ca	9			1	
5	CastingAction	LineageEffect.s_u010_b	2				
5	CastingAction	LineageEffect.s_u010_b	3				
5	ShotAction	LineageEffect.s_u015_b	9				
6	CastingAction	LineageEffect.at_fatal_strike_ca	9			1	
6	ShotAction	LineageEffect.at_sonic_blast_fl					
6	ExplosionAction	LineageEffect.at_sonic_blast_ta	9				
7	CastingAction	LineageEffect.at_fatal_strike_ca	9			1	
7	ShotAction	LineageEffect.at_sonic_blast_fl					
7	ExplosionAction	LineageEffect.m_u006_d	9				
7	ExplosionAction	LineageEffect.at_sonic_blast_ta	9				
8	CastingAction	LineageEffect.mo_focus_sonic_ca	9				
8	CastingAction	LineageEffect.mo_focus_sonic_ta	9		0.5		
8	CastingAction	LineageEffect.mo_focus_sonic_ca	9				
8	ShotAction	LineageEffect.mo_focus_sonic_ta	9				
9	CastingAction	LineageEffect.s_u010_a	9				
9	ShotAction	LineageEffect.el_flame_strike_ra	9				
9	ShotAction	LineageEffect.el_flame_strike_ta	9				
16	CastingAction	LineageEffect.s_u001_a	2				
16	CastingAction	LineageEffect.RibbonSet	2				
16	ShotAction	LineageEffect.s_u001_b				1	
19	PreshotAction	LineageEffect.s_u003_d	2				
19	CastingAction	LineageEffect.s_u003_a	3				
19	CastingAction	LineageEffect.at_fatal_strike_ca	9			1	
19	ShotAction	LineageEffect.s_u003_b	9				
19	ExplosionAction	LineageEffect.p_u004_a	9				
24	PreshotAction	LineageEffect.s_u003_d	2				
24	CastingAction	LineageEffect.s_u003_a	3			1	
24	ShotAction	LineageEffect.s_u003_b	9				
24	ExplosionAction	LineageEffect.m_u006_d	9				
24	ExplosionAction	LineageEffect.m_u006_e	9				
28	CastingAction	LineageEffect.ph_hate_ca	9			1	
28	ShotAction	LineageEffect.ph_hate_ta	8	e_bone			
29	CastingAction	LineageEffect.s_u006_a	2				
29	ShotAction	LineageEffect.s_u006_b	9				
30	CastingAction	LineageEffect.s_u010_b	2				
30	CastingAction	LineageEffect.s_u010_a	9				
30	ShotAction	LineageEffect.p_u004_a	9				
35	CastingAction	LineageEffect.at_fatal_strike_ca	9			1	
35	ShotAction	LineageEffect.m_u000_c					
35	ExplosionAction	LineageEffect.m_u006_d	9				
35	ExplosionAction	LineageEffect.m_u006_e	9				
50	CastingAction	LineageEffect.s_u530_focus_force_ca	9				
50	CastingAction	LineageEffect.s_u530_focus_force_ta	9		0.5		
50	CastingAction	LineageEffect.s_u530_focus_force_ca	9				
50	ShotAction	LineageEffect.s_u530_focus_force_ta	9				
54	CastingAction	LineageEffect.at_fatal_strike_ca	9			1	
54	CastingAction	LineageEffect.at_sonic_blast_ta	9			1	
54	ShotAction	LineageEffect.m_u006_c					
54	ExplosionAction	LineageEffect.at_sonic_blast_ta	9				
56	PreshotAction	LineageEffect.s_u003_d	2				
56	CastingAction	LineageEffect.s_u003_a	3				
56	ShotAction	LineageEffect.s_u003_b	9				
56	ExplosionAction	LineageEffect.p_u004_a	9				
69	CastingAction	LineageEffect.mo_battle_roar_ca	9				
69	ShotAction	LineageEffect.wh_greater_heal_ta	9				
69	ShotAction	LineageEffect.at_fatal_strike_ta	9				
70	CastingAction	LineageEffect.s_u019_a	9			1	
70	ShotAction	LineageEffect.s_u019_b	9			1	
70	ShotAction	LineageEffect.s_u019_c					
72	CastingAction	LineageEffect.mo_iron_will_ca	9				
72	ShotAction	LineageEffect.mo_iron_will_ta	9				
76	CastingAction	LineageEffect.s_u527_ca	9			1	
76	ShotAction	LineageEffect.s_u527_ta	9			1	
78	CastingAction	LineageEffect.mo_war_cry_ca	9			0.6	
78	CastingAction	LineageEffect.mo_war_cry_ca	9			0.6	
78	ShotAction	LineageEffect.mo_war_cry_ta	9			1	
78	ShotAction	LineageEffect.mo_war_cry_ta	9			1	
81	CastingAction	LineageEffect.at_fatal_strike_ca	9			1	
81	ShotAction	LineageEffect.el_flame_strike_ta	9				
82	ShotAction	LineageEffect.mo_majesty_ta	9				
84	CastingAction	LineageEffect.s_u010_a	9				
84	ShotAction	LineageEffect.m_u006_d	9				
84	ShotAction	LineageEffect.m_u006_e	9				
86	CastingAction	LineageEffect.mo_reflect_damage_ca	9			0.5	
86	CastingAction	LineageEffect.mo_reflect_damage_ca	9			1	
86	ShotAction	LineageEffect.mo_reflect_damage_ta	9			0.4	
86	ShotAction	LineageEffect.mo_reflect_damage_ta	9		0.3	0.6	
86	ShotAction	LineageEffect.mo_reflect_damage_ta	9				
92	CastingAction	LineageEffect.at_shield_stun_ca	3				
92	CastingAction	LineageEffect.d_pcasting_pp	9			0.8	
92	CastingAction	LineageEffect.at_stun_attack_ca	3				
92	CastingAction	LineageEffect.d_pcasting_pp	9			0.8	
92	CastingAction	LineageEffect.at_stun_attack_ca	3				
92	CastingAction	LineageEffect.at_stun_attack_ca	2				
92	ShotAction	LineageEffect.at_shield_stun_ta	9				
92	ShotAction	LineageEffect.at_shield_stun_cs	3				
92	ShotAction	LineageEffect.at_stun_attack_ta	9				
92	ShotAction	LineageEffect.at_shield_stun_cs	2				
92	ShotAction	LineageEffect.d_smash_red	9			0.3	
92	ShotAction	LineageEffect.at_stun_attack_ta	9				
92	ShotAction	LineageEffect.at_shield_stun_cs	2				
94	CastingAction	LineageEffect.s_u235_ca	9			1	
94	ShotAction	LineageEffect.s_u235_ta	9			1	
99	CastingAction	LineageEffect.mo_rapid_shot_ca	9				
99	ShotAction	LineageEffect.mo_rapid_shot_ta	9				
100	CastingAction	LineageEffect.at_stun_attack_ca	2				
100	CastingAction	LineageEffect.RibbonSet	2				
100	CastingAction	LineageEffect.at_stun_attack_ca	7	Bip01 R Hand		0.5	
100	CastingAction	LineageEffect.at_stun_attack_ca	7	Bip01 L Hand		0.5	
100	CastingAction	LineageEffect.d_pcasting_y	9			0.5	
100	CastingAction	LineageEffect.at_stun_attack_ca	7	Bip01 R Hand		0.2	
100	CastingAction	LineageEffect.at_stun_attack_ca	7	Bip01 L Hand		0.2	
100	CastingAction	LineageEffect.s_u812_beam_ta	7	Bip01 head		0.2	
100	CastingAction	LineageEffect.d_pcasting_y	9			0.35	
100	CastingAction	LineageEffect.at_stun_attack_ca	2				
100	CastingAction	LineageEffect.RibbonSet	2				
100	CastingAction	LineageEffect.d_pcasting_y	9				
100	CastingAction	LineageEffect.at_stun_attack_ca	2				
100	CastingAction	LineageEffect.RibbonSet	2				
100	CastingAction	LineageEffect.d_pcasting_y	9			0.4	
100	CastingAction	LineageEffect.at_stun_attack_ca	2				
100	CastingAction	LineageEffect.d_pcasting_y	9				
100	CastingAction	LineageEffect.at_stun_attack_ca	2				
100	CastingAction	LineageEffect.RibbonSet	2				
100	CastingAction	LineageEffect.d_pcasting_y	9			0.5	
100	CastingAction	LineageEffect.s_u812_beam_ta	7	Bip01 head		0.2	
100	CastingAction	LineageEffect.d_pcasting_y	9			0.35	
100	CastingAction	LineageEffect.s_u812_beam_ta	7	Bip01 head		0.2	
100	CastingAction	LineageEffect.d_pcasting_y	9			0.35	
100	CastingAction	LineageEffect.at_stun_attack_ca	7	Bip01 R Hand		0.5	
100	CastingAction	LineageEffect.at_stun_attack_ca	7	Bip01 L Hand		0.5	
100	CastingAction	LineageEffect.d_pcasting_y	9			0.5	
100	CastingAction	LineageEffect.at_stun_attack_ca	2				
100	CastingAction	LineageEffect.RibbonSet	2				
100	CastingAction	LineageEffect.d_pcasting_y	9		1.5	0.6	
100	CastingAction	LineageEffect.s_u225_ca	9			1	
100	CastingAction	LineageEffect.s_u812_beam_ta	7	Bip01 R Hand		0.2	
100	CastingAction	LineageEffect.d_pcasting_y	9			0.35	
100	CastingAction	LineageEffect.s_u812_beam_ta	7	Bip01 L Hand		0.2	
100	CastingAction	LineageEffect.at_stun_attack_ca	7	Bip01 R Hand			
100	CastingAction	LineageEffect.RibbonSet	2				
100	CastingAction	LineageEffect.at_stun_attack_ca	7	Bip01 L Hand			
100	CastingAction	LineageEffect.s_u820_ca_web	9			0.7	
100	CastingAction	LineageEffect.s_u812_beam_ta	7	Bip01 R Hand		0.2	
100	CastingAction	LineageEffect.s_u820_ca_web	9			0.7	
100	CastingAction	LineageEffect.at_stun_attack_ca	9			0.6	
100	CastingAction	LineageEffect.s_u812_beam_ta	7	Bip01 head		0.2	
100	CastingAction	LineageEffect.d_pcasting_y	9			0.35	
100	CastingAction	LineageEffect.at_stun_attack_ca	7	Bip01 R Hand		0.5	
100	CastingAction	LineageEffect.at_stun_attack_ca	7	Bip01 L Hand		0.5	
100	CastingAction	LineageEffect.s_u023_lightening_ca	9			0.7	
100	CastingAction	LineageEffect.s_u812_beam_ta	7	Bip01 head		0.2	
100	CastingAction	LineageEffect.d_pcasting_y	9			0.35	
100	ShotAction	LineageEffect.at_stun_attack_ta	9				
100	ShotAction	LineageEffect.at_shield_stun_cs	2				
100	ShotAction	LineageEffect.at_stun_attack_ta	9			0.6	
100	ShotAction	LineageEffect.d_smash_ssec				0.8	
100	ShotAction	LineageEffect.at_stun_attack_ta	9			0.8	
100	ShotAction	LineageEffect.d_smash_ssec				0.8	
100	ShotAction	LineageEffect.at_stun_attack_ta	9			0.8	
100	ShotAction	LineageEffect.d_smash_ssec			1	0.8	
100	ShotAction	LineageEffect.at_stun_attack_ta	9		1	0.8	
100	ShotAction	LineageEffect.at_stun_attack_ta	9				
100	ShotAction	LineageEffect.at_shield_stun_cs	2				
100	ShotAction	LineageEffect.at_stun_attack_ta	9				
100	ShotAction	LineageEffect.at_shield_stun_cs	2				
100	ShotAction	LineageEffect.at_stun_attack_ta	9				
100	ShotAction	LineageEffect.at_shield_stun_cs	2				
100	ShotAction	LineageEffect.at_stun_attack_ta	9				
100	ShotAction	LineageEffect.at_shield_stun_cs	2				
100	ShotAction	LineageEffect.d_smash_ssec				0.8	
100	ShotAction	LineageEffect.at_stun_attack_ta	9			0.8	
100	ShotAction	LineageEffect.d_smash_ssec			1	0.8	
100	ShotAction	LineageEffect.at_stun_attack_ta	9		1	0.8	
100	ShotAction	LineageEffect.d_smash_ssec				0.8	
100	ShotAction	LineageEffect.at_stun_attack_ta	9			0.8	
100	ShotAction	LineageEffect.d_smash_ssec			1	0.8	
100	ShotAction	LineageEffect.at_stun_attack_ta	9		1	0.8	
100	ShotAction	LineageEffect.at_stun_attack_ta	9			0.6	
100	ShotAction	LineageEffect.at_stun_attack_ta	9				
100	ShotAction	LineageEffect.at_shield_stun_cs	2				
100	ShotAction	LineageEffect.d_smash_red	9			0.4	
100	ShotAction	LineageEffect.s_u225_ta	9			1.2	
100	ShotAction	LineageEffect.d_smash_red	9		1	0.4	
100	ShotAction	LineageEffect.s_u225_ta	9		1	1.2	
100	ShotAction	LineageEffect.d_smash_ssec				0.8	
100	ShotAction	LineageEffect.at_stun_attack_ta	9			0.8	
100	ShotAction	LineageEffect.at_stun_attack_ta	9				
100	ShotAction	LineageEffect.at_shield_stun_cs	2				
100	ShotAction	LineageEffect.d_smash_ssec				0.8	
100	ShotAction	LineageEffect.at_stun_attack_ta	9			0.8	
100	ShotAction	LineageEffect.at_stun_attack_ta	9				
100	ShotAction	LineageEffect.at_shield_stun_cs	2				
100	ShotAction	LineageEffect.d_smash_ssec				0.8	
100	ShotAction	LineageEffect.at_stun_attack_ta	9			0.8	
100	ShotAction	LineageEffect.at_stun_attack_ta	9				
100	ShotAction	LineageEffect.at_shield_stun_cs	2				
100	ShotAction	LineageEffect.d_smash_ssec				0.8	
100	ShotAction	LineageEffect.at_stun_attack_ta	9			0.8	
101	PreshotAction	LineageEffect.s_u003_d	2				
101	CastingAction	LineageEffect.s_u505_a	3				
101	ShotAction	LineageEffect.s_u003_b	9				
101	ShotAction	LineageEffect.s_u505_b	3				
101	ExplosionAction	LineageEffect.s_u505_c	9			1	
102	CastingAction	LineageEffect.sp_decay_ca	9				
102	ShotAction	LineageEffect.ph_zero_g_ta	9				
105	CastingAction	LineageEffect.at_fatal_strike_ca	9				
105	ShotAction	LineageEffect.el_ice_bolt_ta	9				
110	CastingAction	LineageEffect.mo_ultimate_defence_cs	9			1	
110	CastingAction	LineageEffect.mo_ultimate_defence_cs	9			1	
110	CastingAction	LineageEffect.s_u612_ca_a	10	bip01		0.35	
110	ShotAction	LineageEffect.mo_ultimate_defence_ta	9				
110	ShotAction	LineageEffect.mo_ultimate_defence_ta	9				
116	CastingAction	LineageEffect.ph_howl_ca	9				
116	CastingAction	LineageEffect.ph_howl_ca	9				
116	ShotAction	LineageEffect.ph_howl_ta	9				
116	ShotAction	LineageEffect.ph_howl_ta	9				
120	CastingAction	LineageEffect.s_u010_a	9				
120	ShotAction	LineageEffect.p_u004_a	9				
121	CastingAction	LineageEffect.mo_battle_roar_ca	9				
121	CastingAction	LineageEffect.mo_battle_roar_ca	9				
121	CastingAction	LineageEffect.s_u530_focus_force_ca	9			0.7	
121	CastingAction	LineageEffect.mo_battle_roar_ca	9				
121	ShotAction	LineageEffect.mo_battle_roar_ta	9				
121	ShotAction	LineageEffect.mo_battle_roar_ta	9				
121	ShotAction	LineageEffect.mo_battle_roar_ta	9				
190	CastingAction	LineageEffect.at_fatal_strike_ca	9			1	
190	CastingAction	LineageEffect.at_fatal_strike_cs	2				
190	CastingAction	LineageEffect.RibbonSet	2				
190	CastingAction	LineageEffect.RibbonSet	2				
190	ShotAction	LineageEffect.at_fatal_strike_ta	9				
223	CastingAction	LineageEffect.at_sting_ca	2				
223	CastingAction	LineageEffect.RibbonSet	2				
223	ShotAction	LineageEffect.at_sting_ta	9				
223	ShotAction	LineageEffect.at_sting_cs	2				
254	CastingAction	LineageEffect.dw_spoil_ca	2			1	
254	ShotAction	LineageEffect.dw_spoil_ta	9				
260	CastingAction	LineageEffect.at_fatal_strike_ca	9			1	
260	CastingAction	LineageEffect.at_stun_attack_ca	2				
260	ShotAction	LineageEffect.at_stun_attack_ta	9				
260	ShotAction	LineageEffect.at_shield_stun_cs	2				
261	CastingAction	LineageEffect.at_fatal_strike_ca	9			1	
261	CastingAction	LineageEffect.s_u010_b	2				
261	CastingAction	LineageEffect.s_u010_b	3				
261	ShotAction	LineageEffect.s_u015_b	9				
263	CastingAction	LineageEffect.at_mortal_blow_ca	2				
263	CastingAction	LineageEffect.at_fatal_strike_ca	9			1	
263	ShotAction	LineageEffect.s_u234_sting	9				
263	ShotAction	LineageEffect.at_fatal_strike_ta	9				
264	CastingAction	LineageEffect.ph_song_of_earth_ta	9				
265	CastingAction	LineageEffect.ph_song_of_life_ta	9				
266	CastingAction	LineageEffect.s_u009_a	9				
267	CastingAction	LineageEffect.ph_song_of_warding_ta	9				
267	CastingAction	LineageEffect.ph_song_of_warding_ta	9				
268	CastingAction	LineageEffect.ph_song_of_wind_ta	9				
269	CastingAction	LineageEffect.ph_song_of_hunter_ta	9				
270	CastingAction	LineageEffect.ph_song_of_invocation_ta	9				
271	CastingAction	LineageEffect.ph_dance_of_warrior_ta	9				
272	CastingAction	LineageEffect.ph_dance_of_inspiration_ta	9				
272	CastingAction	LineageEffect.s_u012_a	9				
273	CastingAction	LineageEffect.ph_dance_of_mystic_ta	9				
273	CastingAction	LineageEffect.ph_dance_of_mystic_ta	9				
274	CastingAction	LineageEffect.ph_dance_of_fire_ta	9				
275	CastingAction	LineageEffect.ph_dance_of_fury_ta	9				
276	CastingAction	LineageEffect.ph_dance_of_concentration_ta	9				
277	CastingAction	LineageEffect.ph_dance_of_light_ta	9				
279	CastingAction	LineageEffect.s_u023_lightening_ca	9			1	
279	CastingAction	LineageEffect.s_u023_lightening_ca	9			1	
279	CastingAction	LineageEffect.s_u815_bowgun_ca	9				
279	CastingAction	LineageEffect.s_u023_lightening_ca	9			1	
279	CastingAction	LineageEffect.s_u023_lightening_ta	9		0.8		
279	ShotAction	LineageEffect.s_u023_lightening_ta	9				
279	ShotAction	LineageEffect.s_u023_lightening_ta	9				
279	ShotAction	LineageEffect.d_smoke_darkb	9			1	
281	CastingAction	LineageEffect.s_u526_ca	9			1	
281	ShotAction	LineageEffect.at_fatal_strike_ta	9				
284	CastingAction	LineageEffect.s_u010_a	9			1	
284	ShotAction	LineageEffect.p_u004_a	9				
289	CastingAction	LineageEffect.s_u020_a	9			1	
289	ShotAction	LineageEffect.s_u020_b	9			1	
289	ShotAction	LineageEffect.s_u020_c					
289	ShotAction	LineageEffect.s_u020_c					
307	CastingAction	LineageEffect.s_u012_a	9				
314	PreshotAction	LineageEffect.s_u003_d	2				
314	CastingAction	LineageEffect.at_fatal_strike_ca	9			1	
314	ShotAction	LineageEffect.s_u003_b	9				
314	ExplosionAction	LineageEffect.p_u004_a	9			1	
315	CastingAction	LineageEffect.at_fatal_strike_ca	9			1	
315	ShotAction	LineageEffect.s_u231_ta	9				
323	CastingAction	LineageEffect.su_summon_a_ca	9				
325	CastingAction	LineageEffect.at_fatal_strike_ca	9				
325	ShotAction	LineageEffect.at_fatal_strike_ta	9				
327	CastingAction	LineageEffect.su_empower_ta	8	soulshot1			
342	CastingAction	LineageEffect.bl_berserker_spirit_ca	9			1	
342	CastingAction	LineageEffect.s_u020_a	9			0.7	
342	CastingAction	LineageEffect.s_u820_magic_ca	9			0.8	
342	ShotAction	LineageEffect.at_shock_blast_ta	9				
342	ShotAction	LineageEffect.at_shock_blast_ta	9			0.6	
342	ShotAction	LineageEffect.at_shock_blast_ta	9			0.6	
343	PreshotAction	LineageEffect.s_u003_d	2				
343	PreshotAction	LineageEffect.s_u509_d	9				
343	CastingAction	LineageEffect.s_u509_a	3				
343	ShotAction	LineageEffect.s_u509_c	9				
343	ShotAction	LineageEffect.s_u509_b	3				
343	ExplosionAction	LineageEffect.s_u509_e	9				
344	CastingAction	LineageEffect.at_fatal_strike_ca	9			1	
344	CastingAction	LineageEffect.at_fatal_strike_cs	2				
344	ShotAction	LineageEffect.at_mortal_blow_cs	9				
344	ShotAction	LineageEffect.at_fatal_strike_ta	9				
345	CastingAction	LineageEffect.at_fatal_strike_ca	9			1	
345	ShotAction	LineageEffect.at_sonic_rage_fl					
345	ExplosionAction	LineageEffect.at_sonic_rage_ta	9				
346	CastingAction	LineageEffect.oa_force_rage_ca	9			1	
346	ShotAction	LineageEffect.mo_battle_roar_ta	9				
346	ShotAction	LineageEffect.oa_force_rage_fl					
346	ExplosionAction	LineageEffect.oa_force_rage_ta	9				
348	CastingAction	LineageEffect.at_fatal_strike_ca	9			1	
348	CastingAction	LineageEffect.at_fatal_strike_cs	2				
348	ShotAction	LineageEffect.at_fatal_strike_ta	9				
348	ShotAction	LineageEffect.dw_spoil_ta	9				
353	CastingAction	LineageEffect.at_shield_slam_ca	3				
353	ShotAction	LineageEffect.at_shield_stun_cs	3				
353	ShotAction	LineageEffect.at_shield_slam_ta	9				
358	CastingAction	LineageEffect.at_bluff_ca	9				
358	CastingAction	LineageEffect.at_bluff_ca	9				
358	CastingAction	LineageEffect.d_attacked_b	9			0.5	
358	CastingAction	LineageEffect.at_bluff_cs	9				
358	CastingAction	LineageEffect.at_bluff_ta	9		0.5		
358	CastingAction	LineageEffect.s_u204_ta_ms	9		0.5		
358	CastingAction	LineageEffect.at_bluff_ca	9				
358	CastingAction	LineageEffect.d_attacked_b	9			0.5	
358	ShotAction	LineageEffect.at_bluff_cs	9				
358	ShotAction	LineageEffect.at_bluff_ta	9				
358	ShotAction	LineageEffect.at_bluff_cs	9				
358	ShotAction	LineageEffect.at_bluff_ta	9				
358	ShotAction	LineageEffect.s_u204_ta_ms	9				
361	CastingAction	LineageEffect.at_shock_blast_ca	9			1	
361	ShotAction	LineageEffect.at_shock_blast_ra	9				
361	ShotAction	LineageEffect.at_shock_blast_ta	9				
362	CastingAction	LineageEffect.s_u513_a	2				
362	ShotAction	LineageEffect.s_u513_c	9				
362	ShotAction	LineageEffect.s_u513_b	2				
363	CastingAction	LineageEffect.ph_song_of_meditation_ta	9		1		
367	CastingAction	LineageEffect.ph_dance_of_medusa_ta	9		1		
368	CastingAction	LineageEffect.mo_vengence_ca	9				
368	ShotAction	LineageEffect.mo_vengence_ra	9				
368	ShotAction	LineageEffect.ph_hate_ta	7	e_bone			
369	PreshotAction	LineageEffect.s_u003_d	2				
369	CastingAction	LineageEffect.s_u010_a	9				
369	ShotAction	LineageEffect.s_u003_b	9				
369	ExplosionAction	LineageEffect.sp_agility_ta	9				
369	ExplosionAction	LineageEffect.p_u004_a	9				
395	CastingAction	LineageEffect.su_empower_ca	9			1	
395	ShotAction	LineageEffect.su_empower_ta	9				
396	CastingAction	LineageEffect.mo_dash_ca	9			1	
396	ShotAction	LineageEffect.bl_berserker_spirit_ta	9				
401	CastingAction	LineageEffect.at_sting_ca	2				
401	CastingAction	LineageEffect.at_sting_cs	2				
401	CastingAction	LineageEffect.at_fatal_strike_ca	9			1	
401	ShotAction	LineageEffect.at_sting_ta	9				
426	CastingAction	LineageEffect.s_u806_ca	9				
426	CastingAction	LineageEffect.s_u806_cs	9				
426	ChannelingAction	LineageEffect.s_u806_ta	9				
427	CastingAction	LineageEffect.s_u806_ca	9			1	
427	ChannelingAction	LineageEffect.s_u806_channeling_mesh	9				
427	ChannelingAction	LineageEffect.s_u806_ta	9				
427	ChannelingAction	LineageEffect.s_u806_channeling_beam	9				
438	CastingAction	LineageEffect.wh_heal_ca	9				
438	ShotAction	LineageEffect.s_u608_ta	9				
439	CastingAction	LineageEffect.s_u220_ca	9				
439	ShotAction	LineageEffect.s_u220_barrier	9				
440	CastingAction	LineageEffect.s_u221_ta	9				
440	ShotAction	LineageEffect.s_u221_ca	9				
441	CastingAction	LineageEffect.m_u201_ca	9				
441	ShotAction	LineageEffect.m_u201_ta	9				
442	CastingAction	LineageEffect.s_u804_a_ca	9				
442	ShotAction	LineageEffect.s_u804_a_ta	9				
443	CastingAction	LineageEffect.s_u804_a_ca	9				
443	ShotAction	LineageEffect.s_u220_barrier	9				
445	CastingAction	LineageEffect.s_u209_ca	9				
445	CastingAction	LineageEffect.s_u209_ca	9			0.3	
445	ShotAction	LineageEffect.s_u209_ta	9				
445	ShotAction	LineageEffect.s_u209_ta	9			0.3	
446	CastingAction	LineageEffect.s_u219_ca	9				
446	ShotAction	LineageEffect.s_u219_ta	9				
447	CastingAction	LineageEffect.s_u203_ca	9				
447	ShotAction	LineageEffect.s_u203_ta	9				
454	CastingAction	LineageEffect.s_u807_fighter_ca	9				
454	ShotAction	LineageEffect.s_u807_ta	9				
468	CastingAction	LineageEffect.s_u815_hand	2				
468	CastingAction	LineageEffect.RibbonSet_sword	2				
468	ShotAction	LineageEffect.s_u820_magic_ta	9				
469	CastingAction	LineageEffect.m_u811_short_speed	9				
469	ShotAction	LineageEffect.m_u807_speed_ta_b	9				
477	CastingAction	LineageEffect.s_u815_hand_big	2				
477	CastingAction	LineageEffect.RibbonSet_sword	2				
477	ShotAction	LineageEffect.s_u821_ta	9				
478	CastingAction	LineageEffect.s_u023_lightening_ca	9				
478	CastingAction	LineageEffect.RibbonSet_rapier	9				
478	ShotAction	LineageEffect.s_u819_rapier_ta_a	9				
482	CastingAction	LineageEffect.m_u811_short_tole	9				
482	ShotAction	LineageEffect.m_u807_tolerant_ta_b	9				
483	CastingAction	LineageEffect.s_u020_swordshield_ca	9				
483	ShotAction	LineageEffect.m_u807_power_ta_a	9				
483	ShotAction	LineageEffect.s_u020_swordshield_ta	9				
484	CastingAction	LineageEffect.s_u810_charge_test_a					
484	CastingAction	LineageEffect.s_u810_charge_test_a			0.3		
484	CastingAction	LineageEffect.s_u810_charge_test_a			0.6		
484	CastingAction	LineageEffect.s_u810_charge_test_a			0.9		
484	CastingAction	LineageEffect.s_u810_charge_test_a			1.05		
484	CastingAction	LineageEffect.s_u810_charge_test_a					
484	CastingAction	LineageEffect.s_u810_charge_test_a			0.3		
484	CastingAction	LineageEffect.s_u810_charge_test_a			0.6		
484	CastingAction	LineageEffect.s_u810_charge_test_a			0.9		
484	CastingAction	LineageEffect.s_u810_charge_test_a			1.05		
484	CastingAction	LineageEffect.at_sonic_rage_ta	9				
485	CastingAction	LineageEffect.m_u811_short_debuff	9			1	
485	CastingAction	LineageEffect.m_u811_short_debuff	9			1	
485	CastingAction	LineageEffect.m_u811_short_debuff	9			1	
485	ShotAction	LineageEffect.m_u808_power_ta_a	9			1	
485	ShotAction	LineageEffect.m_u808_power_ta_a	9			1	
485	ShotAction	LineageEffect.m_u808_power_ta_a	9			1	
487	PreshotAction	LineageEffect.bone_bolt	4				
487	CastingAction	LineageEffect.s_u815_hand_holy	2				
487	ShotAction	LineageEffect.s_u814_arrow_test	9				
487	ExplosionAction	LineageEffect.s_u820_magic_ta_b	9				
489	CastingAction	LineageEffect.m_u811_short_tole	9				
489	ShotAction	LineageEffect.ph_hate_ta	8	e_bone			
491	CastingAction	LineageEffect.s_u817_craft_ca	9				
491	ShotAction	LineageEffect.s_u817_craft_cs	9			2	
492	CastingAction	LineageEffect.m_u809_spec_ca	9				
492	ShotAction	LineageEffect.s_u236_ra	9				
492	ShotAction	LineageEffect.s_u236_ta	9				
493	CastingAction	LineageEffect.s_u810_charge_test_b					
493	CastingAction	LineageEffect.s_u810_charge_test_b			0.2		
493	CastingAction	LineageEffect.s_u810_charge_test_b			0.35		
493	CastingAction	LineageEffect.s_u810_charge_test_b			0.5		
493	CastingAction	LineageEffect.s_u810_charge_test_b			0.6		
493	CastingAction	LineageEffect.s_u810_charge_test_b					
493	CastingAction	LineageEffect.s_u810_charge_test_b			0.2		
493	CastingAction	LineageEffect.s_u810_charge_test_b			0.35		
493	CastingAction	LineageEffect.s_u810_charge_test_b			0.5		
493	CastingAction	LineageEffect.s_u810_charge_test_b			0.6		
493	CastingAction	LineageEffect.at_sonic_rage_ta	9				
494	CastingAction	LineageEffect.s_u810_charge_test_c					
494	CastingAction	LineageEffect.s_u810_charge_test_c			0.15		
494	CastingAction	LineageEffect.s_u810_charge_test_c			0.3		
494	CastingAction	LineageEffect.s_u810_charge_test_c			0.45		
494	CastingAction	LineageEffect.s_u810_charge_test_c			0.55		
494	CastingAction	LineageEffect.s_u810_charge_test_c			0.65		
495	CastingAction	LineageEffect.s_u810_charge_test_d					
495	CastingAction	LineageEffect.s_u810_charge_test_d			0.15		
495	CastingAction	LineageEffect.s_u810_charge_test_d			0.3		
495	CastingAction	LineageEffect.s_u810_charge_test_d			0.45		
495	CastingAction	LineageEffect.s_u810_charge_test_d			0.55		
495	CastingAction	LineageEffect.s_u810_charge_test_d			0.65		
496	CastingAction	LineageEffect.RibbonSet_sword	2				
496	ShotAction	LineageEffect.s_u821_ta	9				
497	CastingAction	LineageEffect.s_u821_ca	9				
497	CastingAction	LineageEffect.RibbonSet_sword	2				
497	ShotAction	LineageEffect.s_u821_ta	9				
499	CastingAction	LineageEffect.m_u811_short_tole	9				
499	ShotAction	LineageEffect.m_u807_tolerant_ta_a	9				
501	CastingAction	LineageEffect.m_u811_short_debuff	9				
501	CastingAction	LineageEffect.m_u811_short_debuff	9				
501	CastingAction	LineageEffect.s_u815_bowgun_ca	9				
501	CastingAction	LineageEffect.s_u815_bowgun_ca	9				
501	CastingAction	LineageEffect.s_u205_ta	9				
501	CastingAction	LineageEffect.m_u811_short_debuff	9			0.65	
501	CastingAction	LineageEffect.d_smoke_darkb	9		1.5	1	
501	CastingAction	LineageEffect.s_u815_bowgun_ca	9			0.85	
501	CastingAction	LineageEffect.s_u815_bowgun_ca	9				
501	CastingAction	LineageEffect.s_u815_bowgun_ca	9			0.8	
501	CastingAction	LineageEffect.s_u815_bowgun_ca	2				
501	CastingAction	LineageEffect.s_u815_bowgun_ca	2				
501	CastingAction	LineageEffect.s_u815_bowgun_ca	9			0.8	
501	CastingAction	LineageEffect.s_u815_bowgun_ca	2				
501	CastingAction	LineageEffect.s_u815_bowgun_ca	2				
501	ShotAction	LineageEffect.s_u820_range_ta_a	9				
501	ShotAction	LineageEffect.s_u205_ta	9			0.5	
501	ShotAction	LineageEffect.s_u820_range_ta_a	9			1.4	
501	ShotAction	LineageEffect.s_u820_range_ta_a	9		0.08	1.4	
501	ShotAction	LineageEffect.s_u820_magic_ta	9			0.7	
501	ShotAction	LineageEffect.s_u205_ta	9				
501	ShotAction	LineageEffect.s_u820_range_ta_a	9			1.4	
501	ShotAction	LineageEffect.s_u820_range_ta_a	9		0.08	1.4	
501	ShotAction	LineageEffect.s_u820_magic_ta	9				
501	ShotAction	LineageEffect.bl_curse_poison_ta	9				
501	ShotAction	LineageEffect.s_u205_ta	9			0.6	
501	ShotAction	LineageEffect.bl_curse_poison_ta	9				
501	ShotAction	LineageEffect.s_u820_magic_ta	9				
501	ShotAction	LineageEffect.d_smoke_darkb	9		1	1	
501	ShotAction	LineageEffect.s_u205_ta	9			0.6	
501	ShotAction	LineageEffect.s_u820_range_ta_a	9			1.4	
501	ShotAction	LineageEffect.s_u820_range_ta_a	9		0.08	1.4	
501	ShotAction	LineageEffect.s_u820_magic_ta	9				
501	ShotAction	LineageEffect.bl_curse_poison_ta	9				
501	ShotAction	LineageEffect.s_u205_ta	9				
501	ShotAction	LineageEffect.s_u820_range_ta_a	9			1.4	
501	ShotAction	LineageEffect.s_u820_range_ta_a	9		0.08	1.4	
501	ShotAction	LineageEffect.s_u820_magic_ta	9				
501	ShotAction	LineageEffect.bl_curse_poison_ta	9				
501	ShotAction	LineageEffect.s_u205_ta	9			0.6	
501	ShotAction	LineageEffect.s_u820_range_ta_a	9			1.4	
501	ShotAction	LineageEffect.s_u820_magic_ta	9				
501	ShotAction	LineageEffect.bl_curse_poison_ta	9				
501	ShotAction	LineageEffect.s_u205_ta	9			0.6	
501	ShotAction	LineageEffect.s_u820_range_ta_a	9			1.4	
501	ShotAction	LineageEffect.s_u820_magic_ta	9				
501	ShotAction	LineageEffect.bl_curse_poison_ta	9				
503	CastingAction	LineageEffect.s_u020_swordshield_ca	9				
503	ShotAction	LineageEffect.s_u020_scorn_head	9				
504	CastingAction	LineageEffect.s_u099_rapier_ca_a	9				
504	CastingAction	LineageEffect.RibbonSet_rapier	2				
504	ShotAction	LineageEffect.s_u819_rapier_ta_a	9				
505	CastingAction	LineageEffect.s_u099_rapier_ca_a	9				
505	CastingAction	LineageEffect.RibbonSet_rapier	2				
505	CastingAction	LineageEffect.s_u002_a	2				
505	ShotAction	LineageEffect.s_u015_rapier_ta	9				
505	ShotAction	LineageEffect.p_u002_a	9				
507	PreshotAction	LineageEffect.bone_bolt	4				
507	CastingAction	LineageEffect.s_u815_bowgun_b	2				
507	CastingAction	LineageEffect.s_u815_bowgun_ca	9				
507	ShotAction	LineageEffect.s_u814_arrow_test	9				
507	ExplosionAction	LineageEffect.s_u820_magic_ta_b	9				
508	CastingAction	LineageEffect.s_u814_arrow_ca_test	9		1.5		
508	CastingAction	LineageEffect.s_u814_arrow_ca_test	9		1.6		
508	CastingAction	LineageEffect.s_u814_arrow_ca_test	9		1.7		
508	CastingAction	LineageEffect.s_u814_arrow_ca_test	9		1.8		
508	CastingAction	LineageEffect.s_u814_arrow_ca_test	9		1.5		
508	CastingAction	LineageEffect.s_u814_arrow_ca_test	9		2.2		
508	CastingAction	LineageEffect.s_u814_arrow_ca_test	9		2		
508	CastingAction	LineageEffect.s_u814_arrow_ca_test	9		2.3		
508	CastingAction	LineageEffect.s_u814_arrow_ca_test	9		2.5		
508	CastingAction	LineageEffect.s_u814_arrow_ca_test	9		2.1		
508	ShotAction	LineageEffect.s_u814_range_ta_test	9				
508	ShotAction	LineageEffect.s_u814_arrow_ta_test	9				
514	CastingAction	LineageEffect.s_u813_hand_test	2				
514	CastingAction	LineageEffect.s_u813_hand_test	3				
522	CastingAction	LineageEffect.m_u811_short_debuff	9			1	
522	ShotAction	LineageEffect.m_u807_tolerant_ta_b	9				
524	CastingAction	LineageEffect.s_u836_ca	9				
524	ShotAction	LineageEffect.s_u836_ta	9				
525	CastingAction	LineageEffect.m_u810_aga_ta_c	9			1	
526	CastingAction	LineageEffect.s_u821_ca	9				
526	CastingAction	LineageEffect.s_u815_hand_holy	2				
526	ShotAction	LineageEffect.s_u821_ta	9				
526	ShotAction	LineageEffect.s_u822_enuma_cs	9				
527	CastingAction	LineageEffect.e_u544_yellow	9				
528	CastingAction	LineageEffect.e_u544_red	9				
538	CastingAction						
539	CastingAction	LineageEffect.s_u804_hand_a	2				
539	CastingAction	LineageEffect.s_u804_hand_a	3				
539	ShotAction	LineageEffect.s_u804_a_ta	9				
540	CastingAction	LineageEffect.s_u830_spec_charge					
540	CastingAction	LineageEffect.s_u830_spec_charge			0.15		
540	CastingAction	LineageEffect.s_u830_spec_charge			0.3		
540	CastingAction	LineageEffect.s_u830_spec_charge			0.45		
540	CastingAction	LineageEffect.s_u830_spec_charge			0.55		
540	CastingAction	LineageEffect.s_u830_spec_charge			0.65		
561	CastingAction	LineageEffect.m_u806_third_white_ca	9				
561	ShotAction	LineageEffect.e_u544_angel_ta	9				
581	CastingAction	LineageEffect.e_u835_sand_pc_ca	9				
581	ShotAction	LineageEffect.e_u829_sand_ta	9				
582	CastingAction	LineageEffect.bl_berserker_spirit_ca	9				
582	ShotAction	LineageEffect.m_u808_tolerant_ta_a	9				
629	CastingAction	LineageEffect.e_u500_event_ca	9			0.7	
629	ShotAction	LineageEffect.e_u503_event_ta	9			0.7	
761	CastingAction	LineageEffect.s_u202_final	9				
761	ShotAction	LineageEffect.s_u202_charge	9				
762	CastingAction	LineageEffect.s_u202_charge	9				
762	CastingAction	LineageEffect.RibbonSet_sword	2				
762	ShotAction	LineageEffect.s_u202_insane	9				
763	CastingAction	LineageEffect.s_u211_ca	9			1	
763	ShotAction	LineageEffect.s_u211_ra	9				
763	ShotAction	LineageEffect.s_u211_ta	9				
768	CastingAction	LineageEffect.s_u207_ca	9			0.7	
768	ShotAction	LineageEffect.s_u207_ta_exciting	9			1	
769	CastingAction	LineageEffect.s_u207_ca	9			0.7	
769	ShotAction	LineageEffect.s_u207_ta_ghost	9			1	
770	CastingAction	LineageEffect.s_u207_ca	9			0.7	
770	ShotAction	LineageEffect.s_u207_ta_wind	9			1	
771	PreshotAction	LineageEffect.s_u003_d	2				
771	CastingAction	LineageEffect.s_u524_ca	3				
771	ShotAction	LineageEffect.s_u524_fl	9				
771	ExplosionAction	LineageEffect.s_u524_ta	9				
772	CastingAction	LineageEffect.s_u523_arrow_red_ca	3				
772	ShotAction	LineageEffect.s_u523_arrow_red_ta	9				
773	PreshotAction	LineageEffect.s_u003_d	2				
773	CastingAction	LineageEffect.s_u206_pr	3				
773	CastingAction	LineageEffect.s_u206_ca	9			1	
773	ShotAction	LineageEffect.s_u206_fl	9				
773	ExplosionAction	LineageEffect.s_u206_ta	9				
775	CastingAction	LineageEffect.s_u216_ca	9				
775	ShotAction	LineageEffect.s_u216_ta	9				
810	CastingAction	LineageEffect.s_u604_ca	9			1.1	
810	CastingAction	LineageEffect.s_u604_ca	9		1.25	1.3	
810	CastingAction	LineageEffect.s_u604_ca	9		2.5	1.5	
810	ShotAction	LineageEffect.s_u604_ta_a	9			1	
814	CastingAction	LineageEffect.at_fatal_strike_ca	9			1	
814	CastingAction	LineageEffect.RibbonSet_sword	2				
814	CastingAction	LineageEffect.s_u010_b	2				
814	ShotAction	LineageEffect.mo_war_cry_ta	9			1	
814	ShotAction	LineageEffect.s_u015_b	9				
815	CastingAction	LineageEffect.at_fatal_strike_ca	9			1	
815	CastingAction	LineageEffect.RibbonSet_sword	2				
815	CastingAction	LineageEffect.RibbonSet_sword	3				
815	CastingAction	LineageEffect.s_u010_b	2				
815	CastingAction	LineageEffect.s_u010_b	3				
815	ShotAction	LineageEffect.mo_war_cry_ta	9			1	
815	ShotAction	LineageEffect.s_u015_b	9				
816	CastingAction	LineageEffect.at_fatal_strike_ca	9			1	
816	CastingAction	LineageEffect.RibbonSet_sword	2				
816	CastingAction	LineageEffect.s_u010_b	2				
816	ShotAction	LineageEffect.s_u015_b	9				
817	CastingAction	LineageEffect.at_fatal_strike_ca	9			1	
817	CastingAction	LineageEffect.RibbonSet_sword	2				
817	CastingAction	LineageEffect.RibbonSet_sword	3				
817	CastingAction	LineageEffect.s_u010_b	2				
817	CastingAction	LineageEffect.s_u010_b	3				
817	ShotAction	LineageEffect.s_u015_b	9				
825	CastingAction	LineageEffect.su_empower_ca	9			1	
825	CastingAction	LineageEffect.su_empower_ca	9			1	
825	ShotAction	LineageEffect.su_death_whisper_ta	9		0.4		
825	ShotAction	LineageEffect.s_u606_b	9			1	
825	ShotAction	LineageEffect.su_death_whisper_ta	9		0.4		
825	ShotAction	LineageEffect.s_u606_b	9			1	
826	CastingAction	LineageEffect.su_empower_ca	9			1	
826	CastingAction	LineageEffect.su_empower_ca	9			1	
826	ShotAction	LineageEffect.at_stun_attack_ca	9			1.6	
826	ShotAction	LineageEffect.s_u606_b	9			1	
826	ShotAction	LineageEffect.at_stun_attack_ca	9			1.6	
826	ShotAction	LineageEffect.s_u606_b	9			1	
827	CastingAction	LineageEffect.su_empower_ca	9			1	
827	CastingAction	LineageEffect.su_empower_ca	9			1	
827	ShotAction	LineageEffect.mo_rapid_shot_ca	9		0.3		
827	ShotAction	LineageEffect.s_u606_b	9			1	
827	ShotAction	LineageEffect.mo_rapid_shot_ca	9		0.3		
827	ShotAction	LineageEffect.s_u606_b	9			1	
828	CastingAction	LineageEffect.wh_heal_ca	9			1	
828	CastingAction	LineageEffect.wh_heal_ca	9			1	
828	CastingAction	LineageEffect.wh_heal_ca	9			1	
828	CastingAction	LineageEffect.wh_heal_ca	9			1	
828	ShotAction	LineageEffect.wh_shield_ta	9			1	
828	ShotAction	LineageEffect.s_u606_b	9			1	
828	ShotAction	LineageEffect.wh_shield_ta	9			1	
828	ShotAction	LineageEffect.s_u606_b	9			1	
828	ShotAction	LineageEffect.wh_shield_ta	9			1	
828	ShotAction	LineageEffect.s_u606_b	9			1	
828	ShotAction	LineageEffect.wh_shield_ta	9			1	
828	ShotAction	LineageEffect.s_u606_b	9			1	
833	CastingAction	LineageEffect.s_u606_ca_a	9			0.6	
833	CastingAction	LineageEffect.s_u606_ca_a	9				
833	ShotAction	LineageEffect.wh_greater_heal_ta	9			0.6	
833	ShotAction	LineageEffect.wh_greater_heal_ta	9			0.6	
833	ShotAction	LineageEffect.wh_greater_heal_ta	9			1	
834	CastingAction	LineageEffect.m_u811_short_speed	9				
834	ShotAction	LineageEffect.wh_greater_heal_ta	9			1	
837	CastingAction	LineageEffect.m_u811_short_tole	9				
837	ShotAction	LineageEffect.s_u607_ta	9				
838	CastingAction	LineageEffect.s_u604_ta_a	9			1.1	
838	CastingAction	LineageEffect.s_u833_vgd	9		3	0.5	
839	ShotAction	LineageEffect.s_u833_transform				0.3	
841	CastingAction	LineageEffect.s_u610_tran			1	1	
843	CastingAction	LineageEffect.s_u614_ca_a	7	Bip01 Ponytail22		0.4	
843	ShotAction	LineageEffect.s_u614_fl_a	9			0.1	
843	ExplosionAction	LineageEffect.s_u614_ta	9			0.2	
884	CastingAction	LineageEffect.s_u616_rush	9				
884	ShotAction	LineageEffect.e_u322_ta	9				
885	CastingAction	LineageEffect.s_u615_tel	9				
886	CastingAction	LineageEffect.s_u613_ca_a	9			1.5	
886	ShotAction	LineageEffect.s_u613_fl_a				0.4	
886	ExplosionAction	LineageEffect.s_u613_ta_a	9			0.2	
887	CastingAction	LineageEffect.s_u613_ca_a	9			1.5	
887	ShotAction	LineageEffect.s_u613_fl_a				0.4	
887	ExplosionAction	LineageEffect.s_u613_ta_a	9			0.2	
888	CastingAction	LineageEffect.s_u612_ca_a	9			0.6	
888	ShotAction	LineageEffect.s_u613_ta_a	9			0.2	
889	CastingAction	LineageEffect.s_u612_ca_a	9			0.6	
889	ShotAction	LineageEffect.s_u614_ta	9			0.2	
890	CastingAction	LineageEffect.s_u611_ca_a	9			0.3	
890	ShotAction	LineageEffect.s_u614_ta	9				
891	CastingAction	LineageEffect.s_u613_ca_a	9			1	
891	CastingAction	LineageEffect.s_u613_pr_a	9		1.2	0.8	
891	ShotAction	LineageEffect.s_u614_fl_a				0.4	
891	ExplosionAction	LineageEffect.s_u613_ta_a	9			0.3	
892	CastingAction	LineageEffect.s_u613_ca_a	9			1	
892	CastingAction	LineageEffect.s_u613_pr_a	9		1.2	0.8	
892	ShotAction	LineageEffect.s_u614_fl_a				0.4	
892	ExplosionAction	LineageEffect.s_u613_ta_a	9			0.3	
893	CastingAction	LineageEffect.s_u614_ca_a	7	Bip01 Spine		1	
893	CastingAction	LineageEffect.s_u614_pr_a	9			0.2	
893	ShotAction	LineageEffect.s_u614_fl_a				0.2	
893	ExplosionAction	LineageEffect.s_u614_ta	9				
894	CastingAction	LineageEffect.s_u614_ca_a	9			1	
894	ShotAction	LineageEffect.s_u609_ca_b	9			0.1	
898	CastingAction	LineageEffect.s_u230_ca	9			0.5	
898	CastingAction	LineageEffect.s_u831_electric	7	Bip01 R Hand	1.5		
898	CastingAction	LineageEffect.s_u831_electric	7	Bip01 L Hand	1.8		
898	ShotAction	LineageEffect.s_u230_ra	9			1	
898	ShotAction	LineageEffect.s_u230_ta	9				
899	CastingAction	LineageEffect.mo_dash_ca	9			1	
899	ShotAction	LineageEffect.e_u310_ta	9				
899	ShotAction	LineageEffect.bl_curse_poison_ta	9				
904	CastingAction	LineageEffect.s_u834_ca	9				
904	ShotAction	LineageEffect.s_u834_range_ta	9				
904	ShotAction	LineageEffect.bl_curse_poison_ta	9				
905	CastingAction	LineageEffect.s_u225_ca	9			0.7	
905	CastingAction	LineageEffect.s_u225_ca	9			1	
905	ShotAction	LineageEffect.s_u225_ra	9			1	
905	ShotAction	LineageEffect.d_smoke_darkb	9			1	
905	ShotAction	LineageEffect.s_u205_ta	9			0.6	
905	ShotAction	LineageEffect.d_smoke_darkb	9		1	1	
905	ShotAction	LineageEffect.s_u225_ta	9			1.5	
905	ShotAction	LineageEffect.s_u225_ra	9			1	
905	ShotAction	LineageEffect.s_u225_ta	9			1.5	
907	CastingAction	LineageEffect.s_u617_ca	9			1	
907	ShotAction	LineageEffect.s_u617_ra	9				
907	ShotAction	LineageEffect.el_hydro_blast_ta	9				
910	CastingAction	LineageEffect.el_aqua_swirl_ca	9			1	
910	ShotAction	LineageEffect.e_u314_uniconian	9			2	
910	ShotAction	LineageEffect.el_aqua_swirl_ta	9			1	
911	CastingAction	LineageEffect.s_u612_ca_a	9			0.6	
911	ShotAction	LineageEffect.s_u612_ta_a	9			0.3	
913	CastingAction	LineageEffect.m_u202_ca	9			1	
913	ShotAction	LineageEffect.s_u220_barrier	9			1	
917	CastingAction	LineageEffect.s_u222_ca	9				
917	ShotAction	LineageEffect.s_u222_ta	9				
920	CastingAction	LineageEffect.s_u215_ca	4			1	
920	CastingAction	LineageEffect.RibbonSet_sword	2				
920	ShotAction	LineageEffect.s_u015_b	9				
920	ShotAction	LineageEffect.s_u502_ta	9			1	
921	CastingAction	LineageEffect.s_u215_ca	4			1	
921	CastingAction	LineageEffect.RibbonSet_sword	2				
921	ShotAction	LineageEffect.s_u215_ca_sp	9				
921	ShotAction	LineageEffect.s_u015_b	9				
924	PreshotAction	LineageEffect.bone_bolt	2				
924	CastingAction	LineageEffect.s_u210_ca	9			0.8	
924	ShotAction	LineageEffect.d_s_u210_fl					
924	ShotAction	LineageEffect.d_s_u210_fl					
924	ShotAction	LineageEffect.d_s_u210_fl					
924	ShotAction	LineageEffect.d_s_u210_fl					
924	ShotAction	LineageEffect.d_s_u210_fl					
924	ShotAction	LineageEffect.d_s_u210_fl					
924	ShotAction	LineageEffect.d_s_u210_sound_fl					
924	ShotAction	LineageEffect.s_u210_dp_short	9				
924	ExplosionAction	LineageEffect.d_s_u210_ta	9				
927	CastingAction	LineageEffect.s_u228_ca_atch	2				
927	CastingAction	LineageEffect.s_u228_ca_atch	3				
927	CastingAction	LineageEffect.RibbonSet	2				
927	CastingAction	LineageEffect.s_u228_ta	9				
927	ShotAction	LineageEffect.s_u524_ta	9				
929	CastingAction	LineageEffect.s_u618_ca	9			1	
929	CastingAction	LineageEffect.s_u618_ca	9		0.5	1	
929	CastingAction	LineageEffect.s_u601_union	9		1	1	
933	CastingAction	LineageEffect.s_u229_ca	9			1	
933	ShotAction	LineageEffect.s_u229_ra	9				
933	ShotAction	LineageEffect.s_u229_ta	9				
939	CastingAction	LineageEffect.s_u820_magic_ca	9				
939	ShotAction	LineageEffect.s_u820_magic_fl	9			3	
939	ExplosionAction	LineageEffect.s_u820_debuff_ta	9			1	
939	ExplosionAction	LineageEffect.s_u834_fl					
939	ExplosionAction	LineageEffect.s_u834_fl					
942	CastingAction	LineageEffect.e_u306_sstar	7	Bone86	1.5		
942	CastingAction	LineageEffect.s_u021_aga_anger	9			0.55	
943	CastingAction	LineageEffect.e_u306_sstar	7	Bone13			
943	CastingAction	LineageEffect.e_u306_sstar	7	Bone13	1		
943	ShotAction	LineageEffect.e_u086_snow	9			1.6	
947	CastingAction	LineageEffect.s_u224_ca	9			1	
947	CastingAction	LineageEffect.at_fatal_strike_cs	2				
947	ShotAction	LineageEffect.at_fatal_strike_ta	9				
947	ShotAction	LineageEffect.s_u224_ta	9				
947	ShotAction	LineageEffect.el_flame_strike_ra	9			0.5	
953	CastingAction	LineageEffect.e_u403_ca_soul	9			2.5	
953	ShotAction	LineageEffect.s_u809_absorb_soul_ta	9				
965	CastingAction	LineageEffect.e_u306_sstar	7	Bip01 L Hand			
966	CastingAction	LineageEffect.e_u306_sstar	7	Bip01 L Hand			
966	CastingAction	LineageEffect.e_u306_sstar	7	Bip01 L Hand	1		
966	CastingAction	LineageEffect.e_u306_sstar	7	Bip01 L Hand	1.8		
967	CastingAction	LineageEffect.at_fatal_strike_ca	9			0.4	
967	ShotAction	LineageEffect.s_u804_a_ta	9				
968	CastingAction	LineageEffect.z_seed_tacrakahn_ca	9			0.25	
968	ShotAction	LineageEffect.s_u820_range_ta_a	9				
969	CastingAction	LineageEffect.mo_dash_ca	9			0.6	
982	CastingAction	LineageEffect.mo_dash_ca	9				
982	ShotAction	LineageEffect.e_u203_ta_combat	9				
983	CastingAction	LineageEffect.z_buff_a	9				
997	CastingAction	LineageEffect.z_buff_c	9				
997	CastingAction	LineageEffect.at_stun_attack_ca	2				
997	ShotAction	LineageEffect.at_stun_attack_ta	9				
997	ShotAction	LineageEffect.at_shield_stun_cs	2				
998	CastingAction	LineageEffect.z_kegor_dash	9		0.2	0.7	
1002	CastingAction	LineageEffect.m_u024_a	9				
1002	CastingAction	LineageEffect.m_u024_a	9				
1002	ShotAction	LineageEffect.m_u024_c	9				
1002	ShotAction	LineageEffect.m_u024_b	9				
1002	ShotAction	LineageEffect.m_u024_c	9				
1002	ShotAction	LineageEffect.m_u024_b	9				
1005	CastingAction	LineageEffect.m_u034_a	9				
1005	CastingAction	LineageEffect.m_u034_a	9				
1005	ShotAction	LineageEffect.m_u034_c	9				
1005	ShotAction	LineageEffect.m_u034_b	9				
1005	ShotAction	LineageEffect.m_u034_c	9				
1005	ShotAction	LineageEffect.m_u034_b	9				
1007	CastingAction	LineageEffect.sa_mass_frenzy_ca	9				
1007	CastingAction	LineageEffect.sa_mass_frenzy_ca	9				
1007	ShotAction	LineageEffect.sa_mass_frenzy_cs	9				
1007	ShotAction	LineageEffect.sa_mass_frenzy_ta	9				
1007	ShotAction	LineageEffect.sa_mass_frenzy_cs	9				
1007	ShotAction	LineageEffect.sa_mass_frenzy_ta	9				
1010	CastingAction	LineageEffect.sa_mass_frenzy_ca	9			1	
1010	ShotAction	LineageEffect.s_devotion_of_shine_ta	9				
1011	CastingAction	LineageEffect.wh_heal_ca	9			1	
1011	CastingAction	LineageEffect.wh_sec_heal_ca	9			1	
1011	CastingAction	LineageEffect.wh_heal_ca	9			1	
1011	CastingAction	LineageEffect.wh_heal_ca	9			1	
1011	CastingAction	LineageEffect.wh_heal_ta	9				
1011	CastingAction	LineageEffect.wh_heal_ca	9			1	
1011	CastingAction	LineageEffect.wh_heal_ca	9			1	
1011	ShotAction	LineageEffect.wh_heal_ta	9				
1011	ShotAction	LineageEffect.d_chainhealafter_ta	9		1		
1011	ShotAction	LineageEffect.d_s_u812_ybeam_b	9				
1011	ShotAction	LineageEffect.d_s_u812_ybeam_ta	9				
1011	ShotAction	LineageEffect.d_chainheal_ta	9			1.5	
1011	ShotAction	LineageEffect.su_focus_ta	9		1	1	
1011	ShotAction	LineageEffect.wh_heal_ta	9				
1011	ShotAction	LineageEffect.wh_heal_ta	9				
1011	ShotAction	LineageEffect.wh_heal_ta	9				
1011	ChannelingAction	LineageEffect.d_s_u812_ybeam_a	2				
1011	ChannelingAction	LineageEffect.d_s_u812_ybeam_ta	9				
1012	CastingAction	LineageEffect.wh_heal_ca	9			1	
1012	CastingAction	LineageEffect.wh_heal_ca	9			1	
1012	ShotAction	LineageEffect.wh_cure_poison_ta	9				
1012	ShotAction	LineageEffect.wh_cure_poison_ta	9				
1013	CastingAction	LineageEffect.m_u052_recharge_ca	9			1	
1013	CastingAction	LineageEffect.m_u052_recharge_ca	9			1	
1013	ShotAction	LineageEffect.m_u052_recharge_ta	9				
1013	ShotAction	LineageEffect.m_u052_recharge_ta	9				
1016	CastingAction	LineageEffect.wh_heal_ca	9				
1016	ShotAction	LineageEffect.wh_resurrection_ta	9				
1018	CastingAction	LineageEffect.wh_sec_heal_ca	9			1	
1018	CastingAction	LineageEffect.wh_sec_heal_ca	9			1	
1018	ShotAction	LineageEffect.wh_cure_poison_ta	9				
1018	ShotAction	LineageEffect.wh_cure_poison_ta	9				
1028	CastingAction	LineageEffect.wh_sec_heal_ca	9			1	
1028	ShotAction	LineageEffect.wh_disrupt_undead_ta	9				
1031	CastingAction	LineageEffect.wh_sec_heal_ca	9			1	
1031	ShotAction	LineageEffect.wh_disrupt_undead_ta	9				
1034	CastingAction	LineageEffect.m_u030_a	9				
1034	ShotAction	LineageEffect.m_u030_b	9				
1035	CastingAction	LineageEffect.wh_heal_ca	9				
1035	CastingAction	LineageEffect.z_common_short_ca	9			1	
1035	ShotAction	LineageEffect.wh_mental_shield_ta	9				
1035	ShotAction	LineageEffect.wh_mental_shield_ta	9				
1036	CastingAction	LineageEffect.wh_heal_ca	9				
1036	ShotAction	LineageEffect.wh_magic_barrier_ta	9				
1040	CastingAction	LineageEffect.wh_heal_ca	9				
1040	CastingAction	LineageEffect.wh_heal_ca	9				
1040	ShotAction	LineageEffect.wh_shield_ta	9			1	
1040	ShotAction	LineageEffect.wh_shield_ta	9			1	
1043	CastingAction	LineageEffect.wh_heal_ca	9			1	
1043	CastingAction	LineageEffect.wh_heal_ca	9			1	
1043	ShotAction	LineageEffect.wh_holy_weapon_ta	9				
1043	ShotAction	LineageEffect.wh_holy_weapon_ta	9				
1044	CastingAction	LineageEffect.wh_heal_ca	9			1	
1044	ShotAction	LineageEffect.wh_regeneration_ta	9				
1045	CastingAction	LineageEffect.wh_heal_ca	9				
1045	CastingAction	LineageEffect.mo_dash_ca	9				
1045	CastingAction	LineageEffect.mo_dash_ca	9				
1045	CastingAction	LineageEffect.wh_bless_the_body_ta	9				
1045	ShotAction	LineageEffect.wh_bless_the_body_ta	9				
1045	ShotAction	LineageEffect.wh_bless_the_body_ta	9				
1048	CastingAction	LineageEffect.wh_heal_ca	9				
1048	ShotAction	LineageEffect.wh_bless_the_soul_ta	9				
1056	CastingAction	LineageEffect.su_empower_ca	9			1	
1056	ShotAction	LineageEffect.su_detection_ta	9				
1058	CastingAction	LineageEffect.su_empower_ca	9			1	
1058	ShotAction	LineageEffect.su_detection_ta	9				
1059	CastingAction	LineageEffect.su_empower_ca	9			1	
1059	CastingAction	LineageEffect.z_common_short2_ca	9			1	
1059	CastingAction	LineageEffect.z_common_short2_ca	9			1	
1059	CastingAction	LineageEffect.su_empower_ta	9			1	
1059	ShotAction	LineageEffect.su_empower_ta	9			1	
1059	ShotAction	LineageEffect.su_empower_ta	9			1	
1062	CastingAction	LineageEffect.bl_berserker_spirit_ca	9			1	
1062	CastingAction	LineageEffect.bl_berserker_spirit_ca	9			1	
1062	CastingAction	LineageEffect.bl_berserker_spirit_ca	9			1	
1062	CastingAction	LineageEffect.bl_berserker_spirit_ta	9				
1062	CastingAction	LineageEffect.m_u811_short_debuff	9				
1062	CastingAction	LineageEffect.m_u811_short_debuff	9				
1062	ShotAction	LineageEffect.bl_berserker_spirit_ta	9				
1062	ShotAction	LineageEffect.bl_berserker_spirit_ta	9				
1062	ShotAction	LineageEffect.s_u205_ta	9				
1062	ShotAction	LineageEffect.bl_curse_poison_ta	9		0.5		
1062	ShotAction	LineageEffect.s_u205_ta	9				
1062	ShotAction	LineageEffect.bl_curse_poison_ta	9		0.5		
1068	CastingAction	LineageEffect.su_empower_ca	9			1	
1068	CastingAction	LineageEffect.z_common_short2_ca	9			1	
1068	CastingAction	LineageEffect.z_common_short2_ca	9			1	
1068	CastingAction	LineageEffect.su_might_ta	9				
1068	ShotAction	LineageEffect.su_might_ta	9				
1068	ShotAction	LineageEffect.su_might_ta	9				
1069	CastingAction	LineageEffect.su_empower_ca	9			1	
1069	CastingAction	LineageEffect.su_empower_ca	9			1	
1069	ShotAction	LineageEffect.su_sleep_ta	9				
1069	ShotAction	LineageEffect.su_sleep_ta	9				
1071	CastingAction	LineageEffect.m_u018_a	9				
1071	ShotAction	LineageEffect.m_u018_b	9				
1071	ShotAction	LineageEffect.a_u022_water	9				
1073	CastingAction	LineageEffect.m_u016_a	9			1	
1073	ShotAction	LineageEffect.m_u016_b	9				
1074	CastingAction	LineageEffect.m_u018_a	9				
1074	ShotAction	LineageEffect.m_u018_b	9				
1074	ShotAction	LineageEffect.a_u022_wind	9				
1077	CastingAction	LineageEffect.su_empower_ca	9			1	
1077	CastingAction	LineageEffect.z_common_short2_ca	9			1	
1077	CastingAction	LineageEffect.z_common_short2_ca	9			1	
1077	CastingAction	LineageEffect.su_focus_ta	9				
1077	ShotAction	LineageEffect.su_focus_ta	9				
1077	ShotAction	LineageEffect.su_focus_ta	9				
1078	CastingAction	LineageEffect.su_empower_ca	9				
1078	ShotAction	LineageEffect.su_concentration_ta	8	e_bone			
1083	CastingAction	LineageEffect.m_u018_a	9				
1083	ShotAction	LineageEffect.m_u018_b	9				
1083	ShotAction	LineageEffect.a_u022_fire	9				
1085	CastingAction	LineageEffect.su_empower_ca	9			1	
1085	CastingAction	LineageEffect.z_common_short2_ca	9			1	
1085	CastingAction	LineageEffect.z_common_short2_ca	9			1	
1085	CastingAction	LineageEffect.su_acumen_ta	9				
1085	CastingAction	LineageEffect.su_empower_ca	9			1	
1085	CastingAction	LineageEffect.su_acumen_ta	9		2		
1085	ShotAction	LineageEffect.su_acumen_ta	9				
1085	ShotAction	LineageEffect.su_acumen_ta	9				
1086	CastingAction	LineageEffect.su_empower_ca	9			1	
1086	CastingAction	LineageEffect.z_common_short2_ca	9			1	
1086	CastingAction	LineageEffect.z_common_short2_ca	9			1	
1086	CastingAction	LineageEffect.su_haste_ta	9				
1086	CastingAction	LineageEffect.su_empower_ca	9			1	
1086	CastingAction	LineageEffect.su_haste_ta	9		2		
1086	ShotAction	LineageEffect.su_haste_ta	9				
1086	ShotAction	LineageEffect.su_haste_ta	9				
1087	CastingAction	LineageEffect.sp_agility_ca	9				
1087	CastingAction	LineageEffect.sp_agility_ca	9				
1087	ShotAction	LineageEffect.sp_agility_ta	9				
1087	ShotAction	LineageEffect.sp_agility_ta	9				
1090	CastingAction	LineageEffect.m_u003_a	9			1	
1090	ShotAction	LineageEffect.m_u003_c	9			1	
1090	ShotAction	LineageEffect.m_u003_b					
1090	ShotAction	LineageEffect.m_u003_b					
1092	CastingAction	LineageEffect.m_u025_a	9				
1092	ShotAction	LineageEffect.m_u025_c	9				
1092	ShotAction	LineageEffect.m_u025_b	9				
1101	CastingAction	LineageEffect.m_u027_a	9				
1101	ShotAction	LineageEffect.m_u027_b	9				
1111	CastingAction	LineageEffect.su_summon_a_ca	9			1	
1148	CastingAction	LineageEffect.s_u200_ca	9				
1148	CastingAction	LineageEffect.s_u200_pr	9				
1148	CastingAction	LineageEffect.bl_berserker_spirit_ca	9			1	
1148	ShotAction	LineageEffect.s_u200_fl				2	
1148	ShotAction	LineageEffect.s_u200_fl				2	
1148	ExplosionAction	LineageEffect.s_u200_ta	9			1	
1148	ExplosionAction	LineageEffect.s_u200_ta	9			1	
1155	CastingAction	LineageEffect.m_u003_a	9				
1155	ShotAction	LineageEffect.m_u006_e	9				
1155	ShotAction	LineageEffect.m_u006_d	9				
1157	CastingAction	LineageEffect.bl_body_to_mind_ca	9			1	
1157	ShotAction	LineageEffect.bl_body_to_mind_ta	9			1	
1159	CastingAction	LineageEffect.s_u226_pr	9			1	
1159	CastingAction	LineageEffect.s_u226_ca	9			1	
1159	ShotAction	LineageEffect.s_u226_fl					
1159	ExplosionAction	LineageEffect.s_u226_ta	9				
1167	CastingAction	LineageEffect.bl_berserker_spirit_ca	9			1	
1167	CastingAction	LineageEffect.mo_war_cry_ca	9			0.6	
1167	CastingAction	LineageEffect.bl_berserker_spirit_ca	9			1	
1167	CastingAction	LineageEffect.bl_berserker_spirit_ca	9			0.6	
1167	CastingAction	LineageEffect.d_smoke_darkb	9			0.8	
1167	CastingAction	LineageEffect.d_smoke_darkb	9		1.5	0.8	
1167	CastingAction	LineageEffect.bl_berserker_spirit_ca	9			0.6	
1167	CastingAction	LineageEffect.d_smoke_darkb	9			0.8	
1167	CastingAction	LineageEffect.d_smoke_darkb	9		1.5	0.8	
1167	ShotAction	LineageEffect.bl_poison_cloud_ta	9				
1167	ShotAction	LineageEffect.bl_curse_poison_ta	9				
1167	ShotAction	LineageEffect.mo_iron_will_ta	9				
1167	ShotAction	LineageEffect.bl_poison_cloud_ta	9				
1167	ShotAction	LineageEffect.bl_curse_poison_ta	9				
1167	ShotAction	LineageEffect.bl_poison_cloud_ta	9				
1167	ShotAction	LineageEffect.bl_curse_poison_ta	9				
1167	ShotAction	LineageEffect.d_smoke_darkb	9			0.8	
1167	ShotAction	LineageEffect.bl_poison_cloud_ta	9				
1167	ShotAction	LineageEffect.bl_curse_poison_ta	9				
1167	ShotAction	LineageEffect.d_smoke_darkb	9			0.8	
1168	CastingAction	LineageEffect.bl_berserker_spirit_ca	9			1	
1168	CastingAction	LineageEffect.bl_berserker_spirit_ca	9			1	
1168	CastingAction	LineageEffect.bl_berserker_spirit_ca	9			1	
1168	CastingAction	LineageEffect.bl_berserker_spirit_ca	9			1	
1168	CastingAction	LineageEffect.bl_curse_poison_ta	9				
1168	CastingAction	LineageEffect.bl_curse_poison_ta	9		0.2		
1168	CastingAction	LineageEffect.bl_curse_poison_ta	9		0.4		
1168	CastingAction	LineageEffect.bl_curse_poison_ta	9		0.6		
1168	CastingAction	LineageEffect.s_u205_ta	9				
1168	CastingAction	LineageEffect.bl_curse_poison_ta	9		0.5		
1168	CastingAction	LineageEffect.bl_berserker_spirit_ca	9			1	
1168	CastingAction	LineageEffect.bl_berserker_spirit_ca	9			1	
1168	CastingAction	LineageEffect.bl_curse_poison_ta	9				
1168	ShotAction	LineageEffect.bl_curse_poison_ta	9				
1168	ShotAction	LineageEffect.bl_curse_poison_ta	9				
1168	ShotAction	LineageEffect.z_striking_unholy_ta	9				
1168	ShotAction	LineageEffect.bl_curse_poison_ta	9				
1168	ShotAction	LineageEffect.z_striking_unholy_ta	9				
1168	ShotAction	LineageEffect.z_striking_unholy_ta	9				
1168	ShotAction	LineageEffect.el_eruption_ra	9				
1168	ShotAction	LineageEffect.bl_curse_poison_ta	9				
1168	ShotAction	LineageEffect.s_u820_magic_ta	9		0.3		
1168	ShotAction	LineageEffect.s_u828_soul_fan_a	9				
1168	ShotAction	LineageEffect.s_u828_soul_fan_a	9			0.7	
1168	ShotAction	LineageEffect.bl_curse_poison_ta	9				
1171	CastingAction	LineageEffect.el_flame_strike_ca	9			1	
1171	ShotAction	LineageEffect.el_flame_strike_ra	9				
1171	ShotAction	LineageEffect.el_flame_strike_ta	9				
1172	CastingAction	LineageEffect.el_aura_burn_ca	9			1	
1172	ShotAction	LineageEffect.el_aura_burn_ta	9				
1175	CastingAction	LineageEffect.el_aqua_swirl_ca	9			1	
1175	CastingAction	LineageEffect.el_aqua_swirl_pr	9			1	
1175	ShotAction	LineageEffect.el_aqua_swirl_fl					
1175	ShotAction	LineageEffect.el_aqua_swirl_pt	9			1	
1175	ExplosionAction	LineageEffect.el_aqua_swirl_ta	9			1	
1177	CastingAction	LineageEffect.el_wind_strike_ca	9			1	
1177	CastingAction	LineageEffect.el_wind_strike_pr	9				
1177	ShotAction	LineageEffect.el_wind_strike_fl					
1177	ExplosionAction	LineageEffect.el_wind_strike_ta	9				
1178	CastingAction	LineageEffect.el_twister_ca	9			1	
1178	CastingAction	LineageEffect.el_twister_pr	9				
1178	ShotAction	LineageEffect.el_twister_fl					
1178	ExplosionAction	LineageEffect.el_twister_ta	9				
1181	CastingAction	LineageEffect.el_flame_strike_ca	9			1	
1181	CastingAction	LineageEffect.el_flame_strike_pr	9				
1181	ShotAction	LineageEffect.el_flame_strike_fl					
1181	ExplosionAction	LineageEffect.el_flame_strike_ta	9				
1181	ExplosionAction	LineageEffect.el_flame_strike_ra	9				
1184	CastingAction	LineageEffect.el_ice_bolt_ca	9			1	
1184	ShotAction	LineageEffect.el_ice_bolt_ta	9				
1191	CastingAction	LineageEffect.s_u232_ca	9				
1191	ShotAction	LineageEffect.s_u232_ta	9				
1201	CastingAction	LineageEffect.m_u013_a	9			1	
1201	CastingAction	LineageEffect.m_u013_a	9			1	
1201	ShotAction	LineageEffect.sp_dryad_root_ta	9				
1201	ShotAction	LineageEffect.sp_dryad_root_ta	9				
1204	CastingAction	LineageEffect.m_u010_a				1	
1204	CastingAction	LineageEffect.m_u010_a				1	
1204	CastingAction	LineageEffect.m_u010_a	9			1	
1204	CastingAction	LineageEffect.m_u010_a				1	
1204	CastingAction	LineageEffect.m_u010_c	9				
1204	ShotAction	LineageEffect.m_u010_c	9				
1204	ShotAction	LineageEffect.m_u010_c	9				
1204	ShotAction	LineageEffect.m_u010_c	9				
1206	CastingAction	LineageEffect.m_u009_a	9			1	
1206	ShotAction	LineageEffect.m_u009_c	9				
1213	CastingAction	LineageEffect.m_u025_a	9				
1213	CastingAction	LineageEffect.m_u025_b	9				
1213	ShotAction	LineageEffect.m_u025_c	9				
1217	CastingAction	LineageEffect.wh_sec_heal_ca	9			1	
1217	CastingAction	LineageEffect.mo_dash_ca	9				
1217	ShotAction	LineageEffect.wh_greater_heal_ta	9				
1217	ShotAction	LineageEffect.wh_greater_heal_ta	9				
1218	CastingAction	LineageEffect.wh_sec_heal_ca	9			1	
1218	CastingAction	LineageEffect.wh_sec_heal_ca	9			1	
1218	ShotAction	LineageEffect.wh_greater_heal_ta	9			1	
1218	ShotAction	LineageEffect.wh_greater_heal_ta	9			1	
1220	CastingAction	LineageEffect.el_flame_strike_ca	9			1	
1220	CastingAction	LineageEffect.el_flame_strike_pr	9			1	
1220	ShotAction	LineageEffect.el_flame_strike_fl					
1220	ExplosionAction	LineageEffect.el_flame_strike_ta	9				
1223	CastingAction	LineageEffect.m_u018_a	9				
1223	ShotAction	LineageEffect.m_u018_b	9				
1223	ShotAction	LineageEffect.a_u022_earth	9				
1229	CastingAction	LineageEffect.s_u529_ca	9				
1229	ShotAction	LineageEffect.s_u529_ta	9				
1229	ShotAction	LineageEffect.s_u529_cs	9				
1230	CastingAction	LineageEffect.el_prominence_ca	9				
1230	ShotAction	LineageEffect.el_prominence_fl					
1230	ShotAction	LineageEffect.el_prominence_cs	9				
1230	ExplosionAction	LineageEffect.el_prominence_ta	9				
1231	CastingAction	LineageEffect.el_aura_burn_ca	9			1	
1231	CastingAction	LineageEffect.el_aura_burn_ca	9			1	
1231	CastingAction	LineageEffect.el_aura_burn_ca	9			1	
1231	ShotAction	LineageEffect.el_aura_flare_ta	9				
1231	ShotAction	LineageEffect.s_u614_fl_a				0.5	
1231	ShotAction	LineageEffect.s_u614_fl_a				0.8	
1231	ExplosionAction	LineageEffect.el_aura_flare_ta	9				
1231	ExplosionAction	LineageEffect.s_u230_ta	9				
1231	ExplosionAction	LineageEffect.m_u009_c	9			1.2	
1231	ExplosionAction	LineageEffect.s_u230_ta	9				
1231	ExplosionAction	LineageEffect.el_aura_burn_ta	9				
1233	CastingAction	LineageEffect.sp_decay_ca	9				
1233	ShotAction	LineageEffect.sp_decay_ta	9				
1235	CastingAction	LineageEffect.el_hydro_blast_ca	9				
1235	ShotAction	LineageEffect.el_hydro_blast_ta	9				
1237	CastingAction	LineageEffect.el_ice_dagger_ca	9			1	
1237	CastingAction	LineageEffect.el_ice_dagger_pr	9				
1237	CastingAction	LineageEffect.d_pcasting_pp	9			0.8	
1237	CastingAction	LineageEffect.at_stun_attack_ca	9				
1237	ShotAction	LineageEffect.el_ice_dagger_fl					
1237	ShotAction	LineageEffect.d_arrow_trailuv				1.2	
1237	ExplosionAction	LineageEffect.el_ice_dagger_ta	9				
1237	ExplosionAction	LineageEffect.at_sonic_rage_ta	9				
1239	CastingAction	LineageEffect.el_twister_ca	9			1	
1239	CastingAction	LineageEffect.el_hurricane_pr	9				
1239	ShotAction	LineageEffect.el_hurricane_fl					
1239	ExplosionAction	LineageEffect.el_hurricane_ta	9				
1240	CastingAction	LineageEffect.su_empower_ca	9			1	
1240	CastingAction	LineageEffect.su_empower_ca	9			1	
1240	CastingAction	LineageEffect.su_empower_ca	9			1	
1240	CastingAction	LineageEffect.z_common_short2_ca	9			1	
1240	CastingAction	LineageEffect.su_guidance_ta	9				
1240	ShotAction	LineageEffect.su_guidance_ta	9				
1240	ShotAction	LineageEffect.su_guidance_ta	9				
1240	ShotAction	LineageEffect.su_guidance_ta	9				
1242	CastingAction	LineageEffect.su_empower_ca	9			1	
1242	CastingAction	LineageEffect.z_common_short_ca	9			1	
1242	CastingAction	LineageEffect.z_common_short_ca	9			1	
1242	CastingAction	LineageEffect.su_death_whisper_ta	9				
1242	ShotAction	LineageEffect.su_death_whisper_ta	9				
1242	ShotAction	LineageEffect.su_death_whisper_ta	9				
1243	CastingAction	LineageEffect.m_u044_a	9			1	
1243	ShotAction	LineageEffect.m_u044_b	3				
1244	CastingAction	LineageEffect.m_u028_a	9				
1244	ShotAction	LineageEffect.m_u028_b					
1244	ExplosionAction	LineageEffect.m_u028_c	9				
1245	CastingAction	LineageEffect.s_u528_ca	9			1	
1245	ShotAction	LineageEffect.s_u528_ta	9			1	
1245	ShotAction	LineageEffect.s_u528_fl					
1245	ShotAction	LineageEffect.s_u528_fl					
1255	CastingAction	LineageEffect.e_u031_a	9			1	
1255	ShotAction	LineageEffect.e_u005_a	9				
1264	CastingAction	LineageEffect.el_aura_burn_ca	9			1	
1264	ShotAction	LineageEffect.pm_lightening_strike_ta	9				
1268	CastingAction	LineageEffect.s_u205_ca	9			1	
1268	CastingAction	LineageEffect.s_u205_ca	9			1	
1268	ShotAction	LineageEffect.s_u205_ta	9				
1268	ShotAction	LineageEffect.s_u205_ta	9				
1285	CastingAction	LineageEffect.el_flame_strike_ca	9			1	
1285	ShotAction	LineageEffect.m_u022_b	9				
1286	CastingAction	LineageEffect.el_aqua_swirl_ca	9				
1286	ShotAction	LineageEffect.wh_recharge_ta	9				
1287	CastingAction	LineageEffect.m_u038_a	9			1	
1287	ShotAction	LineageEffect.m_u022_b	9				
1288	CastingAction	LineageEffect.el_aura_burn_ca	9			1	
1288	ShotAction	LineageEffect.el_aura_flare_ta	9				
1288	ShotAction	LineageEffect.el_aura_flare_ta	9		0.2		
1296	CastingAction	LineageEffect.el_flame_strike_ca	9			1	
1296	ShotAction	LineageEffect.el_eruption_cs	9				
1296	ShotAction	LineageEffect.el_eruption_ta	9				
1296	ShotAction	LineageEffect.el_eruption_ra	9				
1335	CastingAction	LineageEffect.wh_heal_ca	9				
1335	ShotAction	LineageEffect.wh_balance_life_ta	9				
1356	CastingAction	LineageEffect.sp_prophecy_of_fire_ca	9			1	
1356	ShotAction	LineageEffect.sp_prophecy_of_fire_ta	9				
1362	CastingAction	LineageEffect.m_u800_a	9				
1362	ShotAction	LineageEffect.m_u800_b	9				
1362	ShotAction	LineageEffect.m_u024_b	9				
1388	CastingAction	LineageEffect.m_u205_ca	9				
1388	CastingAction	LineageEffect.m_u016_a	9			1	
1388	ShotAction	LineageEffect.m_u205_ta	9				
1388	ShotAction	LineageEffect.m_u052_recharge_ta	9				
1388	ShotAction	LineageEffect.m_u205_ta	9				
1389	CastingAction	LineageEffect.m_u204_ca	9				
1389	ShotAction	LineageEffect.m_u204_ta	9			1	
1391	CastingAction	LineageEffect.sa_mass_frenzy_ca	9				
1391	CastingAction	LineageEffect.sa_mass_frenzy_cs	9				
1391	ShotAction	LineageEffect.sa_mass_frenzy_ta	9				
1397	CastingAction	LineageEffect.m_u052_recharge_ca	9			1	
1397	CastingAction	LineageEffect.m_u052_recharge_ca	9			1	
1397	ShotAction	LineageEffect.m_u207_ta	9				
1397	ShotAction	LineageEffect.m_u207_ta	9				
1398	CastingAction	LineageEffect.s_u204_ca_ms	9			1	
1398	CastingAction	LineageEffect.s_u204_ca_ms	9			0.7	
1398	ShotAction	LineageEffect.s_u204_ta_ms	9			1	
1398	ShotAction	LineageEffect.s_u204_ta_ms	9			1	
1399	CastingAction	LineageEffect.s_u204_ca_mb	9				
1399	CastingAction	LineageEffect.s_u204_ca_mb	9				
1399	ShotAction	LineageEffect.s_u204_ta_mb	9				
1399	ShotAction	LineageEffect.s_u204_ta_ms	9				
1399	ShotAction	LineageEffect.s_u204_ta_mb	9				
1399	ShotAction	LineageEffect.s_u204_ta_ms	9				
1400	CastingAction	LineageEffect.s_u214_ca	9				
1400	ShotAction	LineageEffect.s_u214_ta	9				
1401	CastingAction	LineageEffect.wh_sec_heal_ca	9			1	
1401	ShotAction	LineageEffect.m_u206_ta	9				
1408	CastingAction	LineageEffect.s_u213_ca	9				
1408	ShotAction	LineageEffect.s_u213_ta	9				
1409	CastingAction	LineageEffect.su_empower_third_ca	9			1	
1409	CastingAction	LineageEffect.su_empower_third_ca	9			0.7	
1409	CastingAction	LineageEffect.m_u016_a	9			1	
1409	CastingAction	LineageEffect.su_empower_third_ta	9		0.5		
1409	ShotAction	LineageEffect.su_empower_third_ta	9				
1409	ShotAction	LineageEffect.su_empower_third_ta	9				
1412	CastingAction	LineageEffect.s_u218_ca	9				
1412	ShotAction	LineageEffect.s_u218_ta	9				
1414	CastingAction	LineageEffect.sa_mass_frenzy_ca	9				
1414	ShotAction	LineageEffect.sa_mass_frenzy_cs	9				
1414	ShotAction	LineageEffect.sa_mass_frenzy_ta	9				
1419	CastingAction	LineageEffect.s_u807_mage_ca	9			1	
1419	CastingAction	LineageEffect.s_u807_mage_ca	9			1	
1419	ShotAction	LineageEffect.s_u807_ta	9				
1419	ChannelingAction	LineageEffect.s_u808_red_a	1				
1419	ChannelingAction	LineageEffect.s_u808_red_b	1				
1419	UnionTargetAction	LineageEffect.el_flame_strike_ta_sound	9				
1420	CastingAction	LineageEffect.s_u807_mage_ca	9			1	
1420	ChannelingAction	LineageEffect.s_u808_red_a	1				
1420	ChannelingAction	LineageEffect.s_u808_red_b	1				
1420	UnionTargetAction	LineageEffect.el_hurricane_ta_sound	9				
1421	CastingAction	LineageEffect.s_u807_mage_ca	9			1	
1421	ChannelingAction	LineageEffect.s_u808_red_a	1				
1421	ChannelingAction	LineageEffect.s_u808_red_b	1				
1421	UnionTargetAction	LineageEffect.el_hydro_blast_ta_sound	9				
1422	CastingAction	LineageEffect.s_u807_mage_ca	9			1	
1422	UnionTargetAction	LineageEffect.el_flame_strike_ta_sound	9				
1423	CastingAction	LineageEffect.s_u807_mage_ca	9			1	
1423	ChannelingAction	LineageEffect.s_u808_red_a	1				
1423	ChannelingAction	LineageEffect.s_u808_red_b	1				
1423	UnionTargetAction	LineageEffect.bl_curse_poison_ta_sound	9				
1424	CastingAction	LineageEffect.s_u807_fighter_ca	9			1	
1424	UnionTargetAction	LineageEffect.it_scroll_of_escape_ta_sound	9				
1425	CastingAction	LineageEffect.s_u807_mage_ca	9				
1425	ShotAction	LineageEffect.s_u807_ta	9				
1425	ShotAction	LineageEffect.wh_bless_the_body_ta	9				
1431	CastingAction	LineageEffect.s_u820_magic_long_ca	9			1	
1431	CastingAction	LineageEffect.s_u820_magic_cs	9				
1431	ShotAction	LineageEffect.s_u820_magic_fl				3	
1431	ExplosionAction	LineageEffect.s_u820_magic_ta	9				
1432	CastingAction	LineageEffect.m_u807_power_ca	9				
1432	ShotAction	LineageEffect.m_u807_power_ta_a	9				
1433	CastingAction	LineageEffect.s_u018_darkball_ca	9				
1433	CastingAction	LineageEffect.e_u058_darkball_hand	9				
1433	ShotAction	LineageEffect.e_u058_darkball_fl					
1433	ExplosionAction	LineageEffect.e_u058_darkball_ta	9				
1434	CastingAction	LineageEffect.s_u018_darkball_ca	9			1	
1434	CastingAction	LineageEffect.e_u058_darkball_hand	9			1	
1434	ShotAction	LineageEffect.e_u058_darkball_fl				1	
1434	ExplosionAction	LineageEffect.e_u058_darkball_ta				1	
1434	ExplosionAction	LineageEffect.m_u021_black_ta					
1435	CastingAction	LineageEffect.s_u817_darkspoil_ca	9				
1435	ShotAction	LineageEffect.s_u817_darkspoil_ta	9				
1435	ShotAction	LineageEffect.s_u817_darkspoil_ta_a	9				
1436	CastingAction	LineageEffect.s_u820_magic_ca	9				
1436	CastingAction	LineageEffect.s_u820_magic_cs	9				
1436	ShotAction	LineageEffect.s_u820_magic_fl					
1436	ExplosionAction	LineageEffect.s_u820_debuff_ta	9				
1437	CastingAction	LineageEffect.s_u820_soul_hand	2				
1437	CastingAction	LineageEffect.m_u811_short_debuff	9				
1437	ShotAction	LineageEffect.s_u820_magic_ta	9				
1437	ShotAction	LineageEffect.s_u828_soul_fan_a	9				
1438	CastingAction	LineageEffect.s_u820_magic_ca	9				
1438	CastingAction	LineageEffect.s_u820_magic_cs	9				
1438	ShotAction	LineageEffect.s_u820_range_ta_b	9				
1439	CastingAction	LineageEffect.m_u808_tolerant_ca	9				
1439	ShotAction	LineageEffect.m_u808_tolerant_ta_a	9				
1440	CastingAction	LineageEffect.s_u837_ca	9				
1440	ShotAction	LineageEffect.s_u837_ta_a	9				
1440	ShotAction	LineageEffect.s_u837_ta_head	9				
1441	CastingAction	LineageEffect.m_u806_third_elemental_ca	9				
1441	ShotAction	LineageEffect.su_detection_ta	9				
1442	CastingAction	LineageEffect.m_u807_tolerant_ca	9			1	
1442	CastingAction	LineageEffect.m_u807_tolerant_ca	9			0.8	
1442	CastingAction	LineageEffect.s_u202_charge	9			0.8	
1442	CastingAction	LineageEffect.RibbonSet_sword	2			1	
1442	CastingAction	LineageEffect.s_u202_event_cow	9			0.5	
1442	CastingAction	LineageEffect.m_u807_tolerant_ca	9			0.8	
1442	CastingAction	LineageEffect.m_u807_tolerant_ta_b	9		3		
1442	ShotAction	LineageEffect.m_u807_tolerant_ta_b	9				
1442	ShotAction	LineageEffect.mo_dash_ta	9			1	
1443	CastingAction	LineageEffect.m_u808_tolerant_ca	9				
1443	ShotAction	LineageEffect.m_u808_tolerant_ta_c	9				
1444	CastingAction	LineageEffect.m_u807_tolerant_ca_a	9				
1444	ShotAction	LineageEffect.m_u807_tolerant_ta_c	9				
1445	CastingAction	LineageEffect.m_u811_short_debuff	9			1	
1445	ShotAction	LineageEffect.m_u808_tele_ta_d	9			1	
1445	ShotAction	LineageEffect.a_u022_unholy	9				
1449	CastingAction	LineageEffect.m_u807_tolerant_ca_a	9				
1449	CastingAction	LineageEffect.s_u815_hand_holy	2				
1449	CastingAction	LineageEffect.s_u815_hand_holy	3				
1449	ShotAction	LineageEffect.s_u815_hand_holy	9				
1450	CastingAction	LineageEffect.s_u805_ca_third	9			1	
1450	CastingAction	LineageEffect.s_u805_ca_third	9			1	
1450	ShotAction	LineageEffect.s_u812_beam_test_b	9				
1450	ShotAction	LineageEffect.s_u812_beam_ta	9				
1450	ShotAction	LineageEffect.s_u812_beam_test_b	9				
1450	ChannelingAction	LineageEffect.s_u812_beam_test_a	9		1.5		
1450	ChannelingAction	LineageEffect.s_u812_beam_test_a	9				
1451	CastingAction	LineageEffect.m_u013_a	9				
1451	ShotAction	LineageEffect.s_u807_ta	9				
1452	CastingAction	LineageEffect.el_flame_strike_ca	9				
1452	ShotAction	LineageEffect.el_flame_strike_ta	9				
1454	CastingAction	LineageEffect.el_ice_bolt_ca	9			1	
1454	ShotAction	LineageEffect.el_ice_bolt_ta	9				
1460	CastingAction	LineageEffect.s_u605_ca	9			1	
1460	ShotAction	LineageEffect.s_u605_ta	9				
1467	CastingAction	LineageEffect.el_flame_strike_ca	9				
1467	CastingAction	LineageEffect.e_u836_meteo			2		
1467	CastingAction	LineageEffect.e_u836_meteo			2.2		
1467	CastingAction	LineageEffect.e_u836_meteo			2.5		
1467	CastingAction	LineageEffect.e_u836_meteo			2.3		
1467	CastingAction	LineageEffect.e_u836_meteo			2.6		
1467	CastingAction	LineageEffect.e_u836_meteo			4		
1467	CastingAction	LineageEffect.e_u836_meteo			4.2		
1467	CastingAction	LineageEffect.e_u836_meteo			4.5		
1467	CastingAction	LineageEffect.e_u836_meteo			4.3		
1467	CastingAction	LineageEffect.e_u836_meteo			4.6		
1467	CastingAction	LineageEffect.e_u836_meteo			6		
1467	CastingAction	LineageEffect.e_u836_meteo			6.2		
1467	CastingAction	LineageEffect.e_u836_meteo			6.5		
1467	CastingAction	LineageEffect.e_u836_meteo			6.3		
1467	CastingAction	LineageEffect.e_u836_meteo			6.6		
1467	CastingAction	LineageEffect.e_u836_meteo			8		
1467	CastingAction	LineageEffect.e_u836_meteo			8.2		
1467	CastingAction	LineageEffect.e_u836_meteo			8.5		
1467	CastingAction	LineageEffect.e_u836_meteo			8.3		
1467	CastingAction	LineageEffect.e_u836_meteo			8.6		
1467	CastingAction	LineageEffect.e_u836_meteo					
1467	CastingAction	LineageEffect.e_u836_meteo			0.2		
1467	CastingAction	LineageEffect.e_u836_meteo			0.5		
1467	CastingAction	LineageEffect.e_u836_meteo			0.3		
1467	CastingAction	LineageEffect.e_u836_meteo			0.6		
1468	CastingAction	LineageEffect.m_u042_starfall_ca	9				
1468	CastingAction	LineageEffect.m_u042_starfall_ca	9				
1468	CastingAction	LineageEffect.m_u042_starfall_ca					
1468	CastingAction	LineageEffect.e_u842_starfall_green					
1468	CastingAction	LineageEffect.e_u842_starfall_green			0.5		
1468	CastingAction	LineageEffect.e_u842_starfall_green			0.5		
1468	CastingAction	LineageEffect.e_u842_starfall_green			0.4		
1468	CastingAction	LineageEffect.e_u842_starfall_green			0.2		
1468	CastingAction	LineageEffect.e_u842_starfall_green			2		
1468	CastingAction	LineageEffect.e_u842_starfall_green			2.5		
1468	CastingAction	LineageEffect.e_u842_starfall_green			2.5		
1468	CastingAction	LineageEffect.e_u842_starfall_green			2.4		
1468	CastingAction	LineageEffect.e_u842_starfall_green			2.2		
1468	CastingAction	LineageEffect.e_u842_starfall_green			4		
1468	CastingAction	LineageEffect.e_u842_starfall_green			4.5		
1468	CastingAction	LineageEffect.e_u842_starfall_green			4.5		
1468	CastingAction	LineageEffect.e_u842_starfall_green			4.4		
1468	CastingAction	LineageEffect.e_u842_starfall_green			4.2		
1468	CastingAction	LineageEffect.e_u842_starfall_green			6		
1468	CastingAction	LineageEffect.e_u842_starfall_green			6.5		
1468	CastingAction	LineageEffect.e_u842_starfall_green			6.5		
1468	CastingAction	LineageEffect.e_u842_starfall_green			6.4		
1468	CastingAction	LineageEffect.e_u842_starfall_green			6.2		
1468	CastingAction	LineageEffect.e_u842_starfall_green			6		
1468	CastingAction	LineageEffect.e_u842_starfall_green			8.5		
1468	CastingAction	LineageEffect.e_u842_starfall_green			8.5		
1468	CastingAction	LineageEffect.e_u842_starfall_green			8.4		
1468	CastingAction	LineageEffect.e_u842_starfall_green			8.2		
1469	CastingAction	LineageEffect.s_u811_leoport_ca	9				
1469	ShotAction	LineageEffect.s_u811_leoport_ta	9				
1470	CastingAction	LineageEffect.s_u816_fraga_ca	9				
1470	ShotAction	LineageEffect.s_u816_fraga_ta	9				
1471	CastingAction	LineageEffect.m_u809_spec_ca	9				
1471	ShotAction	LineageEffect.s_u825_death_beam_ta_short					
1471	ShotAction	LineageEffect.s_u804_a_ta	9				
1472	CastingAction	LineageEffect.m_u809_spec_ca	9				
1472	CastingAction	LineageEffect.s_u831_bloodsuck_cs	9				
1472	ChannelingAction	LineageEffect.s_u831_bloodsuck	9				
1472	ChannelingAction	LineageEffect.s_u831_bloodsuck_ta	9			1	
1473	CastingAction	LineageEffect.s_u833_weapon_change	9			0.5	
1475	CastingAction	LineageEffect.s_u835_ca	9			1	
1475	ShotAction	LineageEffect.s_u835_ta	9				
1492	CastingAction	LineageEffect.s_u208_ca	9			1	
1492	ShotAction	LineageEffect.s_u208_ta_flame	9				
1493	CastingAction	LineageEffect.s_u208_ca	9			1	
1493	ShotAction	LineageEffect.s_u208_ta_frost	9				
1494	CastingAction	LineageEffect.s_u208_ca	9			1	
1494	ShotAction	LineageEffect.s_u208_ta_huricane	9				
1495	CastingAction	LineageEffect.s_u201_ca	9			1	
1495	CastingAction	LineageEffect.bl_berserker_spirit_ca	9			1	
1495	CastingAction	LineageEffect.s_u201_ca	9			1	
1495	ShotAction	LineageEffect.s_u201_ta	9			0.7	
1495	ShotAction	LineageEffect.m_u003_b	9			1	
1495	ShotAction	LineageEffect.s_u201_ta	9			0.6	
1495	ShotAction	LineageEffect.s_u820_magic_ta	9				
1495	ShotAction	LineageEffect.s_u201_ta	9			0.7	
1495	ShotAction	LineageEffect.s_u202_insane	9				
1496	CastingAction	LineageEffect.m_u202_ca_a	9			1	
1496	ShotAction	LineageEffect.z_common_short2_ca	9			1	
1499	CastingAction	LineageEffect.m_u200_ca	9			1	
1499	ShotAction	LineageEffect.m_u200_ta_combat	9			1	
1500	CastingAction	LineageEffect.m_u200_ca	9			1	
1500	ShotAction	LineageEffect.m_u200_ta_magic	9			1	
1501	CastingAction	LineageEffect.m_u200_ca	9			1	
1501	ShotAction	LineageEffect.m_u200_ta_condition	9			1	
1502	CastingAction	LineageEffect.m_u200_ca	9			1	
1502	ShotAction	LineageEffect.m_u200_ta_critical	9			1	
1503	CastingAction	LineageEffect.m_u200_ca	9			1.2	
1503	ShotAction	LineageEffect.m_u200_ta_shield	3		0.5	1.3	
1504	CastingAction	LineageEffect.m_u200_ca	9			1	
1504	ShotAction	LineageEffect.m_u200_ta_move	9			1	
1505	CastingAction	LineageEffect.m_u202_ca_a	9			1	
1505	ShotAction	LineageEffect.s_u220_barrier	9				
1516	CastingAction	LineageEffect.s_u834_ca	9				
1516	ShotAction	LineageEffect.s_u834_fl					
1516	ShotAction	LineageEffect.s_u834_cs	9				
1516	ExplosionAction	LineageEffect.s_u834_range_ta	9				
1517	CastingAction	LineageEffect.m_u203_ca	9				
1517	ShotAction	LineageEffect.m_u203_ca_ex	9				
1517	ShotAction	LineageEffect.e_u203_ta_combat	9				
1518	CastingAction	LineageEffect.m_u203_ca	9				
1518	ShotAction	LineageEffect.m_u203_ca_ex	9				
1518	ShotAction	LineageEffect.m_u203_ta_critical	9				
1519	CastingAction	LineageEffect.m_u203_ca	9				
1519	ShotAction	LineageEffect.m_u203_ca_ex	9				
1519	ShotAction	LineageEffect.m_u203_ta_blood	9				
1523	CastingAction	LineageEffect.s_u600_ca	9			1	
1523	ShotAction	LineageEffect.s_u600_ta	9				
1524	CastingAction	LineageEffect.s_u600_ca_a	9			1	
1524	ShotAction	LineageEffect.s_u602_ta	9				
1524	ShotAction	LineageEffect.a_u022_holy	9				
1525	CastingAction	LineageEffect.s_u600_ca	9			1	
1525	ShotAction	LineageEffect.s_u603_ta	9				
1528	CastingAction	LineageEffect.s_u600_ca	9			1	
1528	ShotAction	LineageEffect.s_u600_ta	9				
1528	ShotAction	LineageEffect.s_u601_ta	9				
1529	CastingAction	LineageEffect.s_u820_ca_web	9			1	
1529	ShotAction	LineageEffect.sp_dryad_root_ta	9				
1532	CastingAction	LineageEffect.s_u223_ca	9			1	
1532	ShotAction	LineageEffect.s_u223_ta	9			1	
1534	CastingAction	LineageEffect.m_u024_a	9				
1534	ShotAction	LineageEffect.m_u200_ta_combat	9				
1535	CastingAction	LineageEffect.m_u203_ca	9				
1535	ShotAction	LineageEffect.m_u203_ca_ex	9				
1535	ShotAction	LineageEffect.m_u203_ta_movement	9				
1536	CastingAction	LineageEffect.m_u024_a	9				
1536	ShotAction	LineageEffect.m_u200_ta_combat	9				
1537	CastingAction	LineageEffect.m_u024_a	9				
1537	ShotAction	LineageEffect.m_u200_ta_critical	9				
1538	CastingAction	LineageEffect.m_u024_a	9				
1538	ShotAction	LineageEffect.m_u200_ta_condition	9				
1540	CastingAction	LineageEffect.mo_iron_will_ca	9				
1540	CastingAction	LineageEffect.z_unholy_hp_down	9			0.2	
1540	CastingAction	LineageEffect.z_unholy_hp_down	9			0.5	
1540	ShotAction	LineageEffect.s_u227_ta	9			1.2	
1540	ShotAction	LineageEffect.s_u227_ta	9			1.2	
1540	ShotAction	LineageEffect.ph_howl_ta	9			0.5	
1540	ShotAction	LineageEffect.d_smoke_darkb	9		1.5	0.8	
2003	CastingAction	LineageEffect.su_summon_a_ca				1	
2008	CastingAction	LineageEffect.it_spirit_shot_d_ca	8	soulshot1			
2011	CastingAction	LineageEffect.it_quick_step_potion_ta	9			1	
2013	CastingAction	LineageEffect.it_scroll_of_escape_ca	9			1	
2013	ShotAction	LineageEffect.it_scroll_of_escape_ta	9				
2023	CastingAction						
2024	CastingAction						
2025	CastingAction						
2031	CastingAction	LineageEffect.it_healing_potion_ta	9			1	
2033	CastingAction	LineageEffect.it_soul_shot_d_ca	8	soulshot1			
2033	CastingAction	LineageEffect.it_soul_shot_d_ca	8	soulshot2			
2039	CastingAction		2				
2042	CastingAction	LineageEffect.it_antidote_ta	9			1	
2047	CastingAction		2				
2122	CastingAction	LineageEffect.e_u004_a	9			1	
2136	CastingAction	LineageEffect.e_u001_a	9			1	
2140	CastingAction	LineageEffect.e_u059_a	9				
2150	CastingAction		2				
2151	CastingAction		2				
2152	CastingAction		2				
2153	CastingAction		2				
2154	CastingAction		2				
2155	CastingAction		2				
2156	CastingAction		2				
2157	CastingAction		2				
2158	CastingAction		2				
2159	CastingAction		2				
2165	CastingAction	LineageEffect.mo_focus_sonic_ta	9			1	
2166	CastingAction	LineageEffect.mo_war_cry_ta	9			1	
2166	CastingAction	LineageEffect.z_common_short_ca	9			1	
2166	CastingAction	LineageEffect.mo_war_cry_ta	9		0.15	1	
2167	CastingAction	LineageEffect.su_haste_ta	9			1	
2168	CastingAction	LineageEffect.su_empower_ca	9				
2168	ShotAction	LineageEffect.su_might_ta	9				
2171	CastingAction	LineageEffect.s_u217_ca	9				
2177	CastingAction	LineageEffect.it_scroll_of_escape_ta	9			1	
2234	PreshotAction	LineageEffect.s_u003_d	2				
2234	CastingAction	LineageEffect.mb_frintessa_arrow_pr	3				
2234	CastingAction	LineageEffect.mb_frintessa_arrow_ca	9				
2234	ShotAction	LineageEffect.mb_frintessa_arrow_fl	9				
2234	ExplosionAction	LineageEffect.mb_frintessa_arrow_ta	9				
2241	CastingAction	LineageEffect.wh_heal_ta	9			1	
2291	CastingAction	LineageEffect.e_u004_a	9			1	
2360	CastingAction	LineageEffect.s_u807_mage_ca	9				
2360	ShotAction	LineageEffect.wh_bless_the_body_ta	9			1	
2577	CastingAction	LineageEffect.mo_ultimate_defence_ta	9				
2578	CastingAction	LineageEffect.wh_cure_poison_ta	9			1	
2587	ShotAction	LineageEffect.s_u527_ca	9			1	
2588	CastingAction	LineageEffect.it_scroll_of_escape_ca	9			1	
2588	ShotAction	LineageEffect.e_u600_ca	9			1	
2611	CastingAction						
2611	CastingAction	LineageEffect.e_u519_firecracker_0	9		0.4	0.5	
2611	CastingAction	LineageEffect.e_u519_firecracker_0	9		0.8	0.7	
2612	CastingAction						
2612	CastingAction	LineageEffect.e_u519_firecracker_0	9		0.4	0.7	
2612	CastingAction	LineageEffect.e_u519_firecracker_1	9		0.8	0.9	
2613	CastingAction						
2613	CastingAction	LineageEffect.e_u519_firecracker_2	9		1	0.9	
2613	CastingAction	LineageEffect.e_u519_firecracker_3	9		0.5	0.7	
2613	CastingAction	LineageEffect.e_u519_firecracker_0	9		1.5	1.1	
2613	CastingAction	LineageEffect.e_u519_firecracker_1	9		2	0.8	
2614	CastingAction	LineageEffect.e_u521_fail	9			1	
2614	CastingAction	LineageEffect.e_u511_fail	9			0.6	
2614	CastingAction	LineageEffect.s_u814_ta_d	9			2	
2615	CastingAction	LineageEffect.m_u802_holy	9			1	
2839	CastingAction	LineageEffect.s_u023_lightening_ca	9				
2839	ShotAction	LineageEffect.s_u023_lightening_ta	9			0.75	
2839	ShotAction	LineageEffect.at_shield_stun_ta	9			1	
2867	CastingAction	LineageEffect.e_u300_heart_ca	9				
2867	ShotAction	LineageEffect.e_u300_cow_fl					
2867	ExplosionAction	LineageEffect.e_u300_heart_ta	9				
2868	CastingAction	LineageEffect.e_u300_heart_ca	9				
2868	ShotAction	LineageEffect.e_u300_cow_fl				3	
2868	ShotAction	LineageEffect.e_u300_cow_fl			0.05	2	
2868	ShotAction	LineageEffect.e_u300_cow_fl			0.05	2	
2868	ExplosionAction	LineageEffect.e_u300_heart_ta	9				
2869	CastingAction	LineageEffect.s_u213_summon_cow	9			1	
2869	CastingAction	LineageEffect.s_u213_summon_cow	9			1	
2869	CastingAction	LineageEffect.e_u312_ta	9				
2869	CastingAction	LineageEffect.s_u213_summon_cow	9			1	
2869	CastingAction	LineageEffect.e_u312_ta	9				
2869	CastingAction	LineageEffect.s_u213_summon_cow	9			1	
2869	CastingAction	LineageEffect.e_u312_ta	9				
2869	CastingAction	LineageEffect.s_u213_summon_cow	9			1	
2869	CastingAction	LineageEffect.e_u312_ta	9				
2869	CastingAction	LineageEffect.s_u213_summon_cow	9			1	
2869	CastingAction	LineageEffect.e_u312_ta	9				
2869	CastingAction	LineageEffect.s_u213_summon_cow	9			1	
2869	CastingAction	LineageEffect.e_u312_ta	9				
2869	ShotAction	LineageEffect.e_u312_ta	9				
2900	CastingAction	LineageEffect.e_u313_ta_a	9			1	
2901	CastingAction	LineageEffect.e_u313_ta_a	9			1	
2902	CastingAction	LineageEffect.e_u313_ta_b	9			1	
2903	CastingAction	LineageEffect.e_u313_ta_b	9			1	
2904	CastingAction	LineageEffect.e_u313_ta_b	9			1	
2905	CastingAction	LineageEffect.m_u016_a	9			1	
2905	ShotAction	LineageEffect.s_u240_spray_a	9				
2906	CastingAction	LineageEffect.m_u016_a	9			1	
2906	ShotAction	LineageEffect.s_u240_spray_b	9				
3260	PreshotAction	LineageEffect.e_u300_heart_arrow	2				
3260	CastingAction	LineageEffect.e_u300_heart_ca	9				
3260	CastingAction	LineageEffect.e_u300_heart_cs	3				
3260	ShotAction	LineageEffect.e_u300_heart_fl	9				
3260	ShotAction	LineageEffect.e_u300_heart_cs_a	3				
3260	ExplosionAction	LineageEffect.e_u300_heart_ta	9				
3268	CastingAction	LineageEffect.m_u810_aga_ca	9			1	
3318	CastingAction	LineageEffect.m_u004_a	9			1	
3626	CastingAction	LineageEffect.s_u805_ca_third	9			1	
3626	ChannelingAction	LineageEffect.s_u805_channeling_mesh	9				
3626	ChannelingAction	LineageEffect.s_u805_channeling_beam	9				
3630	CastingAction	LineageEffect.at_shock_blast_ca	9				
3630	ShotAction	LineageEffect.at_shock_blast_ra	9				
3632	CastingAction	LineageEffect.su_summon_a_ca	9				
4017	CastingAction	LineageEffect.at_fatal_strike_ca	9			1	
4018	ShotAction	LineageEffect.m_u000_c					
4018	ExplosionAction	LineageEffect.m_u000_d	9				
4019	ShotAction	LineageEffect.m_u021_b	9				
4020	CastingAction	LineageEffect.wh_heal_ca	9			1	
4020	ShotAction	LineageEffect.wh_heal_ta	9			1	
4025	CastingAction	LineageEffect.wh_sec_heal_ca	9			1	
4025	ShotAction	LineageEffect.wh_recharge_ta	9				
4032	CastingAction	LineageEffect.py_npc_strike_ca	9			1	
4032	ShotAction	LineageEffect.at_fatal_strike_ta	9				
4049	CastingAction						
4049	ExplosionAction	LineageEffect.m_u000_d	9				
4050	CastingAction						
4068	ShotAction	LineageEffect.e_u033_a	9				
4068	ShotAction	LineageEffect.e_u033_b					
4068	ExplosionAction	LineageEffect.e_u033_c	9				
4069	ShotAction	LineageEffect.e_u034_a					
4069	ShotAction	LineageEffect.e_u034_b					
4069	ExplosionAction	LineageEffect.e_u034_c	9				
4080	CastingAction	LineageEffect.m_u003_a	9			1	
4080	ShotAction	LineageEffect.it_healing_potion_ta	9				
4097	CastingAction	LineageEffect.at_fatal_strike_ca	9			1	
4097	CastingAction	LineageEffect.m_u024_a	9				
4097	ShotAction	LineageEffect.m_u024_c	9				
4097	ShotAction	LineageEffect.m_u024_b	9				
4101	CastingAction	LineageEffect.at_fatal_strike_ca	9			1	
4101	ShotAction	LineageEffect.at_fatal_strike_ta	9				
4101	ShotAction	LineageEffect.at_fatal_strike_ta	9		0.1		
4105	CastingAction	LineageEffect.s_u010_a	9				
4105	ShotAction	LineageEffect.e_u034_a					
4105	ShotAction	LineageEffect.e_u034_b					
4105	ExplosionAction	LineageEffect.e_u034_c	9				
4106	ShotAction	LineageEffect.e_u043_a	9				
4107	ShotAction	LineageEffect.e_u051_a	9				
4109	ShotAction	LineageEffect.e_u050_b	9				
4110	ShotAction	LineageEffect.e_u044_b	9				
4111	CastingAction	LineageEffect.e_u046_a	7	Bone01			
4111	ShotAction	LineageEffect.e_u046_b	9				
4111	ExplosionAction	LineageEffect.e_u046_c	9				
4112	ShotAction	LineageEffect.e_u049_a	7	Bip01 R Hand			
4113	ShotAction	LineageEffect.e_u049_a	7	Bip01 L Hand			
4127	ShotAction	LineageEffect.e_u063_a	9				
4128	ShotAction	LineageEffect.e_u065_a	9				
4129	ShotAction	LineageEffect.e_u066_a	9				
4130	CastingAction	LineageEffect.e_u064_cloud	9			3	
4130	ShotAction	LineageEffect.e_u064_a					
4130	ShotAction	LineageEffect.e_u064_a			0.5		
4130	ShotAction	LineageEffect.e_u064_a			0.63		
4130	ShotAction	LineageEffect.e_u064_a			1		
4130	ShotAction	LineageEffect.e_u064_a			1.1		
4130	ShotAction	LineageEffect.e_u064_a			1.14		
4130	ShotAction	LineageEffect.e_u064_a			1.2		
4130	ShotAction	LineageEffect.e_u064_a			1.22		
4130	ShotAction	LineageEffect.e_u064_a			1.39		
4130	ShotAction	LineageEffect.e_u064_a			1.42		
4130	ShotAction	LineageEffect.e_u064_a			1.48		
4130	ShotAction	LineageEffect.e_u064_a			1.6		
4130	ShotAction	LineageEffect.e_u064_a			1.85		
4131	ShotAction	LineageEffect.e_u067_hand	2				
4131	ShotAction	LineageEffect.e_u067_a	9				
4132	CastingAction	LineageEffect.s_u010_a	9				
4132	ShotAction	LineageEffect.m_u006_e	9				
4132	ShotAction	LineageEffect.m_u006_d	9				
4135	CastingAction	LineageEffect.m_u001_a	9			1	
4135	CastingAction	LineageEffect.m_u001_b	9		2	1	
4139	CastingAction	LineageEffect.e_u060_a	7	Bone04	0.7		
4139	ShotAction	LineageEffect.m_u006_d	9				
4139	ShotAction	LineageEffect.e_u060_b	9				
4139	ShotAction	LineageEffect.e_u060_b	9				
4141	CastingAction	LineageEffect.e_u058_r	2				
4141	ShotAction	LineageEffect.e_u058_a	2				
4141	ExplosionAction	LineageEffect.e_u058_b	9				
4143	CastingAction	LineageEffect.el_flame_strike_ta	9		0.1		
4143	CastingAction	LineageEffect.el_flame_strike_ra	9		0.2	1	
4143	ShotAction	LineageEffect.el_flame_strike_ta	9				
4161	CastingAction	LineageEffect.it_scroll_of_escape_ca	9			1	
4161	ShotAction	LineageEffect.it_scroll_of_escape_ta	9				
4165	CastingAction						
4165	ExplosionAction	LineageEffect.el_ice_dagger_ta	9				
4172	CastingAction	LineageEffect.s_u804_a_ca	9				
4172	ShotAction	LineageEffect.s_u804_a_ta	9				
4204	CastingAction	LineageEffect.el_ice_dagger_ca	9			1	
4204	CastingAction	LineageEffect.el_ice_dagger_pr	9				
4204	ShotAction	LineageEffect.el_ice_dagger_fl					
4204	ExplosionAction	LineageEffect.el_ice_dagger_ta	9				
4210	CastingAction	LineageEffect.sa_mass_frenzy_ca	9				
4210	ShotAction	LineageEffect.sa_mass_frenzy_cs	9				
4210	ShotAction	LineageEffect.sa_mass_frenzy_ta	9				
4211	CastingAction	LineageEffect.su_empower_ca	9			0.6	
4211	ShotAction	LineageEffect.su_might_ta	9				
4216	CastingAction	LineageEffect.e_u071_a	9			1	
4216	ShotAction	LineageEffect.e_u071_b	9				
4228	PreshotAction	LineageEffect.NSpear_sp	2				
4228	CastingAction	LineageEffect.s_u010_a	9				
4228	ShotAction						
4228	ExplosionAction	LineageEffect.p_u004_a	9				
4229	CastingAction	LineageEffect.e_u058_r	2				
4229	CastingAction	LineageEffect.e_u058_l	3				
4229	ShotAction	LineageEffect.e_u058_a	2				
4229	ExplosionAction	LineageEffect.e_u058_b	9				
4230	ShotAction	LineageEffect.e_u073_a	7	Gun_bone4			
4230	ShotAction	LineageEffect.e_u073_b		Gun_bone4			
4230	ExplosionAction	LineageEffect.e_u073_ground					
4231	ShotAction	LineageEffect.e_u072_a	9				
4231	ExplosionAction	LineageEffect.e_u072_b	9				
4232	CastingAction	LineageEffect.e_u057_a	2				
4232	CastingAction	LineageEffect.at_fatal_strike_ca	9			1	
4232	ShotAction	LineageEffect.e_u057_b	9				
4236	CastingAction	LineageEffect.el_twister_ca	9			1	
4236	CastingAction	LineageEffect.el_hurricane_pr	9				
4236	ShotAction	LineageEffect.el_hurricane_fl					
4236	ExplosionAction	LineageEffect.el_hurricane_ta					
4289	ShotAction	LineageEffect.mu_wyvern_breath_fl					
4289	ExplosionAction	LineageEffect.el_flame_strike_ra	9				
4289	ExplosionAction	LineageEffect.mu_wyvern_breath_ta	9				
4314	CastingAction	LineageEffect.e_u082_rainbow	7	Dummy04			
4314	CastingAction	LineageEffect.e_u082_core	7	Dummy05			
4314	ShotAction	LineageEffect.e_u082_a	9				
4315	CastingAction	LineageEffect.e_u504_a	9			1	
4315	CastingAction	LineageEffect.e_u504_rh	2				
4315	CastingAction	LineageEffect.e_u504_rh	3				
4315	ShotAction	LineageEffect.e_u504_b	9				
4316	CastingAction	LineageEffect.mu_lilim_drain_boss_cs	2				
4316	CastingAction	LineageEffect.mu_lilim_drain_boss_ca	3				
4316	ShotAction	LineageEffect.mu_lilim_drain_boss_ta	9				
4318	CastingAction	LineageEffect.mo_battle_roar_ta	9			1	
4319	CastingAction	LineageEffect.pm_lightening_strike_ta	9				
4321	CastingAction	LineageEffect.bl_curse_poison_ta	9			1	
4321	CastingAction	LineageEffect.m_u013_a	9			0.3	
4321	CastingAction	LineageEffect.m_u013_a	9			0.3	
4321	ShotAction	LineageEffect.d_purplebubble_fl				0.2	
4321	ShotAction	LineageEffect.d_purplebubble_fl				0.2	
4321	ExplosionAction	LineageEffect.bl_curse_poison_ta	9			1	
4321	ExplosionAction	LineageEffect.at_fatal_strike_ta	9			0.8	
4321	ExplosionAction	LineageEffect.at_fatal_strike_ta	9			1.2	
4321	ExplosionAction	LineageEffect.bl_curse_poison_ta	9			1	
4321	ExplosionAction	LineageEffect.at_fatal_strike_ta	9			0.8	
4321	ExplosionAction	LineageEffect.at_fatal_strike_ta	9			1.2	
4322	CastingAction	LineageEffect.sp_wind_walk_ta	9			1	
4323	CastingAction	LineageEffect.wh_shield_to	9				
4324	CastingAction	LineageEffect.wh_bless_the_body_ta	9				
4325	CastingAction	LineageEffect.su_focus_ta	9				
4326	CastingAction	LineageEffect.wh_regeneration_ta	9				
4327	CastingAction	LineageEffect.su_haste_ta	9				
4328	CastingAction	LineageEffect.wh_bless_the_soul_ta	9				
4329	CastingAction	LineageEffect.su_acumen_ta	9				
4330	CastingAction	LineageEffect.su_concentration_ta	9				
4330	CastingAction	LineageEffect.z_common_short2_ca	9			1	
4330	CastingAction	LineageEffect.z_common_short2_ca	9			1	
4330	CastingAction	LineageEffect.su_concentration_ta	9				
4330	ShotAction	LineageEffect.su_concentration_ta	9				
4331	CastingAction	LineageEffect.su_empower_ta	9				
4334	CastingAction	LineageEffect.su_sleep_ta	9				
4339	CastingAction	LineageEffect.wh_resurrection_ta	9				
4343	CastingAction	LineageEffect.su_detection_ta	9				
4345	CastingAction	LineageEffect.su_might_ta	9			1	
4346	CastingAction	LineageEffect.wh_mental_shield_ta	9			1	
4349	CastingAction	LineageEffect.wh_magic_barrier_ta	9				
4352	CastingAction	LineageEffect.bl_berserker_spirit_ta	9				
4353	CastingAction	LineageEffect.m_u044_b	3				
4358	CastingAction	LineageEffect.su_guidance_ta	9				
4360	CastingAction	LineageEffect.su_death_whisper_ta	9				
4380	CastingAction	LineageEffect.sa_mass_frenzy_ta	9				
4383	CastingAction	LineageEffect.wh_recharge_ta	9		10	1	
4398	CastingAction	LineageEffect.m_u044_b	9				
4406	CastingAction	LineageEffect.sp_agility_ta	9				
4478	CastingAction	LineageEffect.el_aqua_swirl_ca	9				
4478	ShotAction	LineageEffect.ra_ice_fairy_ta	9				
4482	CastingAction	LineageEffect.ra_ice_fairy_ta	9				
4495	CastingAction	LineageEffect.at_fatal_strike_ca	9			1	
4495	ShotAction	LineageEffect.NSpear_sp	9				
4495	ExplosionAction	LineageEffect.p_u004_a	9				
4496	CastingAction	LineageEffect.at_fatal_strike_ca	9			1	
4496	ShotAction	LineageEffect.NSpear_sp	9				
4496	ExplosionAction	LineageEffect.s_u505_c	9			1	
4514	CastingAction	LineageEffect.ph_hate_ta	9				
4515	CastingAction	LineageEffect.bl_curse_poison_ta	9			1	
4522	CastingAction	LineageEffect.su_focus_ta	9				
4528	CastingAction	LineageEffect.sp_wind_walk_ta	9			1	
4530	CastingAction	LineageEffect.wh_heal_ta	9			1	
4531	CastingAction	LineageEffect.wh_recharge_ta	9			1	
4546	CastingAction	LineageEffect.wh_recharge_ta	9				
4548	ShotAction	LineageEffect.wh_recharge_ta	9				
4548	ShotAction	LineageEffect.wh_recharge_ta	9				
4548	ShotAction	LineageEffect.wh_recharge_ta					
4549	CastingAction	LineageEffect.bl_berserker_spirit_ca	9			1	
4549	ShotAction	LineageEffect.bl_poison_cloud_ta	9				
4549	ShotAction	LineageEffect.bl_poison_cloud_ta	9				
4549	ShotAction	LineageEffect.bl_poison_cloud_ta	9				
4562	CastingAction	LineageEffect.el_flame_strike_ca	9			1	
4562	ShotAction	LineageEffect.el_eruption_cs	9			1	
4562	ShotAction	LineageEffect.el_eruption_ta	9				
4568	CastingAction	LineageEffect.el_flame_strike_ca	9			1	
4568	ShotAction	LineageEffect.el_eruption_ta	9				
4568	ShotAction	LineageEffect.el_flame_strike_ra	9				
4568	ShotAction	LineageEffect.el_eruption_cs	9			1	
4573	CastingAction	LineageEffect.at_fatal_strike_ca	9			1	
4573	ShotAction	LineageEffect.at_sonic_blast_fl					
4573	ExplosionAction	LineageEffect.at_sonic_blast_ta	9				
4579	CastingAction	LineageEffect.at_fatal_strike_ca	9			1	
4579	ShotAction	LineageEffect.at_sting_ta	9				
4582	CastingAction	LineageEffect.bl_berserker_spirit_ca	9			0.5	
4582	ShotAction	LineageEffect.bl_curse_poison_ta	9				
4584	CastingAction	LineageEffect.s_u099_rapier_ca_a	9			1	
4584	ShotAction	LineageEffect.at_shield_stun_ta	9				
4606	CastingAction	LineageEffect.bl_berserker_spirit_ca	9			1	
4606	ShotAction	LineageEffect.mu_poison_earthquake_ta	9				
4606	ShotAction	LineageEffect.bl_curse_poison_ta	9				
4607	CastingAction	LineageEffect.el_flame_strike_ca	7	Bone01		1	
4607	CastingAction	LineageEffect.el_flame_strike_pr	7	Bone09			
4607	ShotAction	LineageEffect.el_flame_strike_fl					
4607	ExplosionAction	LineageEffect.el_flame_strike_ta	9				
4610	CastingAction	LineageEffect.su_empower_ca	9			1	
4610	ShotAction	LineageEffect.su_focus_ta	9				
4616	CastingAction	LineageEffect.wh_recharge_ta	9		360	1	
4616	CastingAction	LineageEffect.wh_recharge_ta	9			1	
4621	CastingAction	LineageEffect.s_u019_a	9			1	
4621	ShotAction	LineageEffect.s_u019_b	9				
4621	ShotAction	LineageEffect.s_u019_c					
4628	CastingAction	LineageEffect.etc_strider_breath	7	Bone10			
4628	CastingAction	LineageEffect.wh_recharge_ta	9				
4641	CastingAction	LineageEffect.mp_super_strike_a_ca	9				
4641	CastingAction	LineageEffect.mp_super_strike_a_co	2				
4641	CastingAction	LineageEffect.mp_super_strike_a_cs	2				
4641	CastingAction	LineageEffect.at_shock_blast_ca	9				
4641	ShotAction	LineageEffect.mp_super_strike_a_ta	9				
4641	ShotAction	LineageEffect.at_sonic_blast_ta	9				
4649	CastingAction	LineageEffect.bl_poison_cloud_ta	9				
4649	CastingAction	LineageEffect.bl_curse_poison_ta	9				
4650	CastingAction	LineageEffect.sp_dryad_root_ta	9				
4657	CastingAction	LineageEffect.m_u003_a	9				
4657	ShotAction	LineageEffect.sp_dryad_root_ta	9				
4660	CastingAction	LineageEffect.m_u003_a	9			1	
4660	ShotAction	LineageEffect.m_u018_b	9				
4683	CastingAction	LineageEffect.mb_valakas_breath_low_fl	7	Dummy05	1.9		
4683	CastingAction	LineageEffect.mb_valakas_breath_low_fo	7	Dummy06	2.1		
4683	ShotAction	LineageEffect.mb_valakas_breath_ta	9				
4684	CastingAction	LineageEffect.mb_valakas_breath_high_fl	7	Dummy05	2		
4684	ShotAction	LineageEffect.mb_valakas_breath_ta	9				
4685	CastingAction	LineageEffect.mb_valakas_tail_ca			2.7		
4688	CastingAction	LineageEffect.mb_valakas_lash_ca			3		
4689	ShotAction	LineageEffect.e_u802_fallback	7	Dummy05			
4690	CastingAction	LineageEffect.e_u524_meteor	1				
4690	ShotAction	LineageEffect.e_u524_a					
4697	CastingAction	LineageEffect.ph_hate_ta	8	e_bone			
4706	CastingAction	LineageEffect.bl_berserker_spirit_ca	9			1	
4706	ShotAction	LineageEffect.bl_curse_poison_ta	9				
4706	ShotAction	LineageEffect.ph_hate_ta	8	e_bone			
4707	CastingAction	LineageEffect.wh_heal_ca	9			1	
4707	ShotAction	LineageEffect.wh_heal_ta	9				
4708	CastingAction	LineageEffect.at_shock_blast_ca	9				
4708	ShotAction	LineageEffect.at_stun_attack_ta	9				
4709	CastingAction	LineageEffect.at_fatal_strike_ca	9			1	
4709	ShotAction	LineageEffect.at_fatal_strike_ta	9				
4710	CastingAction	LineageEffect.at_stun_attack_ca	8	soulshot1			
4710	ShotAction	LineageEffect.at_shield_stun_cs	8	soulshot1			
4710	ShotAction	LineageEffect.at_stun_attack_ta	9				
4737	CastingAction	LineageEffect.at_shock_blast_ca	9			1	
4737	ShotAction	LineageEffect.at_fatal_strike_ta	9				
4766	PreshotAction	LineageEffect.s_u003_d	2				
4766	CastingAction	LineageEffect.s_u003_a	3			0.75	
4766	ShotAction	LineageEffect.s_u003_b	9				
4766	ExplosionAction	LineageEffect.p_u004_a	9				
4771	PreshotAction	LineageEffect.s_u003_d	2				
4771	CastingAction	LineageEffect.s_u505_a	3			0.5	
4771	ShotAction	LineageEffect.s_u003_b	9				
4771	ShotAction	LineageEffect.s_u505_b	3				
4771	ExplosionAction	LineageEffect.s_u505_c	9			1	
4776	CastingAction	LineageEffect.s_u215_ca	7	Bip01 R Hand		0.75	
4776	ShotAction	LineageEffect.s_u215_ca_sp	9				
4776	ShotAction	LineageEffect.s_u015_b	9				
5004	CastingAction	LineageEffect.mb_frintessa_portal_a					
5004	ShotAction	LineageEffect.mb_frintessa_portal_b					
5006	CastingAction						
5007	CastingAction	LineageEffect.el_hurricane_ta	9				
5008	CastingAction	LineageEffect.wh_heal_ta	9				
5009	CastingAction	LineageEffect.mp_super_strike_a_ca	9				
5009	CastingAction	LineageEffect.mp_super_strike_a_cs	7	Bip01 R Finger1			
5009	ShotAction	LineageEffect.at_fatal_strike_ta	9				
5010	CastingAction	LineageEffect.mp_super_strike_a_ca	9				
5010	ShotAction	LineageEffect.md_aura_burn_a_ta	9				
5010	ShotAction	LineageEffect.el_flame_strike_ra	9				
5011	CastingAction	LineageEffect.rm_self_blaster_ca	7	Bone15			
5011	ShotAction	LineageEffect.rm_self_blaster_ra	9				
5011	ShotAction	LineageEffect.el_flame_strike_ta	9				
5012	CastingAction	LineageEffect.mb_frintessa_ghost_drain	9		1		
5012	ShotAction	LineageEffect.mb_frintessa_ghost_clamp_to	9				
5013	CastingAction	LineageEffect.mb_frintessa_ghost_drain	9			1	
5014	ShotAction	LineageEffect.mb_frintessa_normal_a_ta	9				
5016	CastingAction	LineageEffect.mb_frintessa_trance_a_ta	9		0.5		
5016	ShotAction	LineageEffect.mb_frintessa_trance_a_ra	9				
5016	ShotAction	LineageEffect.mb_frintessa_trance_a_to	9				
5019	ShotAction	LineageEffect.mb_frintessa_drain_ta	9				
5023	CastingAction	LineageEffect.ph_howl_ta	9			1	
5044	CastingAction	LineageEffect.mo_war_cry_ca	9			0.7	
5044	CastingAction	LineageEffect.mo_war_cry_ta	9			0.7	
5044	ShotAction	LineageEffect.mo_ultimate_defence_ta	9			1	
5081	CastingAction	LineageEffect.s_u804_c_ca	9			1	
5081	ShotAction	LineageEffect.p_u004_a	9				
5082	CastingAction	LineageEffect.s_u804_c_ca				1	
5082	ShotAction	LineageEffect.s_u804_a_ta	9				
5083	CastingAction	LineageEffect.s_u804_c_ca	9			1	
5083	ShotAction	LineageEffect.at_shield_stun_ta	9				
5086	CastingAction	LineageEffect.bl_berserker_spirit_ca	9			1	
5086	ShotAction	LineageEffect.bl_curse_poison_ta	9				
5089	CastingAction	LineageEffect.wh_recharge_ta	9				
5090	CastingAction	LineageEffect.e_u831_b	9				
5090	CastingAction	LineageEffect.e_u831_b	9		0.3		
5090	CastingAction	LineageEffect.e_u831_b	9		0.6		
5090	CastingAction	LineageEffect.e_u831_b	9		0.1		
5090	CastingAction	LineageEffect.e_u831_b	9		0.2		
5090	CastingAction	LineageEffect.e_u831_b	9		0.4		
5091	CastingAction	LineageEffect.e_u832_new_ca	9				
5091	CastingAction	LineageEffect.e_u832_new_ca	9				
5091	CastingAction	LineageEffect.e_u832_new_ca	9				
5093	CastingAction	LineageEffect.e_u828_ca	9				
5093	ShotAction	LineageEffect.e_u828_ta	9				
5093	ShotAction	LineageEffect.e_u828_conestone_ta	9		0.4		
5093	ShotAction	LineageEffect.e_u828_conestone_ta	9		0.2		
5094	CastingAction	LineageEffect.at_shock_blast_ca	9			1	
5094	ShotAction	LineageEffect.e_u528_ta_bigsize_b	9				
5094	ShotAction	LineageEffect.el_flame_strike_ta					
5095	CastingAction	LineageEffect.e_u829_ca_a	7	Bip01 Ponytail2Nub			
5095	ShotAction	LineageEffect.at_fatal_strike_ta	9				
5096	CastingAction	LineageEffect.s_u804_c_ca	9			1	
5096	ShotAction	LineageEffect.e_u829_ta					
5097	CastingAction	LineageEffect.at_shock_blast_ca	9				
5097	CastingAction	LineageEffect.rm_self_blaster_ra	9				
5097	CastingAction	LineageEffect.el_flame_strike_ta	9				
5097	ShotAction	LineageEffect.el_flame_strike_ta	9				
5103	CastingAction	LineageEffect.e_u544_levelup_ca	9			1	
5109	CastingAction	LineageEffect.it_scroll_of_escape_ta	9				
5110	ShotAction	LineageEffect.e_u541_cannon_shot	7	Dummy11			
5110	ShotAction	LineageEffect.e_u541_cannon_fl		Dummy11			
5110	ExplosionAction	LineageEffect.e_u541_big_ta	1				
5117	CastingAction	LineageEffect.e_u832_new_ca	9				
5117	ShotAction	LineageEffect.at_shield_stun_ta	9				
5118	CastingAction	LineageEffect.e_u831_b	9				
5118	CastingAction	LineageEffect.e_u831_b	9		0.2		
5118	CastingAction	LineageEffect.e_u831_b	9		0.3		
5118	CastingAction	LineageEffect.e_u831_b	9		0.6		
5118	CastingAction	LineageEffect.e_u831_b	9		0.1		
5118	CastingAction	LineageEffect.e_u831_b	9		0.4		
5118	CastingAction	LineageEffect.e_u831_b	9		0.2		
5118	CastingAction	LineageEffect.e_u831_b	9		0.7		
5118	CastingAction	LineageEffect.e_u831_b	9		0.3		
5118	CastingAction	LineageEffect.e_u831_b	9		0.4		
5118	CastingAction	LineageEffect.e_u831_b	9		0.2		
5118	CastingAction	LineageEffect.e_u831_b	9		0.6		
5118	CastingAction	LineageEffect.e_u832_new_ca	9				
5118	ShotAction	LineageEffect.bl_curse_poison_ta	9				
5122	CastingAction	LineageEffect.e_u832_new_ca	9				
5122	ShotAction	LineageEffect.e_u832	9				
5122	ShotAction	LineageEffect.e_u832_ca	9				
5123	UnionTargetAction	LineageEffect.su_concentration_ta	9				
5124	UnionTargetAction	LineageEffect.su_acumen_ta	9				
5125	UnionTargetAction	LineageEffect.wh_mental_shield_ta	9				
5126	UnionTargetAction	LineageEffect.wh_bless_the_body_ta	9				
5128	UnionTargetAction	LineageEffect.su_guidance_ta	9				
5129	UnionTargetAction	LineageEffect.sp_agility_ta	9				
5130	CastingAction	LineageEffect.el_flame_strike_ta	9				
5131	CastingAction	LineageEffect.s_u804_a_ta	9				
5134	UnionTargetAction	LineageEffect.it_scroll_of_escape_ta	9				
5142	CastingAction	LineageEffect.bl_berserker_spirit_ca	9			1	
5142	ShotAction	LineageEffect.rm_self_blaster_ra	9				
5142	ShotAction	LineageEffect.el_flame_strike_ta	9				
5143	CastingAction	LineageEffect.e_u832_new_ca	9				
5143	ShotAction	LineageEffect.s_u804_a_ta	9				
5145	UnionTargetAction	LineageEffect.el_flame_strike_ta	9				
5204	CastingAction	LineageEffect.ch_gourd_death_long	9			1	
5219	CastingAction	LineageEffect.at_shock_blast_ca	9			1	
5219	ShotAction	LineageEffect.at_shield_stun_ta	9				
5224	CastingAction	LineageEffect.e_u098_buff_ca	9				
5224	ShotAction	LineageEffect.e_u098_buff_ta_b	9				
5224	ShotAction	LineageEffect.e_u098_left	3				
5224	ShotAction	LineageEffect.e_u098_right	2				
5225	CastingAction	LineageEffect.e_u098_buff_ca	9				
5225	ShotAction	LineageEffect.e_u098_buff_ta_a	9				
5226	CastingAction	LineageEffect.e_u100_teleport_ca	9				
5226	ShotAction	LineageEffect.e_u100_teleport_ta	9				
5227	CastingAction	LineageEffect.e_u099_jump_ca	9				
5227	ShotAction	LineageEffect.e_u099_hand_ta					
5227	ShotAction	LineageEffect.s_u015_barler_pc_ta					
5228	CastingAction	LineageEffect.e_u098_right_a	2				
5228	CastingAction	LineageEffect.e_u098_left_a	3				
5228	CastingAction	LineageEffect.e_u099_jump_ca	9				
5228	CastingAction	LineageEffect.e_u098_right_a	2				
5228	CastingAction	LineageEffect.e_u098_left_a	3				
5228	ShotAction	LineageEffect.e_u099_jump_ta					
5228	ShotAction	LineageEffect.s_u015_barler_pc_ta	9				
5228	ShotAction	LineageEffect.e_u099_jump_ta					
5228	ShotAction	LineageEffect.e_u100_punch_ta	9				
5229	CastingAction	LineageEffect.e_u099_range_right	2				
5229	CastingAction	LineageEffect.e_u099_range_left	3				
5229	CastingAction	LineageEffect.e_u099_range_body	9				
5229	CastingAction	LineageEffect.e_u099_range_ca	9				
5229	ShotAction	LineageEffect.s_u015_barler_pc_ta	9				
5230	CastingAction	LineageEffect.e_u837_tong_ca	9				
5230	CastingAction	LineageEffect.e_u837_tong_ca	9				
5230	CastingAction	LineageEffect.e_u837_tong_ca	9				
5233	CastingAction	LineageEffect.e_u837_tong_ca	9				
5233	ShotAction	LineageEffect.e_u837_tong_ta_a	9				
5235	CastingAction	LineageEffect.e_u837_tong_ca	9				
5235	ShotAction	LineageEffect.e_u837_tong_ta_b	9				
5249	CastingAction	LineageEffect.m_u806_third_black_ca	9			1	
5249	CastingAction	LineageEffect.s_u820_magic_cs	9				
5249	ShotAction	LineageEffect.s_u820_magic_fl				3	
5249	ExplosionAction	LineageEffect.s_u820_range_ta_b	9				
5256	CastingAction	LineageEffect.ph_hate_ta	9			2	
5256	ShotAction	LineageEffect.ph_hate_ta	9			1	
5261	CastingAction	LineageEffect.bl_berserker_spirit_ca	9				
5261	ShotAction	LineageEffect.s_u826_zombie	9				
5267	CastingAction	LineageEffect.s_u813_trap_ta_test	9				
5268	CastingAction	LineageEffect.bl_poison_cloud_ta	9				
5268	CastingAction	LineageEffect.bl_curse_poison_ta	9				
5269	CastingAction	LineageEffect.s_u813_trap_ta_test	9				
5269	ShotAction	LineageEffect.m_u009_c	9				
5270	CastingAction	LineageEffect.s_u813_trap_ta_test	9				
5270	ShotAction	LineageEffect.at_shield_stun_ta	9				
5281	CastingAction	LineageEffect.mo_iron_will_ca	9			1	
5281	ShotAction	LineageEffect.at_sonic_blast_ta	9				
5283	CastingAction	LineageEffect.mo_iron_will_ca	9			1	
5283	ShotAction	LineageEffect.at_fatal_strike_ta	9				
5283	ShotAction	LineageEffect.at_fatal_strike_ta	9		0.1		
5285	CastingAction	LineageEffect.el_wind_strike_ca	9			1	
5285	ShotAction	LineageEffect.el_wind_strike_ta	9				
5286	PreshotAction	LineageEffect.s_u003_d	2				
5286	CastingAction	LineageEffect.s_u003_a	3				
5286	ShotAction	LineageEffect.s_u003_b	9				
5286	ExplosionAction	LineageEffect.el_wind_strike_ta	9			1	
5287	CastingAction	LineageEffect.el_wind_strike_ca	9			1	
5287	ShotAction	LineageEffect.at_fatal_strike_ta	9				
5287	ShotAction	LineageEffect.el_wind_strike_ta	9		0.1		
5289	CastingAction	LineageEffect.e_u835_sand_twist_b	9				
5289	ShotAction	LineageEffect.p_u005_a	9				
5291	CastingAction	LineageEffect.e_u835_sand_twist_a	9			1	
5291	ShotAction	LineageEffect.at_fatal_strike_ta	9				
5291	ShotAction	LineageEffect.at_fatal_strike_ta	9		0.1		
5293	CastingAction	LineageEffect.mo_majesty_ca	9			1	
5293	ShotAction	LineageEffect.at_sonic_blast_ta	9				
5295	CastingAction	LineageEffect.mo_majesty_ca	9			1	
5295	ShotAction	LineageEffect.at_fatal_strike_ta	9				
5295	ShotAction	LineageEffect.at_fatal_strike_ta	9		0.1		
5309	CastingAction	LineageEffect.at_fatal_strike_ca	9			0.5	
5309	ShotAction	LineageEffect.at_sting_ta	9				
5328	CastingAction	LineageEffect.s_u820_magic_long_ca	9			0.4	
5328	ShotAction	LineageEffect.s_u820_magic_fl				1	
5328	ExplosionAction	LineageEffect.s_u820_magic_ta	9				
5331	CastingAction	LineageEffect.e_u825_bereth_magic_cs	9				
5331	ShotAction	LineageEffect.e_u812_magic_smoke	9			1	
5331	ShotAction	LineageEffect.e_u812_magic_smoke	9			1	
5331	ShotAction	LineageEffect.e_u812_magic_smoke	9		0.5	1	
5331	ShotAction	LineageEffect.e_u812_magic_smoke	9		0.5	1	
5331	ShotAction	LineageEffect.e_u812_magic_smoke	9		1	1	
5331	ShotAction	LineageEffect.e_u812_magic_smoke	9		1	1	
5331	ShotAction	LineageEffect.e_u812_magic_smoke	9		1.5	1	
5331	ShotAction	LineageEffect.e_u812_magic_smoke	9		1.5	1	
5335	PreshotAction	LineageEffect.s_u003_d	2				
5335	CastingAction	LineageEffect.s_u010_a	9			0.7	
5335	CastingAction	LineageEffect.s_u002_a	3				
5335	CastingAction	LineageEffect.s_u831_electric	3				
5335	ShotAction	LineageEffect.s_u003_b	9				
5335	ExplosionAction	LineageEffect.p_u004_a	9				
5383	CastingAction	LineageEffect.s_u804_c_ca	9			1	
5383	ShotAction	LineageEffect.ct_npcev_c	9			0.5	
5396	CastingAction	LineageEffect.s_u806_ca	9			1	
5396	CastingAction	LineageEffect.s_u806_channeling_mesh	9			1	
5396	ShotAction	LineageEffect.s_u806_ta	9				
5403	CastingAction	LineageEffect.s_u831_bloodsuck_ta	7	Bone137	0.5	0.8	
5403	CastingAction	LineageEffect.s_u831_bloodsuck_ta	7	Bone137	1.3	0.8	
5403	CastingAction	LineageEffect.s_u831_bloodsuck_ta	7	Bone137	2.1	0.8	
5403	CastingAction	LineageEffect.s_u831_bloodsuck_ta	7	Bone137	2.9	0.8	
5403	CastingAction	LineageEffect.s_u831_bloodsuck_ta	7	Bone137	3.7	0.8	
5403	ShotAction	LineageEffect.s_u831_bloodsuck_ta	7	Bone137		0.8	
5403	ShotAction	LineageEffect.s_u831_bloodsuck_ta	7	Bone137		0.8	
5404	CastingAction	LineageEffect.s_u831_bloodsuck_ta	7	Bone137	0.5	0.8	
5404	CastingAction	LineageEffect.s_u831_bloodsuck_ta	7	Bone137	1.3	0.8	
5404	CastingAction	LineageEffect.s_u831_bloodsuck_ta	7	Bone137	2.1	0.8	
5404	CastingAction	LineageEffect.s_u831_bloodsuck_ta	7	Bone137	2.9	0.8	
5404	CastingAction	LineageEffect.s_u831_bloodsuck_ta	7	Bone137	3.3	0.8	
5404	ShotAction	LineageEffect.s_u823_spec_ta	9			0.4	
5407	CastingAction	LineageEffect.s_u823_spec_ta	9			0.3	
5408	CastingAction	LineageEffect.wh_sec_heal_ca	9			1	
5408	ShotAction	LineageEffect.wh_regeneration_ta	9			1.5	
5409	CastingAction	LineageEffect.m_u809_spec_ca	9			0.5	
5409	ShotAction	LineageEffect.s_u825_deathbeam	9			0.4	
5409	ShotAction	LineageEffect.s_u804_a_ta	9		0.5	0.5	
5412	CastingAction	LineageEffect.e_u099_jump_ca	9				
5412	ShotAction	LineageEffect.e_u099_jump_ta					
5422	CastingAction	LineageEffect.ct_npcev_c				0.5	
5423	CastingAction	LineageEffect.e_u834_cloud300_trap					
5423	CastingAction	LineageEffect.e_u834_cloud300_trap					
5423	CastingAction	LineageEffect.e_u834_cloud300_trap					
5423	CastingAction	LineageEffect.e_u834_cloud300_trap					
5423	CastingAction	LineageEffect.e_u834_cloud300_trap					
5423	CastingAction	LineageEffect.bl_poison_cloud_ta	9				
5424	CastingAction	LineageEffect.e_u829_horn_trap					
5424	CastingAction	LineageEffect.e_u829_horn_trap					
5424	CastingAction	LineageEffect.e_u829_horn_trap					
5424	CastingAction	LineageEffect.e_u829_horn_trap					
5424	CastingAction	LineageEffect.e_u829_horn_trap					
5440	CastingAction	LineageEffect.s_u805_ca_third	9			1	
5440	CastingAction	LineageEffect.e_u081_core_a	9				
5440	ShotAction	LineageEffect.s_u805_big_ta	9				
5441	CastingAction	LineageEffect.s_u099_rapier_ca_a	9			1	
5441	CastingAction	LineageEffect.e_u100_crystal_spawn	9				
5461	ShotAction	LineageEffect.e_u033_a	7	gun_fire			
5461	ShotAction	LineageEffect.e_u033_b					
5461	ExplosionAction	LineageEffect.e_u033_c	9				
5468	ShotAction	LineageEffect.mb_valakas_breath_ta	9				
5495	CastingAction	LineageEffect.e_u844_berethsword_ca	9				
5495	CastingAction	LineageEffect.e_u844_berethsword_ta	9				
5495	ShotAction	LineageEffect.s_u820_magic_ta	9				
5496	CastingAction	LineageEffect.e_u846_berethfire_ca_a	9				
5496	CastingAction	LineageEffect.e_u846_berethfire_cs_a	9				
5496	ShotAction	LineageEffect.e_u846_berethfire_fl					
5496	ExplosionAction	LineageEffect.e_u846_berethfire_ta	9				
5496	ExplosionAction	LineageEffect.e_u846_berethfire_range_ta	9				
5497	CastingAction	LineageEffect.e_u843_darkhorn_ca	9				
5497	ShotAction	LineageEffect.e_u843_darkhorn_ta	9				
5498	CastingAction	LineageEffect.e_u845_berethbomb_ta	9				
5498	ShotAction	LineageEffect.e_u846_berethfire_ta	9				
5500	CastingAction	LineageEffect.e_u849_sword_ca	2				
5500	ShotAction	LineageEffect.e_u849_sword_cs					
5500	ShotAction	LineageEffect.at_sting_cs	9			2	
5501	ShotAction	LineageEffect.e_u849_slam_cs	9				
5501	ShotAction	LineageEffect.at_shield_slam_ta	9				
5502	CastingAction	LineageEffect.e_u849_shout_ca_a					
5502	ShotAction	LineageEffect.at_shield_stun_ta	9				
5502	ShotAction	LineageEffect.e_u849_shout_cs					
5503	ShotAction	LineageEffect.e_u849_defense_ta					
5503	ShotAction	LineageEffect.e_u849_defense_cs					
5503	ShotAction	LineageEffect.mo_ultimate_defence_ta	9				
5505	ShotAction	LineageEffect.el_flame_strike_ta	9			1	
5506	ShotAction	LineageEffect.el_hydro_blast_ta	9			1	
5507	ShotAction	LineageEffect.el_wind_strike_ta	9			1	
5508	ShotAction	LineageEffect.sp_decay_ta	9			1	
5509	CastingAction	LineageEffect.e_u852_naia_ca	9				
5509	ShotAction	LineageEffect.e_u852_naia_ta	9				
5509	ShotAction	LineageEffect.el_flame_strike_ta	9			1	
5510	CastingAction	LineageEffect.e_u852_naia_ca	9				
5510	ShotAction	LineageEffect.e_u852_naia_ta	9				
5510	ShotAction	LineageEffect.el_hydro_blast_ta	9			1	
5511	CastingAction	LineageEffect.e_u852_naia_ca	9				
5511	ShotAction	LineageEffect.e_u852_naia_ta	9				
5511	ShotAction	LineageEffect.el_wind_strike_ta	9			1	
5512	CastingAction	LineageEffect.e_u852_naia_ca	9				
5512	ShotAction	LineageEffect.e_u852_naia_ta	9				
5512	ShotAction	LineageEffect.sp_decay_ta	9			1	
5513	CastingAction	LineageEffect.e_u849_sword_ca	9			0.3	
5513	ShotAction	LineageEffect.e_u852_naia_ta	9				
5513	ShotAction	LineageEffect.el_flame_strike_ta	9				
5514	CastingAction	LineageEffect.e_u849_sword_ca	9			1.5	
5514	ShotAction	LineageEffect.e_u852_naia_ta	9				
5514	ShotAction	LineageEffect.el_hydro_blast_ta	9			1	
5515	CastingAction	LineageEffect.e_u849_sword_ca	9			1.5	
5515	ShotAction	LineageEffect.e_u852_naia_ta	9				
5515	ShotAction	LineageEffect.el_wind_strike_ta	9			1	
5516	CastingAction	LineageEffect.e_u849_sword_ca	9			1.5	
5516	ShotAction	LineageEffect.e_u852_naia_ta	9				
5516	ShotAction	LineageEffect.sp_decay_ta	9			1	
5517	CastingAction	LineageEffect.e_u853_naia_ca	9				
5528	CastingAction	LineageEffect.e_u528_ta_bigsize_b	9				
5528	CastingAction	LineageEffect.el_flame_strike_ta					
5530	CastingAction	LineageEffect.s_u820_magic_ca	9			1	
5530	ShotAction	LineageEffect.s_u820_range_ta_b	9				
5532	CastingAction	LineageEffect.e_u535_bereth_summon_ca	9			0.3	
5532	ShotAction	LineageEffect.e_u535_bereth_summon_ta	9			0.4	
5532	ShotAction	LineageEffect.e_u535_bereth_summon_ca	9			0.3	
5533	CastingAction	LineageEffect.e_u818_bereth_selfbomb	9			0.4	
5541	CastingAction	LineageEffect.wh_heal_ca	9				
5541	CastingAction	LineageEffect.wh_heal_ca	10	bip01			
5541	ShotAction	LineageEffect.wh_resurrection_ta	9				
5541	ShotAction	LineageEffect.wh_resurrection_ta	9				
5565	CastingAction	LineageEffect.m_u018_b	9			1	
5567	CastingAction	LineageEffect.el_flame_strike_ta	9			1	
5568	CastingAction	LineageEffect.el_ice_bolt_ta	9			1	
5569	CastingAction	LineageEffect.el_hurricane_ta	9			1	
5573	CastingAction	LineageEffect.mo_war_cry_ta	9			1	
5577	CastingAction	LineageEffect.wh_heal_ta	9			1	
5577	CastingAction	LineageEffect.wh_heal_ta	9			1	
5577	CastingAction	LineageEffect.wh_heal_ta	9		5	1	
5577	CastingAction	LineageEffect.wh_heal_ta	9		10	1	
5577	CastingAction	LineageEffect.wh_heal_ta	9		15	1	
5577	CastingAction	LineageEffect.wh_heal_ta	9		20	1	
5577	CastingAction	LineageEffect.wh_heal_ta	9		25	1	
5577	CastingAction	LineageEffect.wh_heal_ta	9		30	1	
5577	CastingAction	LineageEffect.wh_heal_ta	9		35	1	
5577	CastingAction	LineageEffect.wh_heal_ta	9		40	1	
5577	CastingAction	LineageEffect.wh_heal_ta	9		45	1	
5577	CastingAction	LineageEffect.wh_heal_ta	9		50	1	
5577	CastingAction	LineageEffect.wh_heal_ta	9		55	1	
5577	CastingAction	LineageEffect.wh_heal_ta	9		60	1	
5577	CastingAction	LineageEffect.wh_heal_ta	9		65	1	
5577	CastingAction	LineageEffect.wh_heal_ta	9		70	1	
5577	CastingAction	LineageEffect.wh_heal_ta	9		75	1	
5577	CastingAction	LineageEffect.wh_heal_ta	9		80	1	
5577	CastingAction	LineageEffect.wh_heal_ta	9		85	1	
5577	CastingAction	LineageEffect.wh_heal_ta	9		90	1	
5577	CastingAction	LineageEffect.wh_heal_ta	9		95	1	
5577	CastingAction	LineageEffect.wh_heal_ta	9		100	1	
5577	CastingAction	LineageEffect.wh_heal_ta	9		105	1	
5577	CastingAction	LineageEffect.wh_heal_ta	9		110	1	
5577	CastingAction	LineageEffect.wh_heal_ta	9		115	1	
5577	CastingAction	LineageEffect.wh_heal_ta	9		120	1	
5577	ShotAction	LineageEffect.wh_heal_ta	9			1	
5619	CastingAction	LineageEffect.ch_gourd_death_long	9			1	
5619	CastingAction	LineageEffect.at_fatal_strike_ca	9			1.2	
5619	CastingAction	LineageEffect.mo_battle_roar_ca	9			1.2	
5623	CastingAction	LineageEffect.e_u308_ca	9				
5623	ShotAction	LineageEffect.e_u308_ta	9				
5623	ShotAction	LineageEffect.e_u307_ta_c	9			2	
5623	ShotAction	LineageEffect.e_u307_ta_c	9		10	2	
5624	CastingAction	LineageEffect.e_u307_ca_b	9				
5624	ShotAction	LineageEffect.e_u307_ta_b	9				
5625	CastingAction	LineageEffect.e_u307_ca_a	9			0.4	
5625	ShotAction	LineageEffect.e_u307_ta_a	9				
5656	CastingAction	LineageEffect.e_u309_ca_a	9			1	
5656	ShotAction	LineageEffect.e_u309_ta	9				
5657	CastingAction	LineageEffect.e_u309_ca_b	9				
5657	ShotAction	LineageEffect.e_u309_fl					
5657	ExplosionAction	LineageEffect.e_u309_ta	9				
5658	CastingAction	LineageEffect.e_u309_ca_b	9			1	
5658	ShotAction	LineageEffect.e_u309_fl					
5658	ExplosionAction	LineageEffect.e_u309_ta	9				
5658	ExplosionAction	LineageEffect.e_u309_ra	9				
5662	CastingAction	LineageEffect.s_u608_abdead	9				
5665	CastingAction	LineageEffect.at_shield_stun_ta	9				
5668	CastingAction	LineageEffect.bl_curse_poison_ta	9				
5673	ShotAction	LineageEffect.at_shield_stun_ta	9				
5674	CastingAction	LineageEffect.su_death_whisper_ta	9				
5675	CastingAction	LineageEffect.su_haste_ta	9				
5676	CastingAction	LineageEffect.s_u204_mana	9				
5679	CastingAction	LineageEffect.e_u308_trap_ca	9				
5679	ShotAction	LineageEffect.e_u308_trap	9				
5681	CastingAction	LineageEffect.wh_cure_poison_ta	9				
5682	CastingAction	LineageEffect.su_detection_ta	9				
5683	CastingAction	LineageEffect.m_u018_b	9				
5685	CastingAction	LineageEffect.su_acumen_ta	9				
5686	CastingAction	LineageEffect.mo_rapid_shot_ca	9				
5689	CastingAction	LineageEffect.mo_reflect_damage_ta	9				
5690	CastingAction	LineageEffect.mo_war_cry_ta	9			1	
5702	CastingAction	LineageEffect.e_u311_area	9				
5702	ShotAction	LineageEffect.e_u311_ra	9				
5702	ShotAction	LineageEffect.e_u311_ra	9		0.5		
5703	CastingAction	LineageEffect.s_u010_a	9				
5703	ShotAction	LineageEffect.s_u834_ta	9				
5705	CastingAction	LineageEffect.e_u833_fire_trap	9			1.3	
5705	CastingAction	LineageEffect.e_u833_fire_trap	9		0.6		
5705	CastingAction	LineageEffect.s_u524_ta	9				
5708	CastingAction	LineageEffect.e_u314_ca	9			1	
5708	CastingAction	LineageEffect.e_u314_pr	9				
5708	ShotAction	LineageEffect.e_u314_fl					
5708	ExplosionAction	LineageEffect.bl_curse_poison_ta	9				
5708	ExplosionAction	LineageEffect.e_u314_ra	9			1.8	
5709	CastingAction	LineageEffect.el_aqua_swirl_ca	9			1.2	
5709	ShotAction	LineageEffect.el_aqua_swirl_fl				0.5	
5709	ExplosionAction	LineageEffect.el_aqua_swirl_ta	9				
5710	CastingAction	LineageEffect.e_u849_darion_slam_ta	9			0.3	
5710	CastingAction	LineageEffect.at_fatal_strike_ca	9			0.6	
5710	CastingAction	LineageEffect.s_u010_b	2				
5710	ShotAction	LineageEffect.mo_war_cry_ta	9			1	
5710	ShotAction	LineageEffect.s_u015_b	9				
5711	CastingAction	LineageEffect.e_u098_ca	9			0.3	
5711	ShotAction	LineageEffect.e_u098_ta	9			0.3	
5712	CastingAction	LineageEffect.s_u806_ca	9			1	
5712	ChannelingAction	LineageEffect.s_u806_channeling_mesh	9				
5712	ChannelingAction	LineageEffect.s_u806_ta	9			0.5	
5712	ChannelingAction	LineageEffect.s_u806_channeling_beam	9				
5714	CastingAction	LineageEffect.e_u060_b	9			0.5	
5714	CastingAction	LineageEffect.s_u807_ta	9			0.2	
5714	CastingAction	LineageEffect.s_u524_ta	9				
5715	CastingAction	LineageEffect.e_u315_ra	9		1.1	0.18	
5715	ShotAction	LineageEffect.e_u827_ta	9			1.3	
5716	ShotAction	LineageEffect.at_shield_stun_ta	9				
5716	ShotAction	LineageEffect.e_u827_ta	9			1.3	
5717	ShotAction	LineageEffect.e_u105_fl				0.2	
5717	ExplosionAction	LineageEffect.e_u106_ta	9				
5718	CastingAction	LineageEffect.mo_war_cry_ca	9			0.4	
5720	CastingAction	LineageEffect.s_u821_ca	9			0.8	
5720	CastingAction	LineageEffect.e_u309_dc_b	9			0.8	
5720	ShotAction	LineageEffect.e_u821_dc	9			1	
5720	ShotAction	LineageEffect.e_u309_dc	9			1	
5720	ShotAction	LineageEffect.s_u814_ta_d	9			2	
5721	CastingAction	LineageEffect.at_fatal_strike_ca	9			0.6	
5721	CastingAction	LineageEffect.e_u309_dc_b	9			0.8	
5721	ShotAction	LineageEffect.s_u810_trail	9			1	
5721	ShotAction	LineageEffect.s_u820_range_ta_b	9			1	
5721	ShotAction	LineageEffect.s_u814_ta_d	9			2	
5722	CastingAction	LineageEffect.at_fatal_strike_ca	9			0.6	
5722	ShotAction	LineageEffect.s_u814_ta_d	9			2	
5722	ShotAction	LineageEffect.s_u015_b	9				
5723	CastingAction	LineageEffect.mo_war_cry_ta	9		0.9	1	
5723	CastingAction	LineageEffect.mo_war_cry_ta	9		1.1	1	
5723	CastingAction	LineageEffect.mo_war_cry_ta	9		1.3	1	
5723	CastingAction	LineageEffect.mo_war_cry_ta	9		1.5	1.2	
5723	CastingAction	LineageEffect.mo_war_cry_ta	9		1.7	1.4	
5723	CastingAction	LineageEffect.e_u309_dc_b	9			0.7	
5723	ShotAction	LineageEffect.s_u015_b	9				
5725	CastingAction	LineageEffect.s_u820_crate_ca_a	9			0.8	
5725	CastingAction	LineageEffect.e_u309_dc_b	9			0.8	
5725	ShotAction	LineageEffect.s_u001_b	9			0.7	
5725	ShotAction	LineageEffect.e_u309_dc	9			1	
5725	ShotAction	LineageEffect.s_u814_ta_d	9			2	
5726	CastingAction	LineageEffect.mo_war_cry_ta	9		0.8	0.6	
5726	CastingAction	LineageEffect.mo_war_cry_ta	9		1.25	0.8	
5726	CastingAction	LineageEffect.e_u309_dc_b	9			0.7	
5726	ShotAction	LineageEffect.s_u015_b	9				
5727	CastingAction	LineageEffect.at_fatal_strike_ca	9			0.6	
5727	CastingAction	LineageEffect.s_u820_crate_ca_a	9			0.8	
5727	ShotAction	LineageEffect.s_u810_trail	9			1	
5727	ShotAction	LineageEffect.s_u814_ta_d	9			2	
5730	CastingAction	LineageEffect.el_flame_strike_ca	9			1	
5730	CastingAction	LineageEffect.el_flame_strike_pr	9			0.7	
5730	ShotAction	LineageEffect.el_flame_strike_fl				0.5	
5730	ExplosionAction	LineageEffect.s_u524_ta	9				
5732	CastingAction	LineageEffect.m_u809_spec_ca	9			0.5	
5732	CastingAction	LineageEffect.el_flame_strike_pr	9			0.6	
5732	ShotAction	LineageEffect.el_flame_strike_fl				0.6	
5732	ExplosionAction	LineageEffect.el_flame_strike_ta	9				
5732	ExplosionAction	LineageEffect.el_flame_strike_ra	9				
5734	CastingAction	LineageEffect.el_wind_strike_ca	9			1	
5734	CastingAction	LineageEffect.el_wind_strike_pr	9			0.7	
5734	CastingAction	LineageEffect.el_wind_strike_pr	9		0.3	0.7	
5734	CastingAction	LineageEffect.el_wind_strike_pr	9		0.6	0.7	
5734	CastingAction	LineageEffect.el_wind_strike_pr	9		0.9	0.7	
5734	ShotAction	LineageEffect.el_wind_strike_fl				0.6	
5734	ShotAction	LineageEffect.el_wind_strike_fl				0.6	
5734	ShotAction	LineageEffect.el_wind_strike_fl				0.6	
5734	ShotAction	LineageEffect.el_wind_strike_fl				0.6	
5734	ExplosionAction	LineageEffect.el_wind_strike_ta	9				
5738	CastingAction	LineageEffect.e_u310_ca	9			0.5	
5738	ShotAction	LineageEffect.e_u310_ta	9			1	
5738	ShotAction	LineageEffect.e_u315_dc	9			0.6	
5738	ShotAction	LineageEffect.s_u015_b	9				
5740	CastingAction	LineageEffect.wh_heal_ca	9			1	
5740	ShotAction	LineageEffect.wh_greater_heal_ta	9			1	
5741	CastingAction	LineageEffect.wh_heal_ca	9			1	
5741	ShotAction	LineageEffect.m_u052_recharge_ta	9			1	
5744	ShotAction	LineageEffect.wh_holy_weapon_ta	9			1	
5744	ShotAction	LineageEffect.wh_holy_weapon_ta	9		1.2	1	
5744	ShotAction	LineageEffect.wh_holy_weapon_ta	9		2.4	1	
5744	ShotAction	LineageEffect.wh_holy_weapon_ta	9		3.6	1	
5746	CastingAction	LineageEffect.at_fatal_strike_ca	9			1	
5746	CastingAction	LineageEffect.at_fatal_strike_ta	9		0.5		
5746	ShotAction	LineageEffect.s_u015_b	9		0.05		
5749	CastingAction	LineageEffect.s_u023_lightening_ca	9			1.5	
5749	ShotAction	LineageEffect.el_aqua_swirl_fl				1.5	
5749	ExplosionAction	LineageEffect.at_shield_stun_ta	9			1.5	
5751	CastingAction	LineageEffect.at_shield_stun_ca	9			1.8	
5751	ShotAction	LineageEffect.e_u315_el_ta	9			0.6	
5751	ShotAction	LineageEffect.e_u063_a	9			0.6	
5751	ShotAction	LineageEffect.at_shield_stun_ta	9				
5752	CastingAction	LineageEffect.s_u023_lightening_ca	9			1	
5752	ShotAction	LineageEffect.el_aqua_swirl_fl				1	
5752	ExplosionAction	LineageEffect.at_shield_stun_ta	9			1.5	
5754	CastingAction	LineageEffect.e_u311_ca	9				
5754	CastingAction	LineageEffect.e_u311_area	9				
5754	ShotAction	LineageEffect.e_u311_area	9				
5755	CastingAction	LineageEffect.el_flame_strike_ca	9			1	
5756	CastingAction	LineageEffect.su_summon_a_ca	9				
5761	CastingAction	LineageEffect.at_fatal_strike_ca	9			0.4	
5761	CastingAction	LineageEffect.s_u010_b	2				
5761	CastingAction	LineageEffect.s_u010_b	3				
5761	CastingAction	LineageEffect.ph_howl_ca	9				
5761	CastingAction	LineageEffect.ph_howl_ca	9				
5761	CastingAction	LineageEffect.ph_howl_ca	9				
5761	ShotAction	LineageEffect.s_u804_a_ta	9				
5761	ShotAction	LineageEffect.s_u804_a_ta	9			0.5	
5761	ShotAction	LineageEffect.s_u804_a_ta	9				
5761	ShotAction	LineageEffect.at_shield_stun_ta	9				
5761	ShotAction	LineageEffect.s_u820_magic_fl				1.5	
5761	ExplosionAction	LineageEffect.s_u804_a_ta	9			0.5	
5762	CastingAction	LineageEffect.wh_bless_the_body_ta	9				
5763	CastingAction	LineageEffect.e_u300_aga_love	9		1.4		
5764	CastingAction	LineageEffect.bl_berserker_spirit_ca	9			1	
5764	ShotAction	LineageEffect.m_u018_b	9				
5767	CastingAction	LineageEffect.el_hurricane_pr	9			1.3	
5767	ShotAction	LineageEffect.el_hurricane_ta	9			1.7	
5767	ShotAction	LineageEffect.el_wind_strike_ta	9				
5780	CastingAction	LineageEffect.e_u403_ca	7	Bip01 Spine		1	
5780	ShotAction	LineageEffect.e_u403_drain					
5781	CastingAction	LineageEffect.e_u625_lindvior_trail	7	Stand_mast		1	
5781	CastingAction	LineageEffect.e_u624_wind_middle	7	Bip01 Spine	4		
5781	CastingAction	LineageEffect.e_u624_wind_middle	7	Bip01 Spine	7		
5781	CastingAction	LineageEffect.e_u624_wind_short	7	Bip01 Spine	9		
5781	CastingAction	LineageEffect.e_u622_lindvior_dust			11.5		
5781	CastingAction	LineageEffect.e_u622_lindvior_dust			14		
5781	CastingAction	LineageEffect.e_u622_lindvior_dust			16.5		
5781	CastingAction	LineageEffect.e_u622_lindvior_dust			9		
5782	CastingAction	LineageEffect.e_u623_lindvior_breath	7	Bip01 head	4.9		
5782	CastingAction	LineageEffect.e_u623_lindvior_breath	7	Bip01 head	5.4		
5782	CastingAction	LineageEffect.e_u623_lindvior_ta	9		5.5		
5782	CastingAction	LineageEffect.e_u623_lindvior_ta	9		6.5		
5783	CastingAction	LineageEffect.e_u622_lindvior_dust					
5783	CastingAction	LineageEffect.e_u622_lindvior_dust			1.5		
5783	CastingAction	LineageEffect.e_u622_lindvior_dust			3.5		
5783	CastingAction	LineageEffect.e_u622_lindvior_dust			4.5		
5783	CastingAction	LineageEffect.e_u622_lindvior_dust			5.7		
5783	CastingAction	LineageEffect.e_u621_lindvior_gate	9		14		
5786	CastingAction	LineageEffect.s_u604_ta_a	9		9.8	1.5	
5786	CastingAction	LineageEffect.e_u617_tran_ca	9		19		
5786	CastingAction	LineageEffect.e_u619_echmus_f			7.4		
5786	CastingAction	LineageEffect.e_u619_echmus_f			7.5		
5786	CastingAction	LineageEffect.e_u619_echmus_f			7.6		
5786	ShotAction	LineageEffect.e_u617_tran_ta	9			0.2	
5787	CastingAction	LineageEffect.e_u618_echmus_ae	7	Bip01 Spine			
5787	CastingAction	LineageEffect.e_u602_echmus_ca	7	Bip01 L Hand	5	0.1	
5788	CastingAction	LineageEffect.e_u614_ca	7	Bip01 Spine		0.4	
5788	CastingAction	LineageEffect.e_u614_fan	9		1.7		
5790	CastingAction	LineageEffect.e_u619_echmus_ae	7	Bip01 Spine			
5791	CastingAction	LineageEffect.e_u620_hound	9			0.2	
5791	CastingAction	LineageEffect.e_u619_blood_b	9		0.9		
5791	CastingAction	LineageEffect.e_u619_blood_b	9		0.9		
5791	CastingAction	LineageEffect.e_u619_blood_b	9		1.05		
5791	CastingAction	LineageEffect.e_u619_blood_b	9		1.05		
5792	CastingAction	LineageEffect.e_u102_spawn	9				
5793	CastingAction	LineageEffect.e_u102_airspawn	9			0.4	
5794	CastingAction	LineageEffect.e_u601_ca	7	Bone25			
5794	CastingAction	LineageEffect.e_u601_ra	7	Bone25	1.85		
5794	ShotAction	LineageEffect.e_u603_ta_a	9				
5795	CastingAction	LineageEffect.e_u602_ca	9		0.6		
5795	ShotAction	LineageEffect.e_u602_fl					
5795	ExplosionAction	LineageEffect.e_u602_ta	9				
5796	CastingAction	LineageEffect.e_u603_ca	9				
5796	ShotAction	LineageEffect.e_u603_fan	9				
5796	ShotAction	LineageEffect.e_u603_ta_a	9				
5797	CastingAction	LineageEffect.m_u809_ca_air	9			0.14	
5797	CastingAction	LineageEffect.m_u809_ca_air	9		0.9	0.18	
5797	CastingAction	LineageEffect.el_flame_strike_pr	7	Bone01		0.12	
5797	CastingAction	LineageEffect.m_u809_ca_air	9		1.8	0.14	
5797	ShotAction	LineageEffect.el_flame_strike_fl				0.15	
5797	ShotAction	LineageEffect.el_prominence_cs	7	Bone01		0.15	
5797	ExplosionAction	LineageEffect.e_u106_ta	9				
5798	CastingAction	LineageEffect.s_u215_charge	9			0.35	
5798	CastingAction	LineageEffect.s_u215_charge	9		1	0.35	
5798	ShotAction	LineageEffect.e_u105_fl				0.2	
5798	ExplosionAction	LineageEffect.e_u106_ta	9				
5799	CastingAction	LineageEffect.e_u605_ca	9		0.3	0.52	
5799	ShotAction	LineageEffect.e_u605_ta	9				
5799	ShotAction	LineageEffect.s_u611_ta_a	9				
5800	CastingAction	LineageEffect.su_summon_a_ca	9			1.4	
5800	ShotAction	LineageEffect.s_u615_summon	9			0.12	
5801	CastingAction	LineageEffect.e_u603_ca	9			0.03	
5801	CastingAction	LineageEffect.e_u603_fan	9		2.9	0.03	
5801	ShotAction	LineageEffect.e_u603_ta_a	9				
5802	CastingAction	LineageEffect.e_u603_ca	7	bip01		0.08	
5802	CastingAction	LineageEffect.e_u603_fan	7	Bone39	2.4	0.03	
5802	ShotAction	LineageEffect.e_u603_ta_a	9				
5803	CastingAction	LineageEffect.e_u327_ca	9				
5803	ShotAction	LineageEffect.e_u327_fl	9				
5803	ExplosionAction	LineageEffect.e_u327_ta	9				
5804	CastingAction	LineageEffect.at_fatal_strike_ca	9			0.25	
5804	ShotAction	LineageEffect.e_u105_fl				0.255	
5804	ExplosionAction	LineageEffect.e_u105_ta	9				
5805	CastingAction	LineageEffect.e_u322_ca	9				
5805	ShotAction	LineageEffect.e_u322_ta	9				
5806	CastingAction	LineageEffect.e_u605_ca	9				
5806	ShotAction	LineageEffect.e_u605_fl_a					
5806	ExplosionAction	LineageEffect.e_u605_ta	9				
5807	CastingAction	LineageEffect.e_u528_ta_bigsize_b	9				
5807	ShotAction	LineageEffect.el_flame_strike_ta					
5808	CastingAction	LineageEffect.m_u809_ca_air	9			0.14	
5808	CastingAction	LineageEffect.m_u809_ca_air	9		0.9	0.18	
5808	CastingAction	LineageEffect.m_u809_ca_air	9		1.8	0.14	
5808	CastingAction	LineageEffect.el_flame_strike_pr	7	Bone01		0.12	
5808	ShotAction	LineageEffect.el_flame_strike_fl				0.15	
5808	ShotAction	LineageEffect.el_prominence_cs	7	Bone01		0.15	
5808	ExplosionAction	LineageEffect.s_u524_ta	9				
5809	CastingAction	LineageEffect.e_u327_ca_blood	9		0.3	0.2	
5809	CastingAction	LineageEffect.s_u820_summon_drake	7	Bip01 Spine		0.15	
5809	ShotAction	LineageEffect.e_u327_fl_blood				0.2	
5809	ExplosionAction	LineageEffect.e_u327_ta_blood	9			1	
5810	CastingAction	LineageEffect.e_u603_ca	7	bip01		0.04	
5810	CastingAction	LineageEffect.e_u603_fan	7	Bone39	2.4	0.03	
5810	ShotAction	LineageEffect.e_u603_ta_a	9				
5811	CastingAction	LineageEffect.at_fatal_strike_ca	9			0.25	
5811	ShotAction	LineageEffect.at_sonic_rage_fl				0.25	
5811	ExplosionAction	LineageEffect.at_sonic_rage_ta	9			0.6	
5812	CastingAction	LineageEffect.s_u503_tiat_a	9			0.4	
5812	ShotAction	LineageEffect.e_u623_air_breath	9			0.05	
5812	ShotAction	LineageEffect.e_u105_ta	9				
5812	ShotAction	LineageEffect.e_u623_air_breath	9		0.5	0.04	
5813	CastingAction	LineageEffect.e_u841_ca_sand	9				
5813	ShotAction	LineageEffect.e_u072_a	9				
5813	ExplosionAction	LineageEffect.e_u841_ta_sand	9				
5814	CastingAction	LineageEffect.e_u604_ta	9			1	
5816	CastingAction	LineageEffect.e_u609_oracle	7	Bip01 Spine			
5818	CastingAction	LineageEffect.e_u312_lighting_red	9			0.35	
5818	CastingAction	LineageEffect.s_u503_tiat_a	9			0.8	
5818	CastingAction	LineageEffect.s_u023_tiat_c	9			1.2	
5820	CastingAction	LineageEffect.e_u312_lighting_red	7	Bip01 Spine		0.3	
5820	CastingAction	LineageEffect.e_u312_lighting_red	7	Bip01 Spine	2.6	0.3	
5820	CastingAction	LineageEffect.e_u048_a	9		4.6		
5820	CastingAction	LineageEffect.e_u610_tiat_release	9		6.95		
5822	CastingAction	LineageEffect.s_u820_summon_drake	9			0.3	
5822	CastingAction	LineageEffect.s_u820_summon_drake	9		1.5	0.3	
5822	CastingAction	LineageEffect.s_u820_summon_drake	9		3	0.3	
5822	CastingAction	LineageEffect.s_u820_summon_drake	9		4.5	0.3	
5826	ShotAction	LineageEffect.s_u524_ta	9			1	
5827	CastingAction	LineageEffect.e_u312_lighting_red	9			0.25	
5827	CastingAction	LineageEffect.s_u001_ca_red	7	Bip01 head		0.55	
5827	CastingAction	LineageEffect.s_u502_ca	9			0.66	
5827	CastingAction	LineageEffect.s_u215_charge	7	Bip01 head		0.25	
5827	ShotAction	LineageEffect.e_u105_fl				0.2	
5827	ExplosionAction	LineageEffect.e_u106_ta	9				
5828	CastingAction	LineageEffect.e_u312_lighting_trail	9			0.15	
5828	CastingAction	LineageEffect.ph_hate_ca	9			0.5	
5828	ShotAction	LineageEffect.s_u820_range_ta_b	9			1	
5828	ShotAction	LineageEffect.s_u821_ta	9				
5828	ShotAction	LineageEffect.e_u315_tiat_fear	9			0.8	
5829	CastingAction	LineageEffect.e_u312_lighting_red	9			0.55	
5829	CastingAction	LineageEffect.el_flame_strike_ca	9			1	
5829	ShotAction	LineageEffect.e_u315_flare	9			0.4	
5829	ShotAction	LineageEffect.s_u524_ta	9				
5830	CastingAction	LineageEffect.e_u312_lighting_red	7	Bip01 R Hand		0.15	
5830	CastingAction	LineageEffect.s_u526_ca	9				
5830	ShotAction	LineageEffect.s_u001_slash	9			0.5	
5830	ShotAction	LineageEffect.s_u015_b	9				
5831	CastingAction	LineageEffect.e_u312_lighting_red	7	Bip01 R Hand		0.25	
5831	CastingAction	LineageEffect.s_u502_ca	9			0.5	
5831	ShotAction	LineageEffect.s_u506_ra	9			0.3	
5831	ShotAction	LineageEffect.s_u015_b	9				
5831	ShotAction	LineageEffect.s_u502_ta	9				
5837	CastingAction	LineageEffect.s_u010_a	9			0.7	
5837	CastingAction	LineageEffect.s_u831_electric	7	Bip01 L Hand	0.35	0.35	
5837	CastingAction	LineageEffect.s_u831_electric	7	Bip01 R Hand	0.85	0.35	
5837	ShotAction	LineageEffect.s_u215_peltast					
5837	ExplosionAction	LineageEffect.s_u015_b	9				
5838	CastingAction	LineageEffect.s_u526_ca	9			0.6	
5838	CastingAction	LineageEffect.e_u312_lighting_red	9			0.35	
5838	ShotAction	LineageEffect.s_u215_peltast					
5838	ShotAction	LineageEffect.s_u215_peltast					
5838	ShotAction	LineageEffect.s_u215_peltast					
5838	ShotAction	LineageEffect.s_u215_ca_b				0.8	
5838	ExplosionAction	LineageEffect.p_u004_a	9				
5839	CastingAction	LineageEffect.e_u312_lighting_red	9			0.35	
5839	CastingAction	LineageEffect.e_u312_lighting_red	7	Bip01 R Hand		0.35	
5839	CastingAction	LineageEffect.e_u606_ca_a	9				
5839	ShotAction	LineageEffect.e_u606_fan	9				
5839	ShotAction	LineageEffect.s_u524_ta	9				
5840	CastingAction	LineageEffect.e_u312_lighting_red	9			0.25	
5840	CastingAction	LineageEffect.e_u312_lighting_red	7	Bip01 R Hand		0.25	
5840	CastingAction	LineageEffect.e_u606_ca_b	9				
5840	CastingAction	LineageEffect.e_u312_lighting_trail	7	Bip01 R Hand		0.25	
5840	ShotAction	LineageEffect.e_u606_fan	9				
5840	ShotAction	LineageEffect.e_u606_fan_right	9				
5840	ShotAction	LineageEffect.e_u606_fan_left	9				
5840	ShotAction	LineageEffect.s_u524_ta	9			2	
5841	CastingAction	LineageEffect.e_u312_lighting_red	9			0.35	
5841	CastingAction	LineageEffect.e_u607_ca	9		1	0.25	
5841	ShotAction	LineageEffect.e_u607_ta	9				
5842	CastingAction	LineageEffect.e_u312_lighting_red	7	Bone62		0.15	
5842	CastingAction	LineageEffect.s_u502_ca	9			0.66	
5842	CastingAction	LineageEffect.e_u312_lighting_trail	7	Bone62		0.2	
5842	ShotAction	LineageEffect.e_u849_tiat_slash	9			0.3	
5842	ShotAction	LineageEffect.s_u015_b	9				
5842	ShotAction	LineageEffect.e_u608_tiat_ae				0.2	
5842	ShotAction	LineageEffect.e_u608_tiat_ae			0.1	0.15	
5842	ShotAction	LineageEffect.e_u608_tiat_ae			0.2	0.12	
5842	ShotAction	LineageEffect.e_u608_tiat_ae			0.3	0.1	
5843	CastingAction	LineageEffect.e_u312_lighting_red	9			0.55	
5843	CastingAction	LineageEffect.s_u503_tiat_a	9			0.8	
5843	CastingAction	LineageEffect.s_u023_tiat_c	9			1.2	
5843	ShotAction	LineageEffect.e_u315_tiat_fear	9			0.3	
5843	ShotAction	LineageEffect.s_u211_ta	9				
5843	ShotAction	LineageEffect.e_u105_tiat_ra	9			0.3	
5844	CastingAction	LineageEffect.e_u608_deco	7	Bow Bone		0.15	
5844	CastingAction	LineageEffect.e_u608_ca	9				
5844	ShotAction	LineageEffect.e_u608_ra	9			0.18	
5844	ShotAction	LineageEffect.e_u524_a	9			0.06	
5844	ShotAction	LineageEffect.e_u608_ta	1				
5844	ShotAction	LineageEffect.e_u608_ra	9		0.5		
5847	ShotAction	LineageEffect.mo_war_cry_ta	9			1	
5847	ShotAction	LineageEffect.e_u309_ta_block	9				
5851	CastingAction	LineageEffect.at_shield_stun_ta	9				
5852	CastingAction	LineageEffect.e_u600_aga_joy	9				
5852	ShotAction	LineageEffect.e_u309_ta_block	9				
5860	CastingAction	LineageEffect.e_u808_debuff	9			0.8	
5860	CastingAction	LineageEffect.e_u311_area_red	9		1		
5860	CastingAction	LineageEffect.e_u311_area_red	9		5		
5861	CastingAction	LineageEffect.e_u809_debuff	9			0.8	
5861	CastingAction	LineageEffect.e_u311_area_blue	9		1		
5861	CastingAction	LineageEffect.e_u311_area_blue	9		5		
5862	CastingAction	LineageEffect.e_u808_ra	9			2.3	
5862	CastingAction	LineageEffect.s_u524_ta	9				
5863	CastingAction	LineageEffect.e_u809_ra	9			2.3	
5863	CastingAction	LineageEffect.s_u204_ta_ms	9				
5865	ShotAction	LineageEffect.e_u338_ta	9				
5866	CastingAction	LineageEffect.a_u022_ta_unholy	9				
5866	CastingAction	LineageEffect.e_u606_currupt	9			0.2	
5870	CastingAction	LineageEffect.a_u022_ta_unholy	9				
5870	CastingAction	LineageEffect.e_u606_currupt	9			0.2	
5873	CastingAction	LineageEffect.s_u520_ca_undying	9			1	
5873	CastingAction	LineageEffect.e_u606_currupt	9			0.2	
5876	CastingAction	LineageEffect.a_u022_wind	9				
5877	CastingAction	LineageEffect.s_u836_ca	9				
5877	ShotAction	LineageEffect.s_u836_ta	9				
5878	CastingAction	LineageEffect.at_fatal_strike_ca	9			0.7	
5878	ShotAction	LineageEffect.mo_war_cry_ta	9			1	
5878	ShotAction	LineageEffect.s_u015_b	9				
5878	ShotAction	LineageEffect.m_u041_vampiric	9				
5879	CastingAction	LineageEffect.s_u820_crate_ca_a	9				
5879	ShotAction	LineageEffect.s_u821_ta	9				
5880	CastingAction	LineageEffect.at_fatal_strike_ca	9				
5880	CastingAction	LineageEffect.e_u615_ta	7	Bip01 R Hand	0.85	0.13	
5880	CastingAction	LineageEffect.e_u615_ta	7	Bip01 L Hand	0.35	0.13	
5880	ShotAction	LineageEffect.ph_zero_g_ta	9				
5880	ShotAction	LineageEffect.s_u015_b	9				
5882	CastingAction	LineageEffect.at_fatal_strike_ca	9			0.4	
5882	CastingAction	LineageEffect.s_u831_electric	7	Bip01 L Hand	0.5	0.5	
5882	CastingAction	LineageEffect.s_u831_electric	7	Bip01 R Hand	0.5	0.5	
5882	ShotAction	LineageEffect.at_shield_stun_ta	9				
5883	CastingAction	LineageEffect.at_fatal_strike_ca	9			0.4	
5883	CastingAction	LineageEffect.e_u615_ta	7	Bip01 L Hand	0.5	0.1	
5883	CastingAction	LineageEffect.e_u615_ta	7	Bip01 R Hand	0.5	0.1	
5883	ShotAction	LineageEffect.at_sting_ta	9				
5883	ShotAction	LineageEffect.m_u808_tolerant_ta_a	9				
5884	CastingAction	LineageEffect.s_u831_electric	7	Bip01 R Hand	0.35	0.45	
5884	CastingAction	LineageEffect.at_fatal_strike_ca	9				
5884	CastingAction	LineageEffect.s_u831_electric	7	Bip01 L Hand	0.35	0.55	
5884	ShotAction	LineageEffect.at_shield_stun_ta	9				
5886	CastingAction	LineageEffect.at_fatal_strike_ca	9			0.6	
5886	ShotAction	LineageEffect.at_shield_stun_ta	9				
5886	ShotAction	LineageEffect.at_shock_blast_ra	9			0.5	
5887	CastingAction	LineageEffect.s_u201_ca	9			0.7	
5887	ShotAction	LineageEffect.s_u834_range_ta	9			0.7	
5887	ShotAction	LineageEffect.s_u513_c	9		0.5		
5887	ShotAction	LineageEffect.s_u604_smoke	9		0.6	1	
5888	CastingAction	LineageEffect.at_shock_blast_ca	9			0.5	
5888	ShotAction	LineageEffect.at_shock_blast_ra	9				
5888	ShotAction	LineageEffect.s_u015_b	9				
5888	ShotAction	LineageEffect.at_shield_stun_ta	9				
5888	ShotAction	LineageEffect.ph_hate_ta	8	e_bone			
5889	CastingAction	LineageEffect.at_fatal_strike_ca	9			0.4	
5889	ShotAction	LineageEffect.ph_hate_ta	8	e_bone			
5889	ShotAction	LineageEffect.at_shield_stun_ta	9				
5890	CastingAction	LineageEffect.s_u502_ca	9			0.65	
5890	CastingAction	LineageEffect.m_u013_a	9			1	
5890	ShotAction	LineageEffect.e_u105_tiat_ra	9				
5890	ShotAction	LineageEffect.sp_dryad_root_ta	9				
5890	ShotAction	LineageEffect.ph_hate_ta	8	e_bone			
5891	CastingAction	LineageEffect.at_fatal_strike_ca	9			0.5	
5891	ShotAction	LineageEffect.at_sonic_blast_fl					
5891	ExplosionAction	LineageEffect.at_sonic_blast_ta	9				
5892	CastingAction	LineageEffect.at_bluff_ca	9			1	
5892	ShotAction	LineageEffect.at_bluff_cs	9				
5892	ShotAction	LineageEffect.at_bluff_ta	9				
5893	CastingAction	LineageEffect.m_u808_tolerant_ca	9			1	
5893	CastingAction	LineageEffect.s_u831_electric	7	Bip01 L Hand	0.4		
5893	ShotAction	LineageEffect.s_u834_ca	9		0.8	1.1	
5893	ShotAction	LineageEffect.s_u834_ca	9		1.5	1.1	
5893	ShotAction	LineageEffect.m_u003_b	9			1	
5894	CastingAction	LineageEffect.mo_dash_ca	9			1	
5894	ShotAction	LineageEffect.bl_berserker_spirit_ta	9			0.5	
5894	ShotAction	LineageEffect.m_u808_tele_ta_d	9			1	
5895	CastingAction	LineageEffect.e_u308_mantra	9		1.5	0.3	
5895	CastingAction	LineageEffect.s_u502_ca	9			0.6	
5895	ShotAction	LineageEffect.s_u604_smoke	9			1.5	
5895	ShotAction	LineageEffect.at_bluff_ta	9				
5896	CastingAction	LineageEffect.e_u308_mantra	9				
5896	CastingAction	LineageEffect.e_u308_ca_lich	9			0.5	
5896	ShotAction	LineageEffect.e_u329_fl_A	9			0.6	
5896	ExplosionAction	LineageEffect.e_u329_ta_A	9				
5896	ExplosionAction	LineageEffect.e_u329_ta_B	9				
5897	CastingAction	LineageEffect.bl_berserker_spirit_ca	9			1	
5897	ShotAction	LineageEffect.bl_curse_poison_ta	9				
5898	CastingAction	LineageEffect.e_u308_mantra	9				
5898	ShotAction	LineageEffect.e_u329_fl_A					
5898	ExplosionAction	LineageEffect.e_u329_ta_A	9				
5898	ExplosionAction	LineageEffect.e_u329_ta_B	9				
5899	CastingAction	LineageEffect.bl_berserker_spirit_ca	9			0.6	
5899	CastingAction	LineageEffect.s_u201_ta	9		1.8		
5899	ShotAction	LineageEffect.m_u003_b	9			1	
5900	CastingAction	LineageEffect.s_u502_ca	9			0.65	
5900	CastingAction	LineageEffect.s_u526_ca	9		1	0.65	
5900	ShotAction	LineageEffect.ph_hate_ta	8	e_bone			
5900	ShotAction	LineageEffect.e_u606_currupt	9			0.2	
5901	CastingAction	LineageEffect.at_shock_blast_ca	9			0.8	
5901	ShotAction	LineageEffect.s_u201_ta	9				
5901	ShotAction	LineageEffect.at_shock_blast_ta	9				
5903	CastingAction	LineageEffect.bl_berserker_spirit_ca	9			1	
5903	ShotAction	LineageEffect.e_u329_ta_A	9			0.5	
5903	ShotAction	LineageEffect.e_u329_ta_B	9			0.7	
5904	CastingAction	LineageEffect.bl_berserker_spirit_ca	9			1	
5904	CastingAction	LineageEffect.e_u329_pr_A	7	Bip01 R Hand	0.5		
5904	ShotAction	LineageEffect.e_u329_ta_B	9			0.7	
5904	ShotAction	LineageEffect.m_u003_b	9			1	
5905	CastingAction	LineageEffect.s_u526_ca	9			1	
5905	ShotAction	LineageEffect.e_u105_tiat_ra	9			0.6	
5905	ShotAction	LineageEffect.e_u329_ta_A	9			0.7	
5906	CastingAction	LineageEffect.s_u807_mage_ca	9			1	
5906	ExplosionAction	LineageEffect.e_u329_ta_A	9			1	
5907	CastingAction	LineageEffect.s_u214_ca	9			1	
5907	ShotAction	LineageEffect.s_u214_ta	9				
5909	CastingAction	LineageEffect.at_fatal_strike_ca	9			0.4	
5909	ShotAction	LineageEffect.mo_war_cry_ta	9			0.4	
5909	ShotAction	LineageEffect.s_u015_b	9				
5910	CastingAction	LineageEffect.bl_berserker_spirit_ca	9			1	
5910	ShotAction	LineageEffect.e_u329_fl_A				0.4	
5910	ExplosionAction	LineageEffect.e_u329_ta_A	9				
5919	CastingAction	LineageEffect.e_u613_ca	9			0.4	
5919	ShotAction	LineageEffect.s_u211_ta	9				
5919	ShotAction	LineageEffect.e_u329_ta_A	9				
5920	CastingAction	LineageEffect.s_u201_ca	9			2	
5920	CastingAction	LineageEffect.e_u618_echmus_ca	9				
5920	ShotAction	LineageEffect.e_u829_echmus_Thorn	9			1	
5920	ShotAction	LineageEffect.e_u619_blood	9			2	
5920	ShotAction	LineageEffect.e_u843_echmus_thorn	1			2	
5921	CastingAction	LineageEffect.e_u614_ca	7	Bip01 Spine		0.4	
5921	CastingAction	LineageEffect.e_u614_fan	9		1.8		
5921	ShotAction	LineageEffect.m_u003_b	9			1	
5921	ShotAction	LineageEffect.e_u615_ta	9		0.5	1	
5922	CastingAction	LineageEffect.e_u612_ca_b	9			0.3	
5922	CastingAction	LineageEffect.e_u612_ca_b	9		1	0.5	
5922	ShotAction	LineageEffect.e_u612_fl_b				0.3	
5922	ExplosionAction	LineageEffect.e_u612_ta_b	9			1	
5922	ExplosionAction	LineageEffect.e_u612_ta_a	9			1	
5923	CastingAction	LineageEffect.e_u619_soul_a	9			0.25	
5924	CastingAction	LineageEffect.s_u820_magic_ca	9		0.5	0.4	
5924	CastingAction	LineageEffect.s_u820_magic_ca	9		1.5	0.35	
5924	ShotAction	LineageEffect.e_u327_fl_blood				0.3	
5924	ExplosionAction	LineageEffect.e_u327_ta_blood	9			2.5	
5924	ExplosionAction	LineageEffect.s_u834_fl					
5924	ExplosionAction	LineageEffect.s_u834_fl					
5925	CastingAction	LineageEffect.e_u616_dash	9				
5925	ShotAction	LineageEffect.e_u615_ta	9				
5926	CastingAction	LineageEffect.s_u201_ca	9			0.3	
5926	CastingAction	LineageEffect.e_u615_fan	7	Bip01 head	1.5	0.2	
5926	ShotAction	LineageEffect.e_u615_ta	9			0.7	
5932	CastingAction	LineageEffect.at_fatal_strike_ca	9			0.6	
5932	ShotAction	LineageEffect.e_u622_spread	9			0.075	
5932	ShotAction	LineageEffect.e_u608_tiat_ae	9			0.1	
5932	ShotAction	LineageEffect.e_u608_tiat_ae	9		0.05	0.1	
5932	ShotAction	LineageEffect.e_u608_tiat_ae	9		0.1	0.1	
5932	ShotAction	LineageEffect.e_u608_tiat_ae	9		0.15	0.1	
5932	ShotAction	LineageEffect.e_u608_tiat_ae	9		0.2	0.1	
5932	ShotAction	LineageEffect.s_u015_b	9				
5933	CastingAction	LineageEffect.at_fatal_strike_ca	9			0.6	
5933	ShotAction	LineageEffect.e_u622_spread	9			0.075	
5933	ShotAction	LineageEffect.at_shock_blast_ra	9			0.15	
5933	ShotAction	LineageEffect.at_shock_blast_ra	9		0.05	0.2	
5933	ShotAction	LineageEffect.at_shock_blast_ra	9		0.1	0.25	
5933	ShotAction	LineageEffect.at_shock_blast_ra	9		0.2	0.2	
5933	ShotAction	LineageEffect.at_shock_blast_ra	9		0.25	0.15	
5933	ShotAction	LineageEffect.s_u015_b	9				
5935	CastingAction	LineageEffect.s_u526_ca	9			0.6	
5935	CastingAction	LineageEffect.e_u308_mantra	9				
5935	ShotAction	LineageEffect.s_u834_range_ta	9				
5936	CastingAction	LineageEffect.at_shock_blast_ca	9			0.7	
5936	CastingAction	LineageEffect.e_u308_mantra	9				
5936	ShotAction	LineageEffect.at_shock_blast_ra	9				
5936	ShotAction	LineageEffect.at_shock_blast_ta	9				
5937	CastingAction	LineageEffect.at_shield_stun_ta	9				
5950	CastingAction	LineageEffect.e_u521_birthday	9				
5951	CastingAction	LineageEffect.e_u300_heart_ca	9				
5951	CastingAction	LineageEffect.wh_bless_the_soul_ta	9		1.5		
5955	CastingAction	LineageEffect.e_u600_aga_joy	9		1.5	0.3	
5956	CastingAction	LineageEffect.s_u021_aga_anger	9		1.5	0.3	
5958	CastingAction	LineageEffect.e_u300_aga_love_a	9		1.5		
5960	CastingAction	LineageEffect.e_u311_area_red	9				
5961	CastingAction	LineageEffect.e_u319_ca	9			0.06	
5961	ShotAction	LineageEffect.e_u319_ta	9				
5962	CastingAction	LineageEffect.e_u318_ca	9			0.15	
5962	CastingAction	LineageEffect.e_u318_pr	9			0.15	
5962	ShotAction	LineageEffect.e_u318_fl				0.15	
5962	ExplosionAction	LineageEffect.e_u318_ta	9			1	
5974	CastingAction	LineageEffect.e_u609_tran_ca	9				
5977	CastingAction	LineageEffect.s_u831_electric	7	Bip01_R_Hand	0.1	0.4	
5977	CastingAction	LineageEffect.s_u831_electric	7	Bip01_R_Hand	0.2	0.5	
5977	CastingAction	LineageEffect.s_u831_electric	7	Bip01_L_Hand	0.1	0.4	
5977	CastingAction	LineageEffect.s_u831_electric	7	Bip01_L_Hand	0.2	0.5	
5977	CastingAction	LineageEffect.s_u502_ca	9			0.76	
5977	ShotAction	LineageEffect.s_u015_b	9				
5977	ShotAction	LineageEffect.e_u608_tiat_ae	9			0.6	
5978	CastingAction	LineageEffect.s_u229_ca	9			1	
5978	CastingAction	LineageEffect.s_u229_ta_B	9		0.75		
5978	ShotAction	LineageEffect.s_u015_b	9				
5980	CastingAction	LineageEffect.e_u308_ca_lich	9			1	
5980	CastingAction	LineageEffect.e_u105_tiat_ra	9			0.6	
5980	CastingAction	LineageEffect.s_u015_b	9				
5984	CastingAction	LineageEffect.s_u834_range_ta	9				
5984	CastingAction	LineageEffect.e_u329_ta_A	9		0.4		
5987	CastingAction	LineageEffect.m_u200_ca	9			0.7	
5987	ShotAction	LineageEffect.at_shock_blast_ra	9				
5989	CastingAction	LineageEffect.mo_ultimate_defence_cs	9			0.5	
5989	ShotAction	LineageEffect.s_u609_ca_b	9				
5990	CastingAction	LineageEffect.s_u613_ca_a	9			2	
5990	ShotAction	LineageEffect.s_u217_airheal_ta	9			0.7	
6020	CastingAction	LineageEffect.e_u619_soul_b	9			0.25	
6021	CastingAction	LineageEffect.e_u619_soul_c	9			0.25	
6022	CastingAction	LineageEffect.e_u619_soul_d	9			0.25	
6023	CastingAction	LineageEffect.e_u619_soul_e	9			0.25	
6037	CastingAction	LineageEffect.e_u618_echmus_ae	9			0.1	
6041	CastingAction	LineageEffect.e_u322_phoenix	9			0.3	
6041	ShotAction	LineageEffect.s_u015_b	9				
6042	CastingAction	LineageEffect.s_u613_ca_a	7	Bip01 Spine		2	
6042	ShotAction	LineageEffect.su_empower_third_ta	9				
6043	CastingAction	LineageEffect.m_u809_ca_air	7	Bip01 Spine		0.6	
6043	CastingAction	LineageEffect.m_u809_ca_air	7	Bip01 Spine	0.3	0.4	
6043	ShotAction	LineageEffect.e_u808_ra	9			0.5	
6043	ShotAction	LineageEffect.e_u827_ta	9			1.3	
6044	CastingAction	LineageEffect.s_u503_tiat_a	7	Bip01 Spine			
6044	ShotAction	LineageEffect.s_u015_b	9				
6045	CastingAction	LineageEffect.e_u306_sstar	7	Bone57		2	
6047	CastingAction	LineageEffect.at_fatal_strike_ca	9			0.6	
6047	CastingAction	LineageEffect.mo_war_cry_ta	9		1.2	1	
6047	ShotAction	LineageEffect.s_u015_b	9				
6097	ShotAction	LineageEffect.e_u201_pc_gawi	9				
6098	ShotAction	LineageEffect.e_u201_pc_bawi	9				
6099	ShotAction	LineageEffect.e_u201_pc_bo	9				
6100	ShotAction	LineageEffect.e_u201_turkey_gawi	9				
6100	ShotAction	LineageEffect.e_u201_turkey_dis	9		2		
6101	ShotAction	LineageEffect.e_u201_turkey_bawi	9				
6101	ShotAction	LineageEffect.e_u201_turkey_dis	9		2		
6102	ShotAction	LineageEffect.e_u201_turkey_bo	9				
6102	ShotAction	LineageEffect.e_u201_turkey_dis	9		2		
6106	CastingAction	LineageEffect.wh_bless_the_body_ta	9				
6106	CastingAction	LineageEffect.e_u086_snow	9			1.6	
6107	CastingAction	LineageEffect.wh_bless_the_body_ta	9				
6107	CastingAction	LineageEffect.e_u086_snow	9			1.6	
6116	CastingAction	LineageEffect.e_u201_turkey_ca	9			1	
6121	CastingAction	LineageEffect.e_u519_aga_gift	9		2.7	0.35	
6123	CastingAction	LineageEffect.e_u204_aga_ca	9				
6123	CastingAction	LineageEffect.e_u204_ta	9		1.5		
6124	CastingAction	LineageEffect.e_u204_aga_ca_a	9				
6128	CastingAction	LineageEffect.s_u202_event_cow	9			0.45	
6128	CastingAction	LineageEffect.s_u202_event_cow	9		0.8	0.75	
6128	CastingAction	LineageEffect.s_u202_event_cow	9			0.45	
6128	CastingAction	LineageEffect.s_u202_event_cow	9		0.2	0.75	
6128	CastingAction	LineageEffect.mo_vengence_ra	9			1.5	
6128	CastingAction	LineageEffect.mo_vengence_ra	9		0.1	1.5	
6128	CastingAction	LineageEffect.mo_vengence_ra	9		0.2	1.5	
6128	CastingAction	LineageEffect.s_u202_event_cow	9			0.45	
6128	CastingAction	LineageEffect.s_u202_event_cow	9			0.45	
6128	CastingAction	LineageEffect.s_u202_event_cow	9		0.2	0.75	
6128	CastingAction	LineageEffect.mo_vengence_ra	9			1.5	
6128	CastingAction	LineageEffect.mo_vengence_ra	9		0.1	1.5	
6128	CastingAction	LineageEffect.mo_vengence_ra	9		0.2	1.5	
6128	CastingAction	LineageEffect.s_u202_event_cow	9			0.45	
6129	CastingAction	LineageEffect.at_fatal_strike_ca	9			0.55	
6129	ShotAction	LineageEffect.at_shield_stun_ta	9				
6130	CastingAction	LineageEffect.s_u202_final	9			0.45	
6130	CastingAction	LineageEffect.s_u202_final	9		1.7	0.55	
6130	CastingAction	LineageEffect.s_u202_final	9		3.4	0.65	
6130	ShotAction	LineageEffect.at_shield_stun_ta	9				
6135	CastingAction	LineageEffect.at_fatal_strike_ca	9			0.55	
6135	ShotAction	LineageEffect.e_u309_ta_block	9				
6136	CastingAction	LineageEffect.e_u300_aga_love_a	9				
6136	CastingAction	LineageEffect.e_u300_aga_love_a	9		1		
6136	CastingAction	LineageEffect.e_u306_sstar	7	Bip01 R Hand	0.6		
6136	CastingAction	LineageEffect.e_u306_sstar	7	Bip01 R Hand	0.8		
6137	CastingAction	LineageEffect.e_u306_sstar	7	Bip01 R Hand			
6140	CastingAction	LineageEffect.ph_zero_g_ta	9				
6143	CastingAction	LineageEffect.s_u023_lightening_ca	9			1.5	
6143	CastingAction	LineageEffect.s_u831_electric	7	Bip01 L Hand	2.5	0.55	
6143	CastingAction	LineageEffect.s_u831_electric	7	Bip01 L Hand	2.8	0.85	
6143	ShotAction	LineageEffect.e_u344_fl				0.5	
6143	ExplosionAction	LineageEffect.e_u318_ta	9			0.5	
6147	CastingAction	LineageEffect.s_u220_ca	9			1	
6147	ShotAction	LineageEffect.e_u706_ta	9			0.75	
6148	CastingAction	LineageEffect.su_empower_ca	9				
6148	ShotAction	LineageEffect.s_u603_ta	9				
6164	CastingAction	LineageEffect.s_u526_ca	9			0.6	
6164	ShotAction	LineageEffect.s_u509_e	9			0.7	
6164	ShotAction	LineageEffect.s_u509_e	9		0.1	0.8	
6164	ShotAction	LineageEffect.s_u509_e	9		0.2	0.9	
6168	CastingAction	LineageEffect.at_fatal_strike_ca	9			1	
6168	ShotAction	LineageEffect.at_shield_stun_ta	9			1.5	
6172	CastingAction	LineageEffect.e_u858_chew	7	Bip01 Ponytail23	1		
6172	CastingAction	LineageEffect.e_u858_chew	7	Bip01 Ponytail23	1.5	0.35	
6172	ShotAction	LineageEffect.e_u858_chew	9			1	
6172	ShotAction	LineageEffect.e_u858_ta	9		2	0.85	
6174	CastingAction	LineageEffect.e_u404_ssq_dp	9			1.8	
6174	CastingAction	LineageEffect.e_u611_dpa	9		2	0.4	
6174	CastingAction	LineageEffect.e_u611_dpb	9		4	0.4	
6176	CastingAction	LineageEffect.e_u856_ssq_dp	9				
6178	CastingAction	LineageEffect.e_u845_ssq_dp	9				
6179	CastingAction	LineageEffect.e_u855_crash_dp	9				
6179	CastingAction	LineageEffect.e_u855_crash_dp	9		0.2	0.8	
6179	CastingAction	LineageEffect.e_u855_crash_dp	9		0.35		
6180	CastingAction	LineageEffect.e_u312_lighting_red	7	bip01		0.3	
6180	CastingAction	LineageEffect.e_u312_lighting_red	7	Bip01_L_Hand	4.2	0.3	
6180	CastingAction	LineageEffect.e_u048_a	9		5.8	0.15	
6180	CastingAction	LineageEffect.e_u048_a	9		6	0.15	
6180	CastingAction	LineageEffect.e_u622_spread	9		5.8	0.025	
6180	CastingAction	LineageEffect.e_u048_a	9		6.1	0.25	
6194	CastingAction	LineageEffect.s_u230_ca	9			0.5	
6194	CastingAction	LineageEffect.s_u831_electric	7	Bip01 R Hand			
6194	CastingAction	LineageEffect.s_u831_electric	7	Bip01 L Hand			
6194	ShotAction	LineageEffect.s_u230_ra	9			1	
6194	ShotAction	LineageEffect.s_u230_ta	9				
6196	CastingAction	LineageEffect.e_u306_sstar	9				
6196	CastingAction	LineageEffect.e_u519_aga_gift	9		1.7	0.35	
6197	CastingAction	LineageEffect.e_u306_sstar	9				
6234	CastingAction	LineageEffect.s_u224_ta	9			1	
6234	CastingAction	LineageEffect.e_u089_coin	9			1.25	
6234	CastingAction	LineageEffect.e_u089_coin	9		0.2	1	
6234	CastingAction	LineageEffect.e_u089_coin	9		0.3	1.05	
6234	CastingAction	LineageEffect.e_u089_coin	9		0.35	1.2	
6234	CastingAction	LineageEffect.e_u089_coin	9		0.4	1.05	
6239	CastingAction	LineageEffect.e_u204_aga_ca	9				
6239	CastingAction	LineageEffect.e_u519_aga_gift	9		2.7	0.35	
6240	CastingAction	LineageEffect.e_u407_cra	9				
6240	ShotAction	LineageEffect.e_u407_ta	9			2	
6262	CastingAction	LineageEffect.z_cast_red_ca	9			0.6	
6262	ShotAction	LineageEffect.z_lightning_ra				0.6	
6262	ShotAction	LineageEffect.at_stun_attack_ta	9		0.2		
6263	CastingAction	LineageEffect.m_u202_ca_a	9			1	
6263	ShotAction	LineageEffect.z_dummy_quake_1s	9				
6263	ShotAction	LineageEffect.at_stun_attack_ta	9				
6263	ShotAction	LineageEffect.z_lightning_ra					
6263	ShotAction	LineageEffect.z_seed_mammalia_ent	9			0.7	
6264	CastingAction	LineageEffect.z_casting_fire_ca	9			1	
6264	ShotAction	LineageEffect.s_u524_ta	9		0.2	2.2	
6264	ShotAction	LineageEffect.s_u524_ta	9			3.2	
6265	CastingAction	LineageEffect.at_fatal_strike_ca	9			0.7	
6265	ShotAction	LineageEffect.z_smoke_01_ca				1.4	
6265	ShotAction	LineageEffect.z_smoke_long_ca				1.8	
6265	ShotAction	LineageEffect.z_smoke_01_ca			0.5	1.4	
6265	ShotAction	LineageEffect.z_dummy_quake_1s	9			1	
6274	ShotAction	LineageEffect.z_ice_storm_big_ta	9			0.5	
6274	ShotAction	LineageEffect.z_ice_storm_big_ta	9			0.3	
6274	ShotAction	LineageEffect.z_ice_storm_big_ta	9			0.7	
6274	ShotAction	LineageEffect.z_dummy_quake_10S	9			0.5	
6275	ShotAction	LineageEffect.z_ice_storm_big_ta	9			0.5	
6275	ShotAction	LineageEffect.z_ice_storm_big_ta	9			0.3	
6275	ShotAction	LineageEffect.z_ice_storm_big_ta	9			0.7	
6275	ShotAction	LineageEffect.z_dummy_quake_10S	9			0.5	
6276	ShotAction	LineageEffect.z_ice_storm_big_ta	9			0.3	
6276	ShotAction	LineageEffect.z_ice_storm_big_ta	9			0.7	
6276	ShotAction	LineageEffect.z_ice_storm_big_ta	9			0.5	
6276	ShotAction	LineageEffect.z_dummy_quake_5S	9			0.5	
6276	ShotAction	LineageEffect.z_ice_particle_a_life_filter	9				
6277	CastingAction	LineageEffect.z_freya_self_b_ca	9			0.2	
6277	CastingAction	LineageEffect.z_ice_knight2_ca	9		1.5	1	
6278	CastingAction	LineageEffect.z_ice_storm_ca	9			0.2	
6278	ShotAction	LineageEffect.z_freya_a_fl				0.4	
6278	ShotAction	LineageEffect.z_freya_a_fl				0.6	
6278	ExplosionAction	LineageEffect.z_freya_iceball_ra	9			0.25	
6279	CastingAction	LineageEffect.z_freya_self_a_ca	9			0.2	
6279	ShotAction	LineageEffect.z_freya_self_b_ra				1.2	
6279	ShotAction	LineageEffect.z_freya_self_ta	9				
6280	ShotAction	LineageEffect.z_ice_death_clack_ca	9				
6280	ShotAction	LineageEffect.z_ice_death_clack_ca	9		2.5		
6281	CastingAction	LineageEffect.m_u808_tolerant_ca	9				
6281	ShotAction	LineageEffect.m_u808_tolerant_ta_c	9				
6282	CastingAction	LineageEffect.z_ice_reflect_ca	9		0.3	1	
6283	CastingAction	LineageEffect.z_ice_storm_b_ca	9			0.05	
6283	ShotAction	LineageEffect.z_ice_bomb_ta	9				
6284	CastingAction	LineageEffect.z_ice_knight_buff	9			1.3	
6285	CastingAction	LineageEffect.wh_regeneration_ta	9			0.4	
6286	CastingAction	LineageEffect.m_u202_ca_a	9			1	
6286	ShotAction	LineageEffect.z_buff_a	9				
6287	CastingAction	LineageEffect.z_buff_c	9			1	
6287	ShotAction	LineageEffect.z_buff_a	9				
6288	CastingAction	LineageEffect.z_jinia_pray_ca	9		1	1	
6288	CastingAction	LineageEffect.z_cast_red_ca	9			1	
6288	ShotAction	LineageEffect.z_shockwave_a_ra	9				
6288	ShotAction	LineageEffect.z_cast_red_ca	9			1	
6289	CastingAction	LineageEffect.z_cast_red_ca	9			0.8	
6289	CastingAction	LineageEffect.z_kegor_brave	9		3	0.3	
6289	ShotAction	LineageEffect.su_focus_ta	9				
6290	CastingAction	LineageEffect.z_knight_Sort_ca	9			0.8	
6290	ShotAction	LineageEffect.z_ice_knight3_ta	9			-1	
6291	CastingAction	LineageEffect.z_knight_Sort_ca	9		1	0.8	
6291	ShotAction	LineageEffect.z_kegor_trail_ta	9			0.5	
6291	ShotAction	LineageEffect.z_knight_Sort_slash	9			0.5	
6291	ShotAction	LineageEffect.z_ice_knight_a_ra	9			1	
6291	ShotAction	LineageEffect.z_knight_short_ta	9				
6292	CastingAction	LineageEffect.z_kegor_trail	9		0.5	0.7	
6292	CastingAction	LineageEffect.z_kegor_trail_cloud	9		0.5	1	
6292	CastingAction	LineageEffect.z_kegor_trail_sub	9		0.5	0.7	
6292	ShotAction	LineageEffect.z_kegor_trail_ta	9		0.2	0.7	
6293	CastingAction	LineageEffect.z_ice_hknight_ca	9			0.5	
6293	ShotAction	LineageEffect.z_ice_heavyknight_ta	9				
6293	ShotAction	LineageEffect.z_kegor_Fsmash_a_ca	9			0.6	
6293	ShotAction	LineageEffect.z_ice_knight_a_ra	9				
6294	CastingAction	LineageEffect.z_ice_heavyknight_cry_ca	9		0.3	0.3	
6294	ShotAction	LineageEffect.z_buff_a	9			1	
6295	CastingAction	LineageEffect.z_ice_hknight_magic_ca	9			1.2	
6295	ShotAction	LineageEffect.z_common_short_ca	9			1.3	
6295	ShotAction	LineageEffect.z_ice_hknight_magic_impact	9			0.5	
6295	ShotAction	LineageEffect.z_ice_hknight_magic_flare	9			2	
6296	CastingAction	LineageEffect.z_ice_knight2_dash	9		0.2	0.7	
6296	CastingAction	LineageEffect.z_kegor_trail_cloud	9		0.2	1	
6296	CastingAction	LineageEffect.z_kegor_trail_sub	9		0.2	0.7	
6296	ShotAction	LineageEffect.z_kegor_trail_ta	9		0.2	0.7	
6297	CastingAction	LineageEffect.z_ice_hknight_ca	9			0.4	
6297	ShotAction	LineageEffect.z_ice_heavyknight_fl	9				
6297	ShotAction	LineageEffect.z_ice_hknight_inpact_ca					
6297	ExplosionAction	LineageEffect.z_ice_heavyknight_ta	9				
6298	CastingAction	LineageEffect.z_casting_blue_ca	9			0.2	
6299	CastingAction	LineageEffect.z_ice_bomb_ca	9				
6299	ShotAction	LineageEffect.z_ice_bomb_ta	9				
6299	ShotAction	LineageEffect.z_ice_bomb_ra	9			0.4	
6299	ShotAction	LineageEffect.z_dummy_quake_1s	9			1	
6300	PreshotAction	LineageEffect.s_u003_d	2				
6300	PreshotAction	LineageEffect.s_u003_d	2				
6300	CastingAction	LineageEffect.s_u530_focus_force_ca	9			0.3	
6300	CastingAction	LineageEffect.d_handeffect_indi	2			0.7	
6300	CastingAction	LineageEffect.d_pcasting_pp	9			0.8	
6300	CastingAction	LineageEffect.s_u224_ca	9			1	
6300	CastingAction	LineageEffect.m_u202_ca_a	9			1.4	
6300	CastingAction	LineageEffect.z_ice_bomb3_ta	9		3.5	1	
6300	CastingAction	LineageEffect.bl_body_to_mind_ca	9			1	
6300	CastingAction	LineageEffect.s_u812_beam_ta	9				
6300	CastingAction	LineageEffect.s_u817_darkspoil_ca	9				
6300	CastingAction	LineageEffect.m_u013_a	9				
6300	CastingAction	LineageEffect.m_u013_a	9				
6300	CastingAction	LineageEffect.s_u099_rapier_ca_a	9			1.3	
6300	CastingAction	LineageEffect.mo_dash_ca	9			1	
6300	CastingAction	LineageEffect.at_fatal_strike_ca	9			0.8	
6300	CastingAction	LineageEffect.mo_dash_ca	9				
6300	CastingAction	LineageEffect.at_fatal_strike_ca	9			1	
6300	CastingAction	LineageEffect.s_u813_trap_ta_test	9			2	
6300	CastingAction	LineageEffect.at_sting_ta	9		0.1		
6300	CastingAction	LineageEffect.d_dragon_straight	9		0.8	0.6	
6300	CastingAction	LineageEffect.d_smoke_darkb	9			0.75	
6300	CastingAction	LineageEffect.e_u833_fire_trap	9		0.08		
6300	CastingAction	LineageEffect.d_redwind_ca	9			0.5	
6300	CastingAction	LineageEffect.e_u829_sand_ta	9			0.13	
6300	CastingAction	LineageEffect.s_u815_bowgun_ca	9				
6300	CastingAction	LineageEffect.m_u811_short_debuff	9			1	
6300	CastingAction	LineageEffect.m_u811_short_debuff	9			1	
6300	CastingAction	LineageEffect.m_u811_short_debuff	9			1	
6300	CastingAction	LineageEffect.s_u812_beam_ta	9			0.6	
6300	CastingAction	LineageEffect.s_u812_beam_ta	9			0.6	
6300	CastingAction	LineageEffect.at_stun_attack_ta	9		1	0.6	
6300	CastingAction	LineageEffect.s_u530_focus_force_ca	9			0.4	
6300	CastingAction	LineageEffect.s_u225_ca	9			1	
6300	CastingAction	LineageEffect.d_pcasting_y	9			0.4	
6300	CastingAction	LineageEffect.s_u812_beam_ta	9			0.5	
6300	CastingAction	LineageEffect.d_smoke_darkb	9			0.8	
6300	CastingAction	LineageEffect.s_u815_bowgun_ca	9			0.5	
6300	CastingAction	LineageEffect.s_u812_beam_ta	9			0.6	
6300	CastingAction	LineageEffect.d_pcasting_y	9			0.6	
6300	CastingAction	LineageEffect.at_stun_attack_ta	9		1	0.6	
6300	CastingAction	LineageEffect.s_u812_beam_ta	9			0.6	
6300	CastingAction	LineageEffect.d_pcasting_y	9			0.6	
6300	CastingAction	LineageEffect.at_stun_attack_ta	9		1	0.6	
6300	CastingAction	LineageEffect.s_u019_a	9			0.6	
6300	CastingAction	LineageEffect.d_smoke_darkb	9			0.8	
6300	CastingAction	LineageEffect.s_u815_bowgun_ca	9			0.5	
6300	CastingAction	LineageEffect.d_portal_continue				1	
6300	CastingAction	LineageEffect.d_portal_redline				0.8	
6300	CastingAction	LineageEffect.d_portal_blueline				0.8	
6300	CastingAction	LineageEffect.d_twist_big	9			1.4	
6300	CastingAction	LineageEffect.d_twist_big	9		1.5	1.4	
6300	CastingAction	LineageEffect.d_twist_big	9		3	1.4	
6300	CastingAction	LineageEffect.d_twist_big	9		4.5	1.4	
6300	CastingAction	LineageEffect.d_twist_big	9		6	1.4	
6300	CastingAction	LineageEffect.d_twist_big	9		7.5	1.4	
6300	CastingAction	LineageEffect.d_twist_big	9		9	1.4	
6300	CastingAction	LineageEffect.d_twist_big	9		10.5	1.4	
6300	CastingAction	LineageEffect.m_u202_ca_a	9			1.4	
6300	CastingAction	LineageEffect.z_ice_bomb3_ta	9		3.5	1	
6300	CastingAction	LineageEffect.s_u099_rapier_ca_a	9			1	
6300	CastingAction	LineageEffect.e_u100_crystal_spawn	9				
6300	CastingAction	LineageEffect.s_u230_ra	9			0.5	
6300	CastingAction	LineageEffect.s_u230_ta	7	Bip01 R Hand	1.5		
6300	CastingAction	LineageEffect.it_scroll_of_escape_ta	9			1	
6300	CastingAction	LineageEffect.d_etis_darkaura	9			1	
6300	CastingAction	LineageEffect.d_etis_darkaura	9		2	1	
6300	CastingAction	LineageEffect.d_portal_impact				1	
6300	CastingAction	LineageEffect.m_u202_ca_a	9			1	
6300	CastingAction	LineageEffect.s_u815_bowgun_b	2		2	1.5	
6300	CastingAction	LineageEffect.s_u815_bowgun_b	2		3.5	1.5	
6300	CastingAction	LineageEffect.s_u020_a	9			0.8	
6300	CastingAction	LineageEffect.d_elca_bodylight	9			0.8	
6300	CastingAction	LineageEffect.d_elca_handlight	7	Bip01 R Hand		0.8	
6300	CastingAction	LineageEffect.s_u528_ca	9			1	
6300	CastingAction	LineageEffect.s_u815_bowgun_b	2		2	1.5	
6300	CastingAction	LineageEffect.s_u815_bowgun_b	2		3.5	1.5	
6300	CastingAction	LineageEffect.s_u020_a	9			0.8	
6300	CastingAction	LineageEffect.d_elca_bodylight	9			0.8	
6300	CastingAction	LineageEffect.d_elca_handlight	7	Bip01 R Hand		0.8	
6300	CastingAction	LineageEffect.d_elca_meteo	9		2	1.4	
6300	CastingAction	LineageEffect.d_elcameteo_ta	9			0.9	
6300	CastingAction	LineageEffect.d_etis_disappear	9			1.4	
6300	CastingAction	LineageEffect.d_etis_summon	9			1.4	
6300	CastingAction	LineageEffect.d_down_light	9			1.4	
6300	CastingAction	LineageEffect.d_portal_yellowline				0.8	
6300	CastingAction	LineageEffect.d_portal_greenline				0.8	
6300	CastingAction	LineageEffect.m_u202_ca_a	9			1.4	
6300	CastingAction	LineageEffect.z_ice_bomb3_ta	9		3.5	1	
6300	CastingAction	LineageEffect.s_u200_ca	9			0.2	
6300	CastingAction	LineageEffect.s_u200_ca	9			0.3	
6300	CastingAction	LineageEffect.m_u013_a	9				
6300	CastingAction	LineageEffect.at_stun_attack_ca	7	Bip01 R Hand		0.3	
6300	CastingAction	LineageEffect.at_stun_attack_ca	7	Bip01 L Hand		0.3	
6300	CastingAction	LineageEffect.d_pcasting_y	9			0.5	
6300	CastingAction	LineageEffect.s_u200_ca	9				
6300	CastingAction	LineageEffect.m_u013_a	9				
6300	CastingAction	LineageEffect.d_smoke_darkb	9			0.8	
6300	CastingAction	LineageEffect.bl_berserker_spirit_ca	9			1	
6300	CastingAction	LineageEffect.d_smoke_darkb	9			0.8	
6300	CastingAction	LineageEffect.d_smoke_darkb	9		1.5	0.8	
6300	CastingAction	LineageEffect.bl_berserker_spirit_ca	9			1	
6300	CastingAction	LineageEffect.d_smoke_darkb	9			0.8	
6300	CastingAction	LineageEffect.d_smoke_darkb	9		1.5	0.8	
6300	CastingAction	LineageEffect.at_stun_attack_ca	7	Bip01 R Hand		0.25	
6300	CastingAction	LineageEffect.d_pcasting_y	9			0.4	
6300	CastingAction	LineageEffect.at_stun_attack_ca	7	Bip01 R Hand		0.25	
6300	CastingAction	LineageEffect.d_pcasting_y	9			0.4	
6300	CastingAction	LineageEffect.s_u200_ca	9			0.7	
6300	CastingAction	LineageEffect.d_smoke_darkb	9			0.8	
6300	CastingAction	LineageEffect.s_u200_ca	9			0.7	
6300	CastingAction	LineageEffect.d_smoke_darkb	9			0.8	
6300	CastingAction	LineageEffect.s_u200_ca	9			1	
6300	CastingAction	LineageEffect.d_smoke_darkb	9			1	
6300	CastingAction	LineageEffect.d_smoke_darkb	9		1.5	1	
6300	CastingAction	LineageEffect.m_u013_a	9				
6300	CastingAction	LineageEffect.s_u200_ca	9			0.2	
6300	CastingAction	LineageEffect.at_stun_attack_ca	7	Bip01 R Hand		0.25	
6300	CastingAction	LineageEffect.d_pcasting_y	9			0.4	
6300	CastingAction	LineageEffect.d_pcasting_pp	9			0.8	
6300	CastingAction	LineageEffect.mo_focus_sonic_ca	7	bip01		0.7	
6300	CastingAction	LineageEffect.d_handeffect_indi	2			0.7	
6300	CastingAction	LineageEffect.s_u530_focus_force_ca	7	bip01		0.4	
6300	ShotAction	LineageEffect.d_pierceblue_fl				2	
6300	ShotAction	LineageEffect.s_u234_sting	9			1.2	
6300	ShotAction	LineageEffect.at_fatal_strike_ta	9			0.8	
6300	ShotAction	LineageEffect.at_fatal_strike_ta	9			1.2	
6300	ShotAction	LineageEffect.el_ice_dagger_ta	9				
6300	ShotAction	LineageEffect.s_u234_sting	9		0.2	1.2	
6300	ShotAction	LineageEffect.at_fatal_strike_ta	9		0.3	0.8	
6300	ShotAction	LineageEffect.at_fatal_strike_ta	9		0.3	1.2	
6300	ShotAction	LineageEffect.el_ice_dagger_ta	9		0.3		
6300	ShotAction	LineageEffect.z_ice_common_b_ta	9				
6300	ShotAction	LineageEffect.z_ice_stone_explosion_ta	9			0.9	
6300	ShotAction	LineageEffect.s_u822_enuma_cs	9			0.45	
6300	ShotAction	LineageEffect.s_u822_enuma_cs	9		0.06	0.45	
6300	ShotAction	LineageEffect.at_shield_stun_ta	9		0.2		
6300	ShotAction	LineageEffect.s_u234_sting	9			1.2	
6300	ShotAction	LineageEffect.at_fatal_strike_ta	9			0.8	
6300	ShotAction	LineageEffect.at_fatal_strike_ta	9			1.2	
6300	ShotAction	LineageEffect.el_ice_dagger_ta	9				
6300	ShotAction	LineageEffect.e_u604_ta	9			0.8	
6300	ShotAction	LineageEffect.s_u820_magic_ta	9		0.05		
6300	ShotAction	LineageEffect.e_u604_ta	9			0.8	
6300	ShotAction	LineageEffect.s_u820_magic_ta	9		0.05		
6300	ShotAction	LineageEffect.z_ice_common_b_ta	9		0.15		
6300	ShotAction	LineageEffect.d_arrows_multi	9			1	
6300	ShotAction	LineageEffect.d_arrows_multi	9			0.9	
6300	ShotAction	LineageEffect.d_arrows_multi	9			0.9	
6300	ShotAction	LineageEffect.mo_dash_ta	9			1	
6300	ShotAction	LineageEffect.mo_dash_ta	9				
6300	ShotAction	LineageEffect.mo_dash_ta	9				
6300	ShotAction	LineageEffect.mo_dash_ta	9				
6300	ShotAction	LineageEffect.s_u234_sting	9			1.1	
6300	ShotAction	LineageEffect.at_fatal_strike_ta	9			0.8	
6300	ShotAction	LineageEffect.at_fatal_strike_ta	9			1	
6300	ShotAction	LineageEffect.el_ice_dagger_ta	9				
6300	ShotAction	LineageEffect.d_dragon_stonego	9			0.6	
6300	ShotAction	LineageEffect.s_u225_ra	9			1	
6300	ShotAction	LineageEffect.z_shockwave_d	9			0.5	
6300	ShotAction	LineageEffect.z_dummy_quake	9			0.01	
6300	ShotAction	LineageEffect.e_u058_darkball_fl					
6300	ShotAction	LineageEffect.s_u834_cs	9				
6300	ShotAction	LineageEffect.s_u820_range_ta_b	9			1.4	
6300	ShotAction	LineageEffect.s_u820_magic_ta	9		0.1		
6300	ShotAction	LineageEffect.s_u820_range_ta_b	9			1.4	
6300	ShotAction	LineageEffect.s_u820_magic_ta	9		0.1		
6300	ShotAction	LineageEffect.s_u820_range_ta_b	9				
6300	ShotAction	LineageEffect.at_stun_attack_ta	9				
6300	ShotAction	LineageEffect.at_stun_attack_ta	9			0.6	
6300	ShotAction	LineageEffect.s_u820_magic_ta	9			0.8	
6300	ShotAction	LineageEffect.s_u020_b	9			0.8	
6300	ShotAction	LineageEffect.at_shock_blast_ta	9			0.8	
6300	ShotAction	LineageEffect.at_stun_attack_ta	9			1	
6300	ShotAction	LineageEffect.s_u821_ta	9				
6300	ShotAction	LineageEffect.s_u820_magic_ta	9				
6300	ShotAction	LineageEffect.at_stun_attack_ta	9			0.6	
6300	ShotAction	LineageEffect.at_stun_attack_ta	9			0.6	
6300	ShotAction	LineageEffect.d_dark_genuma	9			0.2	
6300	ShotAction	LineageEffect.s_u822_enuma_cs	9		0.03	0.2	
6300	ShotAction	LineageEffect.s_u225_ta	9		0.1	0.5	
6300	ShotAction	LineageEffect.d_dark_genuma	9		0.06	0.2	
6300	ShotAction	LineageEffect.s_u821_ta	9				
6300	ShotAction	LineageEffect.s_u820_magic_ta	9				
6300	ShotAction	LineageEffect.z_ice_common_b_ta	9				
6300	ShotAction	LineageEffect.z_ice_common_b_ta	9				
6300	ShotAction	LineageEffect.z_ice_stone_explosion_ta	9			0.9	
6300	ShotAction	LineageEffect.e_u327_fl_blood				0.3	
6300	ShotAction	LineageEffect.s_u820_magic_fl				0.25	
6300	ShotAction	LineageEffect.e_u604_ta	9			0.8	
6300	ShotAction	LineageEffect.s_u820_magic_ta	9		0.05		
6300	ShotAction	LineageEffect.at_fatal_strike_ta	9		0.3		
6300	ShotAction	LineageEffect.s_u822_enuma_cs	9				
6300	ShotAction	LineageEffect.at_fatal_strike_ta	9		0.35		
6300	ShotAction	LineageEffect.s_u820_magic_fl				3	
6300	ShotAction	LineageEffect.e_u604_ta	9			0.5	
6300	ShotAction	LineageEffect.s_u820_magic_ta	9		0.05		
6300	ShotAction	LineageEffect.s_u820_magic_fl				1	
6300	ShotAction	LineageEffect.s_u820_magic_fl				1	
6300	ShotAction	LineageEffect.at_fatal_strike_ta	9				
6300	ShotAction	LineageEffect.at_fatal_strike_ta	9		0.01		
6300	ShotAction	LineageEffect.at_stun_attack_ta	9			0.8	
6300	ShotAction	LineageEffect.at_fatal_strike_ta	9				
6300	ShotAction	LineageEffect.at_fatal_strike_ta	9		0.01		
6300	ShotAction	LineageEffect.at_stun_attack_ta	9			0.8	
6300	ShotAction	LineageEffect.s_u820_magic_fl				1	
6300	ShotAction	LineageEffect.s_u820_magic_fl				1	
6300	ShotAction	LineageEffect.s_u820_magic_fl				1	
6300	ShotAction	LineageEffect.e_u604_ta	9			0.8	
6300	ShotAction	LineageEffect.s_u820_magic_ta	9		0.05		
6300	ShotAction	LineageEffect.e_u327_fl_blood				0.3	
6300	ShotAction	LineageEffect.at_fatal_strike_ta	9				
6300	ShotAction	LineageEffect.at_fatal_strike_ta	9		0.01		
6300	ShotAction	LineageEffect.at_stun_attack_ta	9			0.8	
6300	ShotAction	LineageEffect.s_u234_sting	9			1.2	
6300	ShotAction	LineageEffect.at_fatal_strike_ta	9			0.8	
6300	ShotAction	LineageEffect.at_fatal_strike_ta	9			1.2	
6300	ShotAction	LineageEffect.el_ice_dagger_ta	9				
6300	ShotAction	LineageEffect.s_u234_sting	9		0.2	1.2	
6300	ShotAction	LineageEffect.at_fatal_strike_ta	9		0.3	0.8	
6300	ShotAction	LineageEffect.at_fatal_strike_ta	9		0.3	1.2	
6300	ShotAction	LineageEffect.el_ice_dagger_ta	9		0.3		
6300	ShotAction	LineageEffect.d_afterarrow_blue	9		0.1		
6300	ShotAction	LineageEffect.d_arrows_blue	9			0.9	
6300	ShotAction	LineageEffect.d_arrows_blue	9		0.05	0.9	
6300	ShotAction	LineageEffect.d_arrow_trailuv				2.5	
6300	ExplosionAction	LineageEffect.s_u230_ta	9				
6300	ExplosionAction	LineageEffect.m_u009_c	9			1.2	
6300	ExplosionAction	LineageEffect.el_aura_burn_ta	9				
6300	ExplosionAction	LineageEffect.s_u821_ta	9				
6300	ExplosionAction	LineageEffect.s_u820_magic_ta	9				
6300	ExplosionAction	LineageEffect.s_u820_magic_ta	9				
6300	ExplosionAction	LineageEffect.s_u225_ra	9			1	
6300	ExplosionAction	LineageEffect.s_u820_magic_ta	9				
6300	ExplosionAction	LineageEffect.at_shock_blast_ta	9				
6300	ExplosionAction	LineageEffect.at_shock_blast_ta	9				
6300	ExplosionAction	LineageEffect.d_smoke_darkb	9			0.8	
6300	ExplosionAction	LineageEffect.s_u820_magic_ta	9				
6300	ExplosionAction	LineageEffect.s_u820_magic_ta	9				
6300	ExplosionAction	LineageEffect.s_u820_magic_ta	9				
6300	ExplosionAction	LineageEffect.s_u820_magic_ta	9				
6300	ExplosionAction	LineageEffect.d_attacked_arrowr	9			1	
6301	CastingAction	LineageEffect.z_buff_a	9		0.2		
6302	CastingAction	LineageEffect.z_mp_up	9			0.8	
6303	CastingAction	LineageEffect.z_common_buff_e	9		0.5	1.4	
6303	ShotAction	LineageEffect.s_u015_b	9			0.6	
6304	CastingAction	LineageEffect.s_u010_b	2			1.5	
6304	ShotAction	LineageEffect.s_u804_a_ta	9			0.6	
6305	CastingAction	LineageEffect.sp_agility_ca	9			1.2	
6305	CastingAction	LineageEffect.sp_agility_ca	9			2.2	
6305	ShotAction	LineageEffect.p_u004_a	9			0.6	
6305	ShotAction	LineageEffect.mo_vengence_ra	9			0.7	
6306	CastingAction	LineageEffect.z_common_buff_f	9			1.4	
6306	ShotAction	LineageEffect.mo_focus_sonic_ta	9			1	
6307	CastingAction	LineageEffect.m_u013_a	9			1.2	
6307	ShotAction	LineageEffect.e_u309_fl					
6307	ExplosionAction	LineageEffect.s_u226_ta	9				
6308	CastingAction	LineageEffect.el_wind_strike_ca	9			1.3	
6308	CastingAction	LineageEffect.el_wind_strike_ca	9			1	
6308	ShotAction	LineageEffect.s_u226_fl					
6308	ExplosionAction	LineageEffect.s_u226_ta	9				
6309	CastingAction	LineageEffect.m_u202_ca_a	9			1.4	
6309	ShotAction	LineageEffect.e_u329_fl_A	9			0.6	
6309	ExplosionAction	LineageEffect.e_u329_ta_A	9			0.5	
6310	CastingAction	LineageEffect.m_u202_ca_a	9			1.4	
6310	ShotAction	LineageEffect.e_u329_ta_A	9			0.7	
6311	CastingAction	LineageEffect.z_seed_reptiles_b_ca	9			0.7	
6311	ShotAction	LineageEffect.s_u015_b	9				
6311	ShotAction	LineageEffect.mo_war_cry_ta	9			1	
6312	CastingAction	LineageEffect.z_cast_red_ca	9			1.1	
6312	ShotAction	LineageEffect.el_prominence_fl				0.5	
6312	ExplosionAction	LineageEffect.e_u034_c	9				
6313	CastingAction	LineageEffect.m_u018_a	9			1.2	
6313	ShotAction	LineageEffect.z_buff_a	9				
6314	CastingAction	LineageEffect.z_common_buff_f	9			1.4	
6314	CastingAction	LineageEffect.m_u203_ca	9				
6314	ShotAction	LineageEffect.e_u329_fl_A				1	
6314	ExplosionAction	LineageEffect.e_u329_ta_A	9				
6314	ExplosionAction	LineageEffect.e_u329_ta_B	9				
6314	ExplosionAction	LineageEffect.mo_vengence_ra	9			1.3	
6315	CastingAction	LineageEffect.z_buff_b	9			1	
6315	ShotAction	LineageEffect.ph_howl_ta	9				
6315	ShotAction	LineageEffect.z_custom_striking_ta	9				
6316	CastingAction	LineageEffect.wh_regeneration_ta	9			1.3	
6316	CastingAction	LineageEffect.z_common_buff_d	9		1.5	1	
6316	ShotAction	LineageEffect.wh_heal_ta	9				
6317	CastingAction	LineageEffect.at_fatal_strike_ca	9			0.8	
6317	CastingAction	LineageEffect.wh_regeneration_ta	9			1.5	
6317	ShotAction	LineageEffect.e_u329_fl_A	9			0.6	
6317	ExplosionAction	LineageEffect.at_shock_blast_ta	9			1	
6318	CastingAction	LineageEffect.z_cast_red_ca	9			1.3	
6318	ShotAction	LineageEffect.su_focus_ta	9				
6318	ShotAction	LineageEffect.s_u807_ta	9				
6319	CastingAction	LineageEffect.z_cast_red_ca	9			1.3	
6319	ShotAction	LineageEffect.su_empower_ta	9			1	
6319	ShotAction	LineageEffect.mo_vengence_ra	9			1.5	
6320	CastingAction	LineageEffect.z_common_buff_f	9			1	
6320	CastingAction	LineageEffect.z_monastery_red_zone_a_area				0.4	
6320	CastingAction	LineageEffect.z_monastery_red_zone_a_area_cross				0.7	
6320	ShotAction	LineageEffect.m_u808_tele_ta_d	9			1.2	
6321	CastingAction	LineageEffect.m_u202_ca_a	9			1.4	
6321	ShotAction	LineageEffect.e_u329_fl_A				0.6	
6321	ExplosionAction	LineageEffect.e_u329_ta_A	9			0.6	
6322	CastingAction	LineageEffect.z_cast_red_ca	9			1	
6322	CastingAction	LineageEffect.z_monastery_blue_zone_a_area			1	0.4	
6322	ShotAction	LineageEffect.e_u329_fl_A				0.8	
6322	ExplosionAction	LineageEffect.e_u329_ta_A	9			0.6	
6322	ExplosionAction	LineageEffect.mo_vengence_ra	9			1.25	
6323	CastingAction	LineageEffect.z_debuff_b	9			0.8	
6323	CastingAction	LineageEffect.z_debuff_b	9			0.7	
6324	CastingAction	LineageEffect.z_buff_c	9			1	
6324	CastingAction	LineageEffect.m_u203_ca	9			0.7	
6324	ShotAction	LineageEffect.e_u846_berethfire_fl					
6324	ExplosionAction	LineageEffect.s_u524_ta	9			2.2	
6325	CastingAction	LineageEffect.z_common_buff_d	9			1	
6325	CastingAction	LineageEffect.wh_regeneration_ta	9		1.3	1	
6325	ShotAction	LineageEffect.z_monastery_a_ta	9				
6325	ShotAction	LineageEffect.z_monastery_a_area	9			2	
6325	ShotAction	LineageEffect.z_dummy_quake_1s	9			1	
6326	CastingAction	LineageEffect.z_fire_explosion_area_a	9			0.4	
6326	CastingAction	LineageEffect.s_u524_ta	9			3.2	
6326	CastingAction	LineageEffect.z_dummy_quake	9			0.01	
6326	ShotAction	LineageEffect.z_custom_striking_ta	9				
6327	CastingAction	LineageEffect.m_u018_a	9			1	
6327	CastingAction	LineageEffect.z_buff_c	9			1.3	
6327	ShotAction	LineageEffect.s_u804_a_ta	9				
6328	CastingAction	LineageEffect.z_cast_red_ca	9			1	
6328	ShotAction	LineageEffect.el_prominence_fl					
6328	ShotAction	LineageEffect.e_u329_ta_A	9				
6328	ExplosionAction	LineageEffect.rm_self_blaster_ra	9			1.1	
6329	CastingAction	LineageEffect.z_common_buff_e	9			1	
6329	CastingAction	LineageEffect.s_u223_ca	9			1	
6329	ShotAction	LineageEffect.s_u015_b	9				
6330	CastingAction	LineageEffect.z_common_buff_d	9			1	
6330	ShotAction	LineageEffect.z_cooker_mp_up	9			1	
6331	CastingAction	LineageEffect.at_fatal_strike_ca	9			0.01	
6332	CastingAction	LineageEffect.at_fatal_strike_ca	9			0.01	
6333	CastingAction	LineageEffect.z_common_buff_c	9			0.7	
6333	ShotAction	LineageEffect.el_prominence_fl				0.3	
6333	ShotAction	LineageEffect.e_u329_ta_A				0.2	
6333	ExplosionAction	LineageEffect.at_stun_attack_ta	9			1.3	
6334	CastingAction	LineageEffect.z_electlic_a_ca	9				
6334	ShotAction	LineageEffect.z_electlic_fl				0.5	
6334	ShotAction	LineageEffect.z_electlic_shot_ca	9				
6334	ExplosionAction	LineageEffect.z_electlic_a_ta	9			1	
6335	CastingAction	LineageEffect.z_electlic_rain_a_ca	9			0.5	
6335	CastingAction	LineageEffect.z_electlic_rain_a_sub_ca	9		1.9	0.5	
6335	ShotAction	LineageEffect.s_u523_arrow_red_ta	9				
6335	ShotAction	LineageEffect.z_electlic_rain_a_ra	9			2	
6336	CastingAction	LineageEffect.z_electlic_rain_b_ca	9			0.5	
6336	CastingAction	LineageEffect.z_electlic_rain_a_sub_ca	9		1.9	0.5	
6336	ShotAction	LineageEffect.s_u523_arrow_red_ta	9				
6336	ShotAction	LineageEffect.z_electlic_rain_b_ra	9			2	
6336	ShotAction	LineageEffect.z_electlic_rain_a_sub_ca	9		1.9	0.5	
6337	CastingAction	LineageEffect.z_casting_fire_ca	9			0.7	
6337	ShotAction	LineageEffect.s_u804_a_ta	9			0.7	
6338	CastingAction	LineageEffect.m_u202_ca_a	9			1	
6338	ShotAction	LineageEffect.bl_curse_poison_ta	9				
6338	ShotAction	LineageEffect.e_u329_ta_B	9				
6338	ShotAction	LineageEffect.mo_vengence_ra	9			0.3	
6339	CastingAction	LineageEffect.z_xel_hammer_ca	9				
6339	CastingAction	LineageEffect.ph_howl_ca	9				
6339	ShotAction	LineageEffect.ph_howl_ta	9				
6339	ShotAction	LineageEffect.z_xel_hammer_ra	9			1	
6339	ShotAction	LineageEffect.z_dummy_quake	9			0.5	
6339	ShotAction	LineageEffect.ph_howl_ta	9				
6339	ShotAction	LineageEffect.at_shock_blast_ta	9				
6339	ShotAction	LineageEffect.z_xel_hammer_ra	9			0.6	
6340	CastingAction	LineageEffect.z_enterevent_ca_a	9			0.5	
6340	CastingAction	LineageEffect.m_u018_a	9			1	
6340	ShotAction	LineageEffect.s_u015_b	9				
6341	CastingAction	LineageEffect.at_fatal_strike_ca	9			0.4	
6341	ShotAction	LineageEffect.s_u804_a_ta	9				
6342	CastingAction	LineageEffect.at_fatal_strike_ca	9			0.4	
6342	ShotAction	LineageEffect.s_u804_a_ta	9				
6343	CastingAction	LineageEffect.z_common_buff_d	9			0.6	
6343	ShotAction	LineageEffect.it_healing_potion_ta	9				
6343	ShotAction	LineageEffect.mo_focus_sonic_ta	9			0.5	
6365	CastingAction	LineageEffect.z_common_buff_d	9			0.6	
6365	ShotAction	LineageEffect.it_quick_step_potion_ta	9			1	
6365	ShotAction	LineageEffect.mo_focus_sonic_ta	9			0.5	
6366	CastingAction	LineageEffect.z_common_buff_d	9			0.6	
6366	ShotAction	LineageEffect.z_magic_up_ca	9			1	
6366	ShotAction	LineageEffect.mo_focus_sonic_ta	9			0.5	
6367	CastingAction	LineageEffect.z_common_buff_d	9			0.6	
6367	ShotAction	LineageEffect.mo_focus_sonic_ta	9			0.5	
6369	CastingAction	LineageEffect.z_common_buff_d	9			0.6	
6369	ShotAction	LineageEffect.s_u207_ca	9			0.7	
6369	ShotAction	LineageEffect.mo_focus_sonic_ta	9			0.5	
6370	CastingAction	LineageEffect.z_totem_green_ta	9			0.7	
6371	CastingAction	LineageEffect.z_common_buff_e	9			1.4	
6372	CastingAction	LineageEffect.su_focus_ta	9			1	
6372	CastingAction	LineageEffect.z_buff_c	9			1	
6373	CastingAction	LineageEffect.z_totem_blue_ta	9			0.4	
6374	CastingAction	LineageEffect.z_totem_green_ta	9			0.4	
6375	CastingAction	LineageEffect.z_totem_blue_ta	9			0.7	
6375	CastingAction	LineageEffect.e_u608_ra					
6376	CastingAction	LineageEffect.z_reptiles_ca	9			1	
6377	CastingAction	LineageEffect.z_seed_caiona_ca	9			0.2	
6378	CastingAction	LineageEffect.z_seed_tacrakahn_ca				0.4	
6378	CastingAction	LineageEffect.z_dummy_quake	9			0.5	
6378	ShotAction	LineageEffect.z_seed_tacrakahn_ra				0.4	
6378	ShotAction	LineageEffect.z_dummy_quake_2S	9			0.5	
6379	CastingAction	LineageEffect.z_casting_fire_ca	9			1	
6379	ShotAction	LineageEffect.s_u820_range_ta_a	9				
6380	CastingAction	LineageEffect.z_common_buff_f	9			1.4	
6380	ShotAction	LineageEffect.rm_self_blaster_ra	9			1.5	
6380	ShotAction	LineageEffect.mo_focus_sonic_ta	9			1	
6380	ShotAction	LineageEffect.z_dummy_quake	9			0.5	
6381	CastingAction	LineageEffect.z_cast_red_ca	9			0.8	
6381	ShotAction	LineageEffect.e_u846_berethfire_fl				0.5	
6381	ShotAction	LineageEffect.mo_focus_sonic_ta	9			1	
6381	ExplosionAction	LineageEffect.rm_self_blaster_ra	9			1.1	
6382	CastingAction	LineageEffect.z_common_buff_f	9			0.8	
6382	ShotAction	LineageEffect.z_shockwave_d	9			1	
6382	ShotAction	LineageEffect.s_u804_a_ta	9			0.5	
6383	CastingAction	LineageEffect.z_seed_reptiles_c_ca	9			0.4	
6383	ShotAction	LineageEffect.s_u015_b	9				
6384	CastingAction	LineageEffect.z_casting_fire_ca	9		0.3	0.8	
6384	ShotAction	LineageEffect.at_stun_attack_ta	9			1	
6385	CastingAction	LineageEffect.z_buff_c	9			0.8	
6385	ShotAction	LineageEffect.s_u804_a_ta	9				
6385	ShotAction	LineageEffect.s_u207_ca	9			0.7	
6386	CastingAction	LineageEffect.z_seed_groykhan_ca	9		0.6	0.8	
6386	ShotAction	LineageEffect.z_seed_groykhan_ta	9			1.5	
6386	ShotAction	LineageEffect.z_seed_groykhan_earthrise_ta				0.4	
6386	ShotAction	LineageEffect.z_dummy_quake_1s	9			1	
6387	CastingAction	LineageEffect.z_common_buff_e	9			0.8	
6387	ShotAction	LineageEffect.z_shockwave_d	9			2	
6387	ShotAction	LineageEffect.z_dummy_quake	9			0.5	
6388	CastingAction	LineageEffect.mo_war_cry_ta	9		0.5	0.5	
6388	CastingAction	LineageEffect.mo_war_cry_ta	9		1.2	0.7	
6388	CastingAction	LineageEffect.s_u807_ta	9		1.2	0.3	
6388	ShotAction	LineageEffect.ph_howl_ta	9			0.8	
6388	ShotAction	LineageEffect.z_dummy_quake	9			0.5	
6389	CastingAction	LineageEffect.z_buff_c	9			0.5	
6389	CastingAction	LineageEffect.s_u207_ca	9			0.7	
6390	CastingAction	LineageEffect.z_seed_dopagen_ca	9			0.2	
6390	ShotAction	LineageEffect.z_seed_dopagen_ra	9			0.9	
6391	CastingAction	LineageEffect.z_seed_dopagen_b_ca	9			0.15	
6391	ShotAction	LineageEffect.z_unholy_hp_down	9			1	
6392	CastingAction	LineageEffect.m_u202_ca_a	9			0.7	
6392	ShotAction	LineageEffect.z_seed_reptiles_b_fl				0.3	
6392	ExplosionAction	LineageEffect.s_u015_b	9				
6393	CastingAction	LineageEffect.z_seed_reptiles_c_ca	9			0.3	
6393	ShotAction	LineageEffect.z_seed_reptiles_c_fl				0.3	
6393	ExplosionAction	LineageEffect.z_seed_reptiles_c_ta	9			0.7	
6394	CastingAction	LineageEffect.z_seed_dopagen_b_ca	9			0.2	
6394	ShotAction	LineageEffect.z_custom_striking_ta	9				
6394	ShotAction	LineageEffect.z_seed_dopagen_b_area				0.3	
6395	CastingAction	LineageEffect.z_reptiles_ca	9			1	
6395	ShotAction	LineageEffect.z_custom_striking_ta	9				
6396	CastingAction	LineageEffect.z_reptiles_ca	9			0.7	
6396	ShotAction	LineageEffect.z_seed_reptiles_c_fl				0.2	
6396	ExplosionAction	LineageEffect.z_seed_reptiles_c_ta	9				
6397	CastingAction	LineageEffect.z_seed_reptiles_c_ca	9			0.3	
6397	ShotAction	LineageEffect.e_u309_fl				0.5	
6397	ShotAction	LineageEffect.mo_focus_sonic_ta	9			1	
6397	ExplosionAction	LineageEffect.z_seed_reptiles_c_ta	9				
6398	CastingAction	LineageEffect.z_common_buff_e	9			0.7	
6398	ShotAction	LineageEffect.z_seed_dopagen_b_area	9			0.2	
6399	CastingAction	LineageEffect.z_common_buff_e	9			0.8	
6399	ShotAction	LineageEffect.s_u015_b	9				
6400	CastingAction	LineageEffect.z_seed_caiona_ca	9			0.2	
6400	ShotAction	LineageEffect.z_seed_reptiles_c_fl				0.2	
6400	ExplosionAction	LineageEffect.z_seed_reptiles_c_ta	9				
6401	CastingAction	LineageEffect.z_seed_caiona_ca	9			0.2	
6401	CastingAction	LineageEffect.breath_short	7	Bip01 head	0.5	0.1	
6401	ShotAction	LineageEffect.s_u524_ta	9		0.2	2.2	
6402	CastingAction	LineageEffect.z_common_short_ca	9			1	
6402	CastingAction	LineageEffect.bl_curse_poison_ta	9				
6403	CastingAction	LineageEffect.z_seed_mammalia_ent	9		0.5	0.7	
6403	ShotAction	LineageEffect.e_u327_fl_blood				0.8	
6403	ExplosionAction	LineageEffect.z_seed_reptiles_c_ta	9				
6404	CastingAction	LineageEffect.z_common_buff_e	9			1.4	
6404	ShotAction	LineageEffect.at_sting_ta	9				
6405	CastingAction	LineageEffect.z_seed_reptiles_c_ca	9			0.5	
6405	ShotAction	LineageEffect.z_reptiles_ta	9			0.6	
6406	CastingAction	LineageEffect.z_unholy_hp_down	9			0.8	
6407	CastingAction	LineageEffect.z_debuff_b	9			0.6	
6407	CastingAction	LineageEffect.z_common_debuff_d	9				
6408	CastingAction	LineageEffect.z_buff_c	9				
6409	CastingAction	LineageEffect.z_seed_reptiles_c_ca	9			0.5	
6409	ShotAction	LineageEffect.at_stun_attack_ta	9		0.2		
6409	ShotAction	LineageEffect.z_seed_reptiles_a_ta				0.4	
6409	ShotAction	LineageEffect.z_dummy_quake	9			0.5	
6410	CastingAction	LineageEffect.s_u616_rush	9			0.2	
6410	ShotAction	LineageEffect.e_u322_ta	9				
6411	CastingAction	LineageEffect.z_common_blue_cast	9			0.7	
6411	CastingAction	LineageEffect.z_common_b_cast	9		3.1	0.7	
6412	CastingAction	LineageEffect.z_common_buff_e	9			0.8	
6412	ShotAction	LineageEffect.z_seed_reptiles_c_fl				0.2	
6412	ExplosionAction	LineageEffect.z_seed_reptiles_c_ta	9				
6413	CastingAction	LineageEffect.z_seed_reptiles_b_ca	9		0.5	0.6	
6413	ShotAction	LineageEffect.z_seed_reptiles_b_fl				0.6	
6413	ExplosionAction	LineageEffect.z_seed_reptiles_c_ta	9				
6414	CastingAction	LineageEffect.z_common_buff_f	9			1.1	
6414	ShotAction	LineageEffect.s_u804_a_ta	9				
6415	CastingAction	LineageEffect.z_reptiles_ca	9			1	
6415	ShotAction	LineageEffect.p_u004_a	9				
6415	ShotAction	LineageEffect.z_shockwave_a_ra	9			0.5	
6416	CastingAction	LineageEffect.z_common_buff_d	9			0.6	
6416	ShotAction	LineageEffect.z_striking_unholy_ta	9				
6417	CastingAction	LineageEffect.z_cast_red_ca	9			1	
6417	ShotAction	LineageEffect.z_seed_reptiles_c_fl	7	Bone42		0.2	
6417	ExplosionAction	LineageEffect.z_seed_reptiles_c_ta	9				
6418	CastingAction	LineageEffect.z_common_b_cast	9		0.3	0.6	
6418	ShotAction	LineageEffect.z_reptiles_fl				0.6	
6418	ExplosionAction	LineageEffect.z_seed_reptiles_b_ta	9				
6419	CastingAction	LineageEffect.z_buff_c	9			1	
6419	ShotAction	LineageEffect.z_custom_striking_ta	9				
6420	CastingAction	LineageEffect.s_u002_a	2			1.4	
6420	CastingAction	LineageEffect.m_u018_a	9			1.4	
6420	ShotAction	LineageEffect.s_u015_b	9				
6421	CastingAction	LineageEffect.ph_howl_ca	9			1	
6421	ShotAction	LineageEffect.z_custom_striking_ta	9				
6422	CastingAction	LineageEffect.z_lizard_beserker_ca	9			0.4	
6422	ShotAction	LineageEffect.z_custom_striking_ta	9				
6422	ShotAction	LineageEffect.z_lizard_beserker_ra				0.3	
6423	PreshotAction	LineageEffect.s_u003_d	2				
6423	CastingAction	LineageEffect.at_fatal_strike_ca	9			0.4	
6423	ShotAction	LineageEffect.s_u003_b	9				
6423	ExplosionAction	LineageEffect.p_u004_a	9				
6424	PreshotAction	LineageEffect.s_u003_d	2				
6424	CastingAction	LineageEffect.at_fatal_strike_ca	9			0.4	
6424	ShotAction	LineageEffect.s_u003_b	9				
6424	ExplosionAction	LineageEffect.p_u004_a	9				
6425	ShotAction	LineageEffect.z_lizard_hp_down	9			0.5	
6426	CastingAction	LineageEffect.z_lizard_ugoros_ca	9			0.2	
6426	CastingAction	LineageEffect.z_lizard_ugoros_ca_ball			0.3	0.5	
6426	ShotAction	LineageEffect.z_lizard_ugoros_fl				0.2	
6426	ExplosionAction	LineageEffect.z_lizard_shockwave				0.8	
6427	CastingAction	LineageEffect.e_u329_ta_A	9			0.4	
6427	CastingAction	LineageEffect.z_lizard_shockwave				0.5	
6427	CastingAction	LineageEffect.z_unholy_hp_down	9			1	
6428	CastingAction	LineageEffect.z_mp_up	9			0.8	
6428	CastingAction	LineageEffect.e_u329_ta_A	9			0.4	
6428	CastingAction	LineageEffect.m_u013_a	9			1.2	
6428	ShotAction	LineageEffect.z_mp_up	9			1	
6429	CastingAction	LineageEffect.z_mp_up	9			0.8	
6429	CastingAction	LineageEffect.e_u329_ta_A	9			0.2	
6430	CastingAction	LineageEffect.su_empower_ta	9			0.8	
6430	CastingAction	LineageEffect.e_u329_ta_A	9			0.2	
6431	ShotAction	LineageEffect.wh_regeneration_ta	9				
6432	ShotAction	LineageEffect.wh_regeneration_ta	9				
6433	ShotAction	LineageEffect.wh_regeneration_ta	9				
6434	ShotAction	LineageEffect.wh_regeneration_ta	9				
6435	CastingAction	LineageEffect.bl_curse_poison_ta	9				
6436	CastingAction	LineageEffect.bl_curse_poison_ta	9				
6436	CastingAction	LineageEffect.bl_curse_poison_ta	9				
6437	CastingAction	LineageEffect.s_u207_ca	9			0.7	
6438	CastingAction	LineageEffect.s_u207_ca	9			0.7	
6439	CastingAction	LineageEffect.z_new_hp_heal_red	9			0.6	
6440	CastingAction	LineageEffect.z_new_hp_heal_green	9			0.6	
6441	CastingAction	LineageEffect.z_new_hp_heal_blue	9			0.6	
6442	CastingAction	LineageEffect.z_new_hp_heal_red	9			0.6	
6442	CastingAction	LineageEffect.z_common_short_ca	9		0.5	1	
6444	CastingAction	LineageEffect.z_new_hp_heal_blue	9			0.6	
6444	CastingAction	LineageEffect.z_common_short_ca	9		0.5	1	
6445	CastingAction	LineageEffect.at_fatal_strike_ca	9			0.4	
6445	ShotAction	LineageEffect.s_u804_a_ta	9				
6446	CastingAction	LineageEffect.z_ice_storm_big_ta	9		2	0.5	
6446	CastingAction	LineageEffect.z_ice_storm_big_ta	9		3.5	0.3	
6446	CastingAction	LineageEffect.z_ice_storm_big_ta	9		5	0.7	
6446	ShotAction	LineageEffect.z_ice_stone_meteo_ta					
6446	ShotAction	LineageEffect.z_ice_stone_explosion_ta			0.2		
6446	ShotAction	LineageEffect.z_ice_stone_meteo_ta			0.4		
6446	ShotAction	LineageEffect.z_ice_stone_explosion_ta			0.6		
6446	ShotAction	LineageEffect.z_ice_stone_meteo_ta			0.8		
6446	ShotAction	LineageEffect.z_ice_stone_explosion_ta			1		
6446	ShotAction	LineageEffect.z_ice_stone_meteo_ta			1.2		
6446	ShotAction	LineageEffect.z_ice_stone_explosion_ta			1.4		
6447	CastingAction	LineageEffect.at_fatal_strike_ca	9			0.4	
6447	ShotAction	LineageEffect.s_u804_a_ta	9				
6448	CastingAction	LineageEffect.at_fatal_strike_ca	9			0.4	
6448	ShotAction	LineageEffect.s_u804_a_ta	9				
6449	CastingAction	LineageEffect.at_fatal_strike_ca	9			0.4	
6449	ShotAction	LineageEffect.s_u804_a_ta	9				
6450	CastingAction	LineageEffect.z_freya_self_a_ca	9			0.2	
6450	ShotAction	LineageEffect.z_freya_self_b_ra				2	
6450	ShotAction	LineageEffect.z_freya_self_ta	9				
6450	ShotAction	LineageEffect.z_freya_self_ta	9		0.1	1.2	
6451	CastingAction	LineageEffect.at_fatal_strike_ca	9			0.4	
6451	ShotAction	LineageEffect.s_u804_a_ta	9				
6452	CastingAction	LineageEffect.z_ice_chainge_wolrd_scene	9		5		
6452	CastingAction	LineageEffect.z_ice_chainge_wolrd_scene	9		7		
6453	CastingAction	LineageEffect.z_ice_death_effect_scene	9		1		
6453	CastingAction	LineageEffect.z_ice_aurora	9		2		
6453	CastingAction	LineageEffect.z_ice_aurora	9		4.5		
6453	CastingAction	LineageEffect.z_ice_aurora	9		7		
6454	CastingAction	LineageEffect.at_fatal_strike_ca	9			0.4	
6454	ShotAction	LineageEffect.s_u804_a_ta	9				
6455	CastingAction	LineageEffect.at_fatal_strike_ca	9			0.4	
6455	ShotAction	LineageEffect.s_u804_a_ta	9				
6456	CastingAction	LineageEffect.at_fatal_strike_ca	9			0.4	
6456	ShotAction	LineageEffect.s_u804_a_ta	9				
6457	CastingAction	LineageEffect.z_ice_freya_death_ta	9			1	
6457	CastingAction	LineageEffect.z_ice_freya_death_ta	9		1	1.2	
6457	ShotAction	LineageEffect.z_ice_freya_death_fl	9				
6457	ExplosionAction	LineageEffect.z_ice_freya_death_ca	9			1.2	
6458	CastingAction	LineageEffect.e_u204_aga_ca	9			3	
6458	CastingAction	LineageEffect.e_u204_aga_ca	9		1.5	4	
6458	CastingAction	LineageEffect.e_u204_aga_ca	9		2.5	4	
6458	ShotAction	LineageEffect.s_u833_transform	9			1	
6459	CastingAction	LineageEffect.z_kegor_comp_a_ca	9				
6460	CastingAction	LineageEffect.z_kegor_comp_b_ca	9		7.4		
6461	CastingAction	LineageEffect.at_fatal_strike_ca	9			0.4	
6461	ShotAction	LineageEffect.s_u804_a_ta	9				
6462	ShotAction	LineageEffect.z_kegor_Fsmash_b_ca	9				
6462	ShotAction	LineageEffect.z_kegor_Fsmash_b_ta	9			1.2	
6463	CastingAction	LineageEffect.z_change_job_event_b	9			1	
6465	CastingAction	LineageEffect.br_event_u006_start	9			1	
6465	CastingAction	LineageEffect.br_event_u006_pumkin0_a	9		2	1.15	
6465	CastingAction	LineageEffect.br_event_u006_win	9		6	1	
6466	CastingAction	LineageEffect.br_event_u006_start	9			1	
6466	CastingAction	LineageEffect.br_event_u006_pumkin1_a	9		2	1.15	
6466	CastingAction	LineageEffect.br_event_u006_win	9		6	0.9	
6467	CastingAction	LineageEffect.br_event_u006_pumkin0_a	9			1.15	
6467	CastingAction	LineageEffect.br_event_u006_win	9		6.5	1.3	
6468	CastingAction	LineageEffect.br_event_u006_pumkin1_a	9			1.15	
6468	CastingAction	LineageEffect.br_event_u006_win	9		6.5	1.3	
6470	CastingAction	LineageEffect.br_event_u006_win01_a	9			2.5	
6470	CastingAction	LineageEffect.it_antidote_ta	9			1	
6470	CastingAction	LineageEffect.br_event_u006_win00_a	9			1	
6471	CastingAction	LineageEffect.br_event_u006_win02_a	9			2.5	
6471	CastingAction	LineageEffect.it_antidote_ta	9			1	
6471	CastingAction	LineageEffect.br_event_u006_win00_a	9			1	
6472	CastingAction	LineageEffect.br_event_u006_win03_a	9			2.5	
6472	CastingAction	LineageEffect.it_antidote_ta	9			1	
6472	CastingAction	LineageEffect.br_event_u006_win00_a	9			1	
6473	CastingAction	LineageEffect.br_event_u006_win04_a	9			2.5	
6473	CastingAction	LineageEffect.it_antidote_ta	9			1	
6473	CastingAction	LineageEffect.br_event_u006_win00_a	9			1	
6474	CastingAction	LineageEffect.br_event_u006_win05_a	9			2.5	
6474	CastingAction	LineageEffect.mo_ultimate_defence_ta	9				
6474	CastingAction	LineageEffect.br_event_u006_win00_a	9			1	
6475	CastingAction	LineageEffect.br_event_u006_win06_a	9			2.5	
6475	CastingAction	LineageEffect.mo_ultimate_defence_ta	9			1	
6475	CastingAction	LineageEffect.br_event_u006_win00_a	9			1	
6476	CastingAction	LineageEffect.br_event_u006_win07_a	9			2.5	
6476	CastingAction	LineageEffect.mo_ultimate_defence_ta	9				
6476	CastingAction	LineageEffect.br_event_u006_win00_a	9			1	
6477	CastingAction	LineageEffect.br_event_u006_win08_a	9			2.5	
6477	CastingAction	LineageEffect.mo_ultimate_defence_ta	9				
6477	CastingAction	LineageEffect.br_event_u006_win00_a	9			1	
6478	CastingAction	LineageEffect.br_event_u006_win09_a	9			2.5	
6478	CastingAction	LineageEffect.mo_ultimate_defence_ta	9			1	
6478	CastingAction	LineageEffect.br_event_u006_win00_a	9			1	
6479	CastingAction	LineageEffect.br_event_u006_win10_a	9			2.5	
6479	CastingAction	LineageEffect.mo_ultimate_defence_ta	9			1	
6479	CastingAction	LineageEffect.br_event_u006_win00_a	9			1	
6480	CastingAction	LineageEffect.br_event_u006_win11_a	9			2.5	
6480	CastingAction	LineageEffect.mo_ultimate_defence_ta	9			1	
6480	CastingAction	LineageEffect.br_event_u006_win00_a	9			1	
6481	CastingAction	LineageEffect.br_event_u006_win12_a	9			2.5	
6481	CastingAction	LineageEffect.mo_ultimate_defence_ta	9			1	
6481	CastingAction	LineageEffect.br_event_u006_win00_a	9			1	
6482	CastingAction	LineageEffect.br_event_u006_win13_a	9			2.5	
6482	CastingAction	LineageEffect.mo_ultimate_defence_ta	9			1	
6482	CastingAction	LineageEffect.br_event_u006_win00_a	9			1	
6483	CastingAction	LineageEffect.br_event_u006_win14_a	9			2.5	
6483	CastingAction	LineageEffect.mo_ultimate_defence_ta	9			1	
6483	CastingAction	LineageEffect.br_event_u006_win00_a	9			1	
6484	CastingAction	LineageEffect.br_event_u006_win15_a	9			2.5	
6484	CastingAction						
6484	CastingAction	LineageEffect.br_event_u006_win00_a	9			1	
6485	CastingAction	LineageEffect.br_event_u006_win16_a	9			2.5	
6485	CastingAction	LineageEffect.mo_ultimate_defence_ta	9			1	
6485	CastingAction	LineageEffect.br_event_u006_win00_a	9			1	
6486	CastingAction	LineageEffect.br_event_u006_win17_a	9			2.5	
6486	CastingAction	LineageEffect.mo_ultimate_defence_ta	9			1	
6486	CastingAction	LineageEffect.br_event_u006_win00_a	9			1	
6487	CastingAction	LineageEffect.br_event_u006_win18_a	9			2.5	
6487	CastingAction	LineageEffect.mo_ultimate_defence_ta	9			1	
6487	CastingAction	LineageEffect.br_event_u006_win00_a	9			1	
6488	CastingAction	LineageEffect.br_event_u006_win19_a	9			2.5	
6488	CastingAction	LineageEffect.mo_ultimate_defence_ta	9			1	
6488	CastingAction	LineageEffect.br_event_u006_win00_a	9			1	
6489	CastingAction	LineageEffect.br_event_u006_win20_a	9			2.5	
6489	CastingAction	LineageEffect.mo_ultimate_defence_ta	9			1	
6489	CastingAction	LineageEffect.br_event_u006_win00_a	9			1	
6490	CastingAction	LineageEffect.s_u612_ca_a	9			0.6	
6491	CastingAction	LineageEffect.br_event_u006_lose	9			1.2	
6491	CastingAction	LineageEffect.e_u312_ca	9			1	
6492	CastingAction	LineageEffect.at_fatal_strike_ca	9			0.4	
6492	ShotAction	LineageEffect.s_u804_a_ta	9				
6495	CastingAction	LineageEffect.at_fatal_strike_ca	9			0.4	
6495	ShotAction	LineageEffect.s_u804_a_ta	9				
6498	CastingAction	LineageEffect.at_fatal_strike_ca	9			0.4	
6498	ShotAction	LineageEffect.s_u804_a_ta	9				
6501	CastingAction	LineageEffect.m_u202_ca_a	9			1.4	
6501	ShotAction	LineageEffect.s_u015_b	9				
6504	CastingAction	LineageEffect.at_fatal_strike_ca	9			0.4	
6504	ShotAction	LineageEffect.s_u804_a_ta	9				
6507	CastingAction	LineageEffect.at_fatal_strike_ca	9			0.4	
6507	ShotAction	LineageEffect.s_u804_a_ta	9				
6510	CastingAction	LineageEffect.at_fatal_strike_ca	9			0.4	
6510	ShotAction	LineageEffect.s_u804_a_ta	9				
6513	CastingAction	LineageEffect.at_fatal_strike_ca	9			0.4	
6513	ShotAction	LineageEffect.s_u804_a_ta	9				
6516	CastingAction	LineageEffect.at_fatal_strike_ca	9			0.4	
6516	ShotAction	LineageEffect.s_u804_a_ta	9				
6519	CastingAction	LineageEffect.at_fatal_strike_ca	9			0.4	
6519	ShotAction	LineageEffect.s_u804_a_ta	9				
6522	CastingAction	LineageEffect.at_fatal_strike_ca	9			0.4	
6522	ShotAction	LineageEffect.s_u804_a_ta	9				
6525	CastingAction	LineageEffect.at_fatal_strike_ca	9			0.4	
6525	ShotAction	LineageEffect.s_u804_a_ta	9				
6528	CastingAction	LineageEffect.at_fatal_strike_ca	9			0.4	
6528	ShotAction	LineageEffect.s_u804_a_ta	9				
6531	CastingAction	LineageEffect.at_fatal_strike_ca	9			0.4	
6531	ShotAction	LineageEffect.s_u804_a_ta	9				
6534	CastingAction	LineageEffect.at_fatal_strike_ca	9			0.4	
6534	ShotAction	LineageEffect.s_u804_a_ta	9				
6537	CastingAction	LineageEffect.at_fatal_strike_ca	9			0.4	
6537	ShotAction	LineageEffect.s_u804_a_ta	9				
6540	CastingAction	LineageEffect.at_fatal_strike_ca	9			0.4	
6540	ShotAction	LineageEffect.s_u804_a_ta	9				
6543	CastingAction	LineageEffect.at_fatal_strike_ca	9			0.4	
6543	ShotAction	LineageEffect.s_u804_a_ta	9				
6546	CastingAction	LineageEffect.at_fatal_strike_ca	9			0.4	
6546	ShotAction	LineageEffect.s_u804_a_ta	9				
6549	CastingAction	LineageEffect.at_fatal_strike_ca	9			0.4	
6549	ShotAction	LineageEffect.s_u804_a_ta	9				
6552	CastingAction	LineageEffect.at_fatal_strike_ca	9			0.4	
6552	ShotAction	LineageEffect.s_u804_a_ta	9				
6555	CastingAction	LineageEffect.at_fatal_strike_ca	9			0.4	
6555	ShotAction	LineageEffect.s_u804_a_ta	9				
6556	CastingAction	LineageEffect.el_ice_bolt_ca	9			1	
6556	ShotAction	LineageEffect.el_aqua_swirl_ta	9			1	
6558	CastingAction	LineageEffect.at_fatal_strike_ca	9			0.4	
6558	ShotAction	LineageEffect.s_u804_a_ta	9				
6559	CastingAction	LineageEffect.at_fatal_strike_ca	9			0.4	
6559	ShotAction	LineageEffect.mo_vengence_ra	9			0.4	
6559	ShotAction	LineageEffect.p_u004_a	9				
6561	CastingAction	LineageEffect.at_fatal_strike_ca	9			0.4	
6561	ShotAction	LineageEffect.s_u804_a_ta	9				
6564	CastingAction	LineageEffect.at_fatal_strike_ca	9			0.4	
6564	ShotAction	LineageEffect.s_u804_a_ta	9				
6566	CastingAction	LineageEffect.at_fatal_strike_ca	9			0.4	
6566	ShotAction	LineageEffect.rm_self_blaster_ra	9			1.1	
6567	CastingAction	LineageEffect.at_fatal_strike_ca	9			0.4	
6567	ShotAction	LineageEffect.s_u804_a_ta	9				
6570	CastingAction	LineageEffect.at_fatal_strike_ca	9			0.4	
6570	ShotAction	LineageEffect.s_u804_a_ta	9				
6573	CastingAction	LineageEffect.at_fatal_strike_ca	9			0.4	
6573	ShotAction	LineageEffect.s_u804_a_ta	9				
6576	CastingAction	LineageEffect.at_fatal_strike_ca	9			0.4	
6576	ShotAction	LineageEffect.s_u804_a_ta	9				
6579	CastingAction	LineageEffect.at_fatal_strike_ca	9			0.4	
6579	ShotAction	LineageEffect.s_u804_a_ta	9				
6582	CastingAction	LineageEffect.at_fatal_strike_ca	9			0.4	
6582	ShotAction	LineageEffect.s_u804_a_ta	9				
6585	CastingAction	LineageEffect.at_fatal_strike_ca	9			0.4	
6585	ShotAction	LineageEffect.s_u804_a_ta	9				
6588	CastingAction	LineageEffect.at_fatal_strike_ca	9			0.4	
6588	ShotAction	LineageEffect.s_u804_a_ta	9				
6591	CastingAction	LineageEffect.at_fatal_strike_ca	9			0.4	
6591	ShotAction	LineageEffect.s_u804_a_ta	9				
6594	CastingAction	LineageEffect.at_fatal_strike_ca	9			0.4	
6594	ShotAction	LineageEffect.s_u804_a_ta	9				
6597	CastingAction	LineageEffect.at_fatal_strike_ca	9			0.8	
6597	ShotAction	LineageEffect.z_custom_striking_ta	9				
6598	CastingAction	LineageEffect.at_fatal_strike_ca	9			0.4	
6598	ShotAction	LineageEffect.s_u804_a_ta	9				
6599	CastingAction	LineageEffect.at_fatal_strike_ca	9			0.4	
6599	ShotAction	LineageEffect.at_stun_attack_ta	9		0.2		
6599	ShotAction	LineageEffect.rm_self_blaster_ra	9			0.6	
6600	CastingAction	LineageEffect.at_fatal_strike_ca	9			0.4	
6600	ShotAction	LineageEffect.s_u804_a_ta	9				
6602	CastingAction	LineageEffect.z_buff_c	9			1	
6602	ShotAction	LineageEffect.e_u082_a	9				
6602	ShotAction	LineageEffect.z_dummy_quake_1s	9			1	
6602	ShotAction	LineageEffect.z_dummy_quake_1s	9		1.5	0.5	
6603	CastingAction	LineageEffect.at_fatal_strike_ca	9			0.4	
6603	ShotAction	LineageEffect.s_u804_a_ta	9				
6606	CastingAction	LineageEffect.at_fatal_strike_ca	9			0.4	
6606	ShotAction	LineageEffect.s_u804_a_ta	9				
6608	CastingAction	LineageEffect.e_u608_deco	7	Bow Bone		0.15	
6608	CastingAction	LineageEffect.e_u608_ca	9				
6608	ShotAction	LineageEffect.e_u608_ra	9			0.18	
6608	ShotAction	LineageEffect.e_u524_a	9			0.06	
6608	ShotAction	LineageEffect.e_u608_ta	1				
6608	ShotAction	LineageEffect.e_u608_ra	9		0.5		
6609	CastingAction	LineageEffect.at_fatal_strike_ca	9			0.4	
6609	ShotAction	LineageEffect.s_u804_a_ta	9				
6610	CastingAction	LineageEffect.at_fatal_strike_ca	9			1	
6610	ShotAction	LineageEffect.s_u804_a_ta	9				
6611	CastingAction	LineageEffect.z_common_buff_f	9			1	
6611	ShotAction	LineageEffect.s_u804_a_ta	9				
6612	CastingAction	LineageEffect.at_fatal_strike_ca	9			0.4	
6612	ShotAction	LineageEffect.s_u804_a_ta	9				
6615	CastingAction	LineageEffect.at_fatal_strike_ca	9			0.4	
6615	ShotAction	LineageEffect.s_u804_a_ta	9				
6618	CastingAction	LineageEffect.z_common_buff_d	9			0.6	
6618	ShotAction	LineageEffect.mo_focus_sonic_ta	9			0.5	
6619	CastingAction	LineageEffect.z_common_buff_d	9			0.6	
6619	ShotAction	LineageEffect.mo_focus_sonic_ta	9			0.5	
6620	CastingAction	LineageEffect.su_focus_ta	9			0.8	
6621	CastingAction	LineageEffect.su_focus_ta	9			0.8	
6622	CastingAction	LineageEffect.z_debuff_b	9			0.7	
6622	CastingAction	LineageEffect.z_shockwave_d	9			0.5	
6623	CastingAction	LineageEffect.e_u329_ta_A	9			0.2	
6623	CastingAction	LineageEffect.su_focus_ta	9			0.8	
6624	CastingAction	LineageEffect.z_debuff_b	9			0.7	
6625	CastingAction	LineageEffect.it_healing_potion_ta	9			1	
6626	CastingAction	LineageEffect.it_healing_potion_ta	9			1	
6627	CastingAction	LineageEffect.it_healing_potion_ta	9			1	
6628	CastingAction	LineageEffect.it_quick_step_potion_ta	9			1	
6629	CastingAction	LineageEffect.it_quick_step_potion_ta	9			1	
6630	CastingAction	LineageEffect.it_quick_step_potion_ta	9			1	
6631	CastingAction	LineageEffect.it_healing_potion_ta	9			1	
6632	CastingAction	LineageEffect.it_quick_step_potion_ta	9			1	
6633	CastingAction	LineageEffect.it_healing_potion_ta	9			1	
6634	CastingAction	LineageEffect.it_quick_step_potion_ta	9			1	
6635	CastingAction	LineageEffect.it_healing_potion_ta	9			1	
6636	CastingAction	LineageEffect.it_quick_step_potion_ta	9			1	
6637	CastingAction	LineageEffect.it_healing_potion_ta	9			1	
6638	CastingAction	LineageEffect.it_quick_step_potion_ta	9			1	
6639	CastingAction	LineageEffect.it_quick_step_potion_ta	9			1	
6640	CastingAction	LineageEffect.it_quick_step_potion_ta	9			1	
6641	CastingAction	LineageEffect.z_jinia_ca	9			1	
6641	CastingAction	LineageEffect.z_jinia_sub_ca	9			1	
6641	ShotAction	LineageEffect.z_jinia_heavy_ta	9				
6642	CastingAction	LineageEffect.z_kegor_dash	9		0.2	0.7	
6642	CastingAction	LineageEffect.z_kegor_trail_cloud	9		0.2	1	
6642	ShotAction	LineageEffect.z_kegor_trail_ta	9		0.2	0.7	
6642	ShotAction	LineageEffect.z_Slash_ta	9			1	
6643	CastingAction	LineageEffect.z_common_buff_f	9			1	
6643	CastingAction	LineageEffect.z_common_buff_f	9			1	
6643	ShotAction	LineageEffect.z_Slash_ta	9				
6645	CastingAction	LineageEffect.z_common_short_ca	9			1	
6646	CastingAction	LineageEffect.s_u002_a	9			1.8	
6647	CastingAction	LineageEffect.z_common_short_ca	9			1	
6648	CastingAction	LineageEffect.z_buff_c	9				
6649	CastingAction	LineageEffect.z_seed_reptiles_ent	9			0.7	
6650	CastingAction	LineageEffect.z_unholy_hp_down	9			0.8	
6651	CastingAction	LineageEffect.z_unholy_hp_down	9			0.8	
6656	CastingAction	LineageEffect.z_casting_fire_ca	9			1	
6656	CastingAction	LineageEffect.z_casting_fire_ca	9		0.5	1.5	
6656	ShotAction	LineageEffect.e_u105_fl				1	
6656	ExplosionAction	LineageEffect.s_u524_ta	9			2.2	
6657	CastingAction	LineageEffect.z_lizard_beserker_ca	9			0.8	
6657	ShotAction	LineageEffect.wh_regeneration_ta	9				
6662	CastingAction	LineageEffect.su_empower_ta	9			1	
6666	ShotAction	LineageEffect.wh_regeneration_ta	9				
6667	ShotAction	LineageEffect.wh_regeneration_ta	9				
6668	ShotAction	LineageEffect.su_focus_ta	9				
6669	ShotAction	LineageEffect.wh_regeneration_ta	9				
6670	ShotAction	LineageEffect.wh_regeneration_ta	9				
6671	ShotAction	LineageEffect.wh_regeneration_ta	9				
6672	ShotAction	LineageEffect.wh_regeneration_ta	9				
6673	CastingAction	LineageEffect.z_noblesse_ca	9				
6674	CastingAction	LineageEffect.wh_regeneration_ta	9				
6674	CastingAction	LineageEffect.d_bluestrong_ca	9				
6674	CastingAction	LineageEffect.d_blueup_ca	9		0.5		
6674	CastingAction	LineageEffect.z_common_short_ca	9			1	
6674	CastingAction	LineageEffect.mo_war_cry_ta	9		0.15	1	
6674	CastingAction	LineageEffect.mo_war_cry_ta	9		0.25	1	
6674	CastingAction	LineageEffect.mo_war_cry_ta	9		0.4	1	
6674	CastingAction	LineageEffect.mo_war_cry_ta	9		0.5	1	
6674	CastingAction	LineageEffect.wh_regeneration_ta	9		0.3		
6675	ShotAction	LineageEffect.s_u524_ta	9		0.2	2.2	
6675	ShotAction	LineageEffect.z_shockwave_a_ra	9			1.5	
6676	CastingAction	LineageEffect.z_common_buff_f	9			1	
6676	ShotAction	LineageEffect.s_u804_a_ta	9				
6679	CastingAction	LineageEffect.z_common_buff_f	9			1	
6679	ShotAction	LineageEffect.s_u804_a_ta	9				
6681	CastingAction	LineageEffect.su_focus_ta	9			0.5	
6681	CastingAction	LineageEffect.m_u010_a				1	
6681	ShotAction	LineageEffect.m_u010_c	9				
6682	CastingAction	LineageEffect.su_focus_ta	9			0.8	
6682	CastingAction	LineageEffect.m_u010_a				1	
6682	ShotAction	LineageEffect.m_u010_c	9				
6685	CastingAction	LineageEffect.e_u204_aga_ca	9				
6685	CastingAction	LineageEffect.z_art_test	9				
6688	CastingAction	LineageEffect.z_soup_failure	9			0.5	
6688	ShotAction	LineageEffect.z_soup_failure_ta	9			0.6	
6689	CastingAction	LineageEffect.m_u003_a	9			1	
6689	CastingAction	LineageEffect.z_common_buff_d	9			1	
6689	ShotAction	LineageEffect.m_u003_c	9			1	
6689	ShotAction	LineageEffect.m_u003_b					
6689	ShotAction	LineageEffect.m_u003_b					
6690	CastingAction	LineageEffect.m_u013_a	9			1.2	
6690	ShotAction	LineageEffect.sp_dryad_root_ta	9				
6690	ShotAction	LineageEffect.z_ice_knight_buff	9			1	
6690	ShotAction	LineageEffect.mo_focus_sonic_ta	9			1	
6691	CastingAction	LineageEffect.s_u010_a	9			1	
6691	CastingAction	LineageEffect.z_common_buff_e	9			1.4	
6691	ShotAction	LineageEffect.p_u004_a	9				
6692	CastingAction	LineageEffect.at_fatal_strike_ca	9			1	
6692	CastingAction	LineageEffect.z_cast_red_ca	9			1	
6692	ShotAction	LineageEffect.p_u004_a	9				
6692	ShotAction	LineageEffect.z_shockwave_a_ra				1	
6696	CastingAction	LineageEffect.z_quest_complete_event_c	9			1	
6766	CastingAction	LineageEffect.s_u821_ca	9				
6766	CastingAction	LineageEffect.s_u612_ca_a	9		1	0.25	
6766	CastingAction	LineageEffect.ph_hate_ta	9		2.5	1	
6766	ShotAction	LineageEffect.s_u820_magic_fl				1	
6766	ExplosionAction	LineageEffect.s_u804_a_ta	9				
6767	CastingAction	LineageEffect.at_shock_blast_ca	9			1	
6767	ShotAction	LineageEffect.at_shock_blast_ra	9				
6767	ShotAction	LineageEffect.at_shock_blast_ta	9				
6818	CastingAction	LineageEffect.s_u202_event_cow	9			0.45	
6818	CastingAction	LineageEffect.s_u202_event_cow	9		0.8	0.75	
6834	CastingAction	LineageEffect.at_shock_blast_ca	9			1	
6834	ShotAction	LineageEffect.at_shock_blast_ra	9				
6834	ShotAction	LineageEffect.at_shock_blast_ta	9				
6837	CastingAction	LineageEffect.at_shock_blast_ca	9			1	
6837	ShotAction	LineageEffect.at_shock_blast_ra	9				
6837	ShotAction	LineageEffect.at_shock_blast_ta	9				
6920	CastingAction	LineageEffect.z_common_buff_e	9				
6920	CastingAction	LineageEffect.su_focus_ta	9				
7065	CastingAction	LineageEffect.s_u810_charge_test_d					
7065	CastingAction	LineageEffect.s_u810_charge_test_d			0.15		
7065	CastingAction	LineageEffect.s_u810_charge_test_d			0.3		
7065	CastingAction	LineageEffect.s_u810_charge_test_d			0.45		
7065	CastingAction	LineageEffect.s_u810_charge_test_d			0.55		
7065	CastingAction	LineageEffect.s_u810_charge_test_d			0.65		
7070	CastingAction	LineageEffect.s_u809_absorb_soul_ca	9			2	
7070	CastingAction	LineageEffect.s_u809_absorb_soul_ta	9		2.25	2	
7083	CastingAction	LineageEffect.e_u833_landtrap_fire_test			0.1		
7083	CastingAction	LineageEffect.e_u833_landtrap_fire_test					
7083	CastingAction	LineageEffect.e_u833_landtrap_fire_test					
7083	CastingAction	LineageEffect.e_u833_landtrap_fire_test			0.2		
7083	CastingAction	LineageEffect.e_u833_landtrap_fire_test					
7083	CastingAction	LineageEffect.e_u833_landtrap_fire_test			0.2		
7083	CastingAction	LineageEffect.e_u833_landtrap_fire_test					
7083	CastingAction	LineageEffect.e_u833_landtrap_fire_test					
7083	CastingAction	LineageEffect.e_u833_landtrap_fire_test			0.1		
8238	CastingAction	LineageEffect.mo_iron_will_ca	9			1	
8238	CastingAction	LineageEffect.RibbonSet_sword	2				
8238	ShotAction	LineageEffect.el_aqua_swirl_ta	9				
8242	CastingAction	LineageEffect.el_ice_dagger_ca	9			1	
8242	ShotAction	LineageEffect.el_aqua_swirl_fl					
8242	ShotAction	LineageEffect.el_aqua_swirl_pt	9			1	
8242	ExplosionAction	LineageEffect.el_aqua_swirl_ta	9			1	
8247	CastingAction	LineageEffect.s_u833_transform				0.8	
8357	CastingAction	LineageEffect.s_u202_charge	9				
8357	CastingAction	LineageEffect.RibbonSet_sword	2				
8357	ShotAction	LineageEffect.s_u202_insane	9				
8357	ShotAction	LineageEffect.s_u822_enuma_cs	9			0.5	
8362	CastingAction	LineageEffect.s_u837_ca	9				
8362	ShotAction	LineageEffect.s_u837_ta_a	9				
8362	ShotAction	LineageEffect.s_u837_ta_head	9				
8362	ShotAction	LineageEffect.z_ringwave_b	9			2	
8363	CastingAction	LineageEffect.at_fatal_strike_ca	9			0.4	
8363	ShotAction	LineageEffect.s_u804_a_ta	9				
8364	CastingAction	LineageEffect.at_fatal_strike_ca	9			0.4	
8364	ShotAction	LineageEffect.s_u804_a_ta	9				
8378	CastingAction	LineageEffect.z_common_short2_ca	9			1	
8888	ShotAction	LineageEffect.e_u541_cannon_shot	7	Dummy11			
8888	ShotAction	LineageEffect.e_u541_cannon_fl		Dummy11			
8888	ExplosionAction	LineageEffect.e_u541_big_ta	1				
9049	CastingAction	LineageEffect.z_common_short_ca	9			1	
9049	ShotAction	LineageEffect.z_beast_fl_a				2	
9049	ExplosionAction	LineageEffect.z_beast_ta_b	9				
9050	CastingAction	LineageEffect.z_common_short_ca	9			1	
9050	ShotAction	LineageEffect.z_beast_fl_b					
9050	ExplosionAction	LineageEffect.z_beast_ta	9				
9051	CastingAction	LineageEffect.z_common_short_ca	9			1	
9051	ShotAction	LineageEffect.z_beast_fl_a				2	
9051	ExplosionAction	LineageEffect.z_beast_ta_b	9				
9052	CastingAction	LineageEffect.z_common_short_ca	9			1	
9052	ShotAction	LineageEffect.z_beast_fl_b					
9052	ExplosionAction	LineageEffect.z_beast_ta	9				
9053	CastingAction	LineageEffect.z_common_short_ca	9			1	
9053	ShotAction	LineageEffect.z_beast_fl_a				1.5	
9053	ExplosionAction	LineageEffect.z_beast_ta_b	9				
9054	CastingAction	LineageEffect.z_common_short_ca	9			1	
9054	ShotAction	LineageEffect.z_beast_fl_b					
9054	ExplosionAction	LineageEffect.z_beast_ta	9				
9055	CastingAction	LineageEffect.z_common_short_ca	9			0.8	
9056	CastingAction	LineageEffect.z_common_short_ca	9			0.8	
9057	CastingAction	LineageEffect.z_common_short_ca	9			1	
9057	ShotAction	LineageEffect.z_body_obit_10s	9			1	
9057	ShotAction	LineageEffect.z_freezing_buff	9			0.5	
9058	ShotAction	LineageEffect.z_body_obit_10s	9			1	
9058	ShotAction	LineageEffect.z_freezing_buff	9				
9059	ShotAction	LineageEffect.z_common_short_ca	9			1	
9060	CastingAction	LineageEffect.su_haste_ta	9			0.7	
9075	CastingAction	LineageEffect.z_common_short_ca	9			-1	
9079	CastingAction	LineageEffect.z_common_short_ca	9			1	
9079	CastingAction	LineageEffect.su_haste_ta	9				
9149	CastingAction	LineageEffect.z_event_complete_a	9			1	
9150	CastingAction	LineageEffect.e_u300_heart_ca	9				
9150	ShotAction	LineageEffect.e_u300_cow_fl					
9150	ExplosionAction	LineageEffect.e_u300_heart_ta	9				
9150	ExplosionAction	LineageEffect.z_event_star	9			1	
9151	CastingAction	LineageEffect.e_u300_heart_ca	9				
9151	ShotAction	LineageEffect.e_u300_cow_fl					
9151	ExplosionAction	LineageEffect.e_u300_heart_ta	9				
9152	CastingAction	LineageEffect.e_u300_heart_ca	9				
9152	ShotAction	LineageEffect.e_u300_cow_fl					
9152	ExplosionAction	LineageEffect.e_u300_heart_ta	9				
9152	ExplosionAction	LineageEffect.z_event_star	9			1	
9153	CastingAction	LineageEffect.d_twinkleage_star	7	Bip01 Spine1		3	
9153	CastingAction	LineageEffect.d_twinkleage_star	7	Bip01 Spine1	0.5		
9153	CastingAction	LineageEffect.d_twinkleage_star	7	Bip01 Spine1		3	
9153	CastingAction	LineageEffect.d_twinkleage_star	7	Bip01 Spine1	0.5		
9153	CastingAction	LineageEffect.d_twinkleage_star	7	Bip01 Spine1		3	
9153	CastingAction	LineageEffect.d_twinkleage_star	7	Bip01 Spine1	0.5		
9153	CastingAction	LineageEffect.e_u300_heart_ca	9				
9153	ShotAction	LineageEffect.e_u300_cow_fl					
9153	ExplosionAction	LineageEffect.e_u300_heart_ta	9				
9154	CastingAction	LineageEffect.e_u300_heart_ca	9				
9154	ShotAction	LineageEffect.e_u300_cow_fl					
9154	ExplosionAction	LineageEffect.e_u300_heart_ta	9				
9154	ExplosionAction	LineageEffect.z_event_star	9			1	
9155	CastingAction	LineageEffect.e_u300_heart_ca	9				
9155	ShotAction	LineageEffect.e_u300_cow_fl					
9155	ExplosionAction	LineageEffect.e_u300_heart_ta	9				
9156	CastingAction	LineageEffect.e_u300_heart_ca	9				
9156	ShotAction	LineageEffect.e_u300_cow_fl					
9156	ExplosionAction	LineageEffect.e_u300_heart_ta	9				
9156	ExplosionAction	LineageEffect.z_event_star	9			1	
9157	CastingAction	LineageEffect.e_u300_heart_ca	9				
9157	ShotAction	LineageEffect.mo_war_cry_ta	9			1.2	
9157	ShotAction	LineageEffect.mo_vengence_ra	9			0.8	
9157	ShotAction	LineageEffect.e_u300_cow_fl					
9157	ExplosionAction	LineageEffect.e_u300_heart_ta	9				
9999	CastingAction	LineageEffect.z_common_buff_d	9			0.6	
9999	CastingAction	LineageEffect.z_new_hp_heal_green	9			0.6	
9999	CastingAction	LineageEffect.z_common_short_ca	9		0.5	1	
9999	ShotAction	LineageEffect.mo_focus_sonic_ta	9			0.5	
20016	CastingAction	LineageEffect.e_u091_a	9				
20017	CastingAction	LineageEffect.it_zariche_levelup	2				
20018	CastingAction	LineageEffect.e_u540_levelup	2				
20018	CastingAction	LineageEffect.e_u540_levelup	3				
22099	CastingAction	LineageEffect.wh_heal_ca	9				
22099	ShotAction	LineageEffect.br_e_u037_silverpaper	9			1	
22100	CastingAction	LineageEffect.wh_heal_ca	9				
22100	ShotAction	LineageEffect.br_e_u037_incense	9			1	
22131	CastingAction	LineageEffect.br_e_u077_fire_blue	9			1	
22131	CastingAction	LineageEffect.br_e_u077_fire_gold	9			1	
22131	CastingAction	LineageEffect.br_e_u077_fire_pink	9			1	
22131	CastingAction	LineageEffect.br_e_u077_fire_red	9			1	
22131	CastingAction	LineageEffect.br_e_u077_fire_whitesilver	9			1	
23019	CastingAction	LineageEffect.br_s_u003_gawi	9			3.8	
23019	CastingAction	LineageEffect.br_s_u003_bawi	9			3.8	
23019	CastingAction	LineageEffect.br_s_u003_bo	9			3.8	
23021	CastingAction	LineageEffect.br_s_u004_gawi	9			0.6	
23021	CastingAction	LineageEffect.br_s_u004_end	9		5	0.6	
23021	CastingAction	LineageEffect.br_s_u004_bawi	9			0.6	
23021	CastingAction	LineageEffect.br_s_u004_end	9		5	0.6	
23021	CastingAction	LineageEffect.br_s_u004_bo	9			0.6	
23021	CastingAction	LineageEffect.br_s_u004_end	9		5	0.6	
23021	CastingAction	LineageEffect.br_s_u006_start	9			1	
23021	CastingAction	LineageEffect.br_s_u006_pumkin0	9		2	0.9	
23021	CastingAction						
23021	CastingAction	LineageEffect.br_s_u006_win	9		6	0.9	
23021	CastingAction	LineageEffect.br_s_u006_start	9			1	
23021	CastingAction	LineageEffect.br_s_u006_pumkin1	9		2	0.9	
23021	CastingAction						
23021	CastingAction	LineageEffect.br_s_u006_win	9		6	0.9	
23021	CastingAction	LineageEffect.br_s_u006_pumkin0	9			1.15	
23021	CastingAction	LineageEffect.br_s_u006_win	9		6.5	1.3	
23021	CastingAction	LineageEffect.br_s_u006_pumkin1	9			1.15	
23021	CastingAction	LineageEffect.br_s_u006_win	9		6.5	1.3	
23021	CastingAction	LineageEffect.br_s_u006_lose	9			1.3	
23021	CastingAction	LineageEffect.br_s_u002_ca	9			1	
23021	CastingAction						
23021	CastingAction	LineageEffect.br_s_u006_win01	9			2.5	
23021	CastingAction	LineageEffect.it_antidote_ta	9			1	
23021	CastingAction	LineageEffect.br_s_u006_win00	9			1	
23021	CastingAction	LineageEffect.br_s_u006_win02	9			2.5	
23021	CastingAction	LineageEffect.it_antidote_ta	9			1	
23021	CastingAction	LineageEffect.br_s_u006_win00	9			1	
23021	CastingAction	LineageEffect.br_s_u006_win03	9			2.5	
23021	CastingAction	LineageEffect.it_antidote_ta	9			1	
23021	CastingAction	LineageEffect.br_s_u006_win00	9			1	
23021	CastingAction	LineageEffect.br_s_u006_win04	9			2.5	
23021	CastingAction	LineageEffect.it_antidote_ta	9			1	
23021	CastingAction	LineageEffect.br_s_u006_win00	9			1	
23021	CastingAction	LineageEffect.br_s_u006_win05	9			2.5	
23021	CastingAction	LineageEffect.mo_ultimate_defence_ta	9				
23021	CastingAction	LineageEffect.br_s_u006_win00	9			1	
23021	CastingAction	LineageEffect.br_s_u006_win06	9			2.5	
23021	CastingAction	LineageEffect.mo_ultimate_defence_ta	9			1	
23021	CastingAction	LineageEffect.br_s_u006_win00	9			1	
23021	CastingAction	LineageEffect.br_s_u006_win07	9			2.5	
23021	CastingAction	LineageEffect.mo_ultimate_defence_ta	9				
23021	CastingAction	LineageEffect.br_s_u006_win00	9			1	
23021	CastingAction	LineageEffect.br_s_u006_win08	9			2.5	
23021	CastingAction	LineageEffect.mo_ultimate_defence_ta	9				
23021	CastingAction	LineageEffect.br_s_u006_win00	9			1	
23021	CastingAction	LineageEffect.br_s_u006_win09	9			2.5	
23021	CastingAction	LineageEffect.mo_ultimate_defence_ta	9			1	
23021	CastingAction	LineageEffect.br_s_u006_win00	9			1	
23021	CastingAction	LineageEffect.br_s_u006_win10	9			2.5	
23021	CastingAction	LineageEffect.mo_ultimate_defence_ta	9			1	
23021	CastingAction	LineageEffect.br_s_u006_win00	9			1	
23021	CastingAction	LineageEffect.br_s_u006_win11	9			2.5	
23021	CastingAction	LineageEffect.mo_ultimate_defence_ta	9			1	
23021	CastingAction	LineageEffect.br_s_u006_win00	9			1	
23021	CastingAction	LineageEffect.br_s_u006_win12	9			2.5	
23021	CastingAction	LineageEffect.mo_ultimate_defence_ta	9			1	
23021	CastingAction	LineageEffect.br_s_u006_win00	9			1	
23021	CastingAction	LineageEffect.br_s_u006_win13	9			2.5	
23021	CastingAction	LineageEffect.mo_ultimate_defence_ta	9			1	
23021	CastingAction	LineageEffect.br_s_u006_win00	9			1	
23021	CastingAction	LineageEffect.br_s_u006_win14	9			2.5	
23021	CastingAction	LineageEffect.mo_ultimate_defence_ta	9			1	
23021	CastingAction	LineageEffect.br_s_u006_win00	9			1	
23021	CastingAction	LineageEffect.br_s_u006_win15	9			2.5	
23021	CastingAction						
23021	CastingAction	LineageEffect.br_s_u006_win00	9			1	
23021	CastingAction	LineageEffect.br_s_u006_win16	9			2.5	
23021	CastingAction	LineageEffect.mo_ultimate_defence_ta	9			1	
23021	CastingAction	LineageEffect.br_s_u006_win00	9			1	
23021	CastingAction	LineageEffect.br_s_u006_win17	9			2.5	
23021	CastingAction	LineageEffect.mo_ultimate_defence_ta	9			1	
23021	CastingAction	LineageEffect.br_s_u006_win00	9			1	
23021	CastingAction	LineageEffect.br_s_u006_win18	9			2.5	
23021	CastingAction	LineageEffect.mo_ultimate_defence_ta	9			1	
23021	CastingAction	LineageEffect.br_s_u006_win00	9			1	
23021	CastingAction	LineageEffect.br_s_u006_win19	9			2.5	
23021	CastingAction	LineageEffect.mo_ultimate_defence_ta	9			1	
23021	CastingAction	LineageEffect.br_s_u006_win00	9			1	
23021	CastingAction	LineageEffect.br_s_u006_win20	9			2.5	
23021	CastingAction	LineageEffect.mo_ultimate_defence_ta	9			1	
23021	CastingAction	LineageEffect.br_s_u006_win00	9			1	
23021	CastingAction						
23021	CastingAction	LineageEffect.s_u612_ca_a	9			0.6	
23022	CastingAction	LineageEffect.br_s_u001_ca	9			1.7	
23022	CastingAction	LineageEffect.br_s_u005_ca	9			1	
23023	CastingAction	LineageEffect.br_s_u002_ca	9			1.5	
500701	CastingAction	LineageEffect.mb_frintessa_organ_heal	1				
500701	CastingAction	LineageEffect.mb_frintessa_organ_heal	1				
500701	CastingAction	LineageEffect.mb_frintessa_organ_heal	1				
500701	CastingAction	LineageEffect.mb_frintessa_organ_heal	1				
500701	CastingAction	LineageEffect.mb_frintessa_organ_heal	1				
500701	CastingAction	LineageEffect.mb_frintessa_organ_heal	1				
500701	CastingAction	LineageEffect.mb_frintessa_organ_heal	1				
500701	CastingAction	LineageEffect.mb_frintessa_organ_heal	1				
500701	CastingAction	LineageEffect.mb_frintessa_organ_heal	1				
500701	CastingAction	LineageEffect.mb_frintessa_organ_heal	1				
500702	CastingAction	LineageEffect.mb_frintessa_organ_rampage	1				
500702	CastingAction	LineageEffect.mb_frintessa_organ_rampage	1				
500702	CastingAction	LineageEffect.mb_frintessa_organ_rampage	1				
500702	CastingAction	LineageEffect.mb_frintessa_organ_rampage	1				
500702	CastingAction	LineageEffect.mb_frintessa_organ_rampage	1				
500702	CastingAction	LineageEffect.mb_frintessa_organ_rampage	1				
500702	CastingAction	LineageEffect.mb_frintessa_organ_rampage	1				
500702	CastingAction	LineageEffect.mb_frintessa_organ_rampage	1				
500702	CastingAction	LineageEffect.mb_frintessa_organ_rampage	1				
500702	CastingAction	LineageEffect.mb_frintessa_organ_rampage	1				
500703	CastingAction	LineageEffect.mb_frintessa_organ_psycho	1				
500703	CastingAction	LineageEffect.mb_frintessa_organ_psycho	1				
500703	CastingAction	LineageEffect.mb_frintessa_organ_psycho	1				
500703	CastingAction	LineageEffect.mb_frintessa_organ_psycho	1				
500703	CastingAction	LineageEffect.mb_frintessa_organ_psycho	1				
500703	CastingAction	LineageEffect.mb_frintessa_organ_psycho	1				
500703	CastingAction	LineageEffect.mb_frintessa_organ_psycho	1				
500703	CastingAction	LineageEffect.mb_frintessa_organ_psycho	1				
500703	CastingAction	LineageEffect.mb_frintessa_organ_psycho	1				
500703	CastingAction	LineageEffect.mb_frintessa_organ_psycho	1				
500704	CastingAction	LineageEffect.mb_frintessa_organ_plague	1				
500704	CastingAction	LineageEffect.mb_frintessa_organ_plague	1				
500704	CastingAction	LineageEffect.mb_frintessa_organ_plague	1				
500704	CastingAction	LineageEffect.mb_frintessa_organ_plague	1				
500704	CastingAction	LineageEffect.mb_frintessa_organ_plague	1				
500704	CastingAction	LineageEffect.mb_frintessa_organ_plague	1				
500704	CastingAction	LineageEffect.mb_frintessa_organ_plague	1				
500704	CastingAction	LineageEffect.mb_frintessa_organ_plague	1				
500704	CastingAction	LineageEffect.mb_frintessa_organ_plague	1				
500704	CastingAction	LineageEffect.mb_frintessa_organ_plague	1				
